"Code département";"Libellé département";"Code secteur";"Libellé secteur";"Code BV";"Inscrits";"Votants";"% Votants";"Abstentions";"% Abstentions";"Exprimés";"% Exprimés/inscrits";"% Exprimés/votants";"Blancs";"% Blancs/inscrits";"% Blancs/votants";"Nuls";"% Nuls/inscrits";"% Nuls/votants";"Numéro de panneau 1";"Nom candidat 1";"Prénom candidat 1";"Sexe candidat 1";"Nuance liste 1";"Libellé abrégé de liste 1";"Libellé de liste 1";"Voix 1";"% Voix/inscrits 1";"% Voix/exprimés 1";"Elu 1";"Sièges 1";"Numéro de panneau 2";"Nom candidat 2";"Prénom candidat 2";"Sexe candidat 2";"Nuance liste 2";"Libellé abrégé de liste 2";"Libellé de liste 2";"Voix 2";"% Voix/inscrits 2";"% Voix/exprimés 2";"Elu 2";"Sièges 2";"Numéro de panneau 3";"Nom candidat 3";"Prénom candidat 3";"Sexe candidat 3";"Nuance liste 3";"Libellé abrégé de liste 3";"Libellé de liste 3";"Voix 3";"% Voix/inscrits 3";"% Voix/exprimés 3";"Elu 3";"Sièges 3";"Numéro de panneau 4";"Nom candidat 4";"Prénom candidat 4";"Sexe candidat 4";"Nuance liste 4";"Libellé abrégé de liste 4";"Libellé de liste 4";"Voix 4";"% Voix/inscrits 4";"% Voix/exprimés 4";"Elu 4";"Sièges 4"
"13";"Bouches-du-Rhône";"13055SR01";"Marseille Secteur 1";"0101";"1258";"598";"47,54%";"660";"52,46%";"591";"46,98%";"98,83%";"2";"0,16%";"0,33%";"5";"0,40%";"0,84%";"1";"BARLES";"Sébastien";"M";"LFI";"FIERE ET POPULAIRE";"MARSEILLE FIERE ET POPULAIRE AVEC SEBASTIEN DELOGU 1e ET 7e ARRONDISSEMENTS";"251";"19,95%";"42,47%";"";"2";"2";"CAMARD";"Sophie";"F";"LUG";"la gauche, les écologistes et les citoyens rassemblés";"Pour Marseille, le 1er et 7e arrondissement, la gauche, les écologistes et les citoyens rassemblés";"282";"22,42%";"47,72%";"";"19";"3";"PARODI";"Clémence";"F";"LRN";"MARSEILLE EN ORDRE 1er & 7ème";"MARSEILLE EN ORDRE 1er & 7ème";"42";"3,34%";"7,11%";"";"3";"4";"SIMMARANO";"Romain";"M";"LDVD";"MARSEILLE JE T'AIME";"MARSEILLE JE T'AIME 1/7 AVEC ROMAIN SIMMARANO";"16";"1,27%";"2,71%";"";"1"
"13";"Bouches-du-Rhône";"13055SR01";"Marseille Secteur 1";"0102";"950";"497";"52,32%";"453";"47,68%";"491";"51,68%";"98,79%";"3";"0,32%";"0,60%";"3";"0,32%";"0,60%";"1";"BARLES";"Sébastien";"M";"LFI";"FIERE ET POPULAIRE";"MARSEILLE FIERE ET POPULAIRE AVEC SEBASTIEN DELOGU 1e ET 7e ARRONDISSEMENTS";"154";"16,21%";"31,36%";"";"2";"2";"CAMARD";"Sophie";"F";"LUG";"la gauche, les écologistes et les citoyens rassemblés";"Pour Marseille, le 1er et 7e arrondissement, la gauche, les écologistes et les citoyens rassemblés";"245";"25,79%";"49,90%";"";"19";"3";"PARODI";"Clémence";"F";"LRN";"MARSEILLE EN ORDRE 1er & 7ème";"MARSEILLE EN ORDRE 1er & 7ème";"69";"7,26%";"14,05%";"";"3";"4";"SIMMARANO";"Romain";"M";"LDVD";"MARSEILLE JE T'AIME";"MARSEILLE JE T'AIME 1/7 AVEC ROMAIN SIMMARANO";"23";"2,42%";"4,68%";"";"1"
"13";"Bouches-du-Rhône";"13055SR01";"Marseille Secteur 1";"0104";"1070";"444";"41,50%";"626";"58,50%";"438";"40,93%";"98,65%";"3";"0,28%";"0,68%";"3";"0,28%";"0,68%";"1";"BARLES";"Sébastien";"M";"LFI";"FIERE ET POPULAIRE";"MARSEILLE FIERE ET POPULAIRE AVEC SEBASTIEN DELOGU 1e ET 7e ARRONDISSEMENTS";"197";"18,41%";"44,98%";"";"2";"2";"CAMARD";"Sophie";"F";"LUG";"la gauche, les écologistes et les citoyens rassemblés";"Pour Marseille, le 1er et 7e arrondissement, la gauche, les écologistes et les citoyens rassemblés";"206";"19,25%";"47,03%";"";"19";"3";"PARODI";"Clémence";"F";"LRN";"MARSEILLE EN ORDRE 1er & 7ème";"MARSEILLE EN ORDRE 1er & 7ème";"22";"2,06%";"5,02%";"";"3";"4";"SIMMARANO";"Romain";"M";"LDVD";"MARSEILLE JE T'AIME";"MARSEILLE JE T'AIME 1/7 AVEC ROMAIN SIMMARANO";"13";"1,21%";"2,97%";"";"1"
"13";"Bouches-du-Rhône";"13055SR01";"Marseille Secteur 1";"0121";"1360";"706";"51,91%";"654";"48,09%";"698";"51,32%";"98,87%";"4";"0,29%";"0,57%";"4";"0,29%";"0,57%";"1";"BARLES";"Sébastien";"M";"LFI";"FIERE ET POPULAIRE";"MARSEILLE FIERE ET POPULAIRE AVEC SEBASTIEN DELOGU 1e ET 7e ARRONDISSEMENTS";"178";"13,09%";"25,50%";"";"2";"2";"CAMARD";"Sophie";"F";"LUG";"la gauche, les écologistes et les citoyens rassemblés";"Pour Marseille, le 1er et 7e arrondissement, la gauche, les écologistes et les citoyens rassemblés";"374";"27,50%";"53,58%";"";"19";"3";"PARODI";"Clémence";"F";"LRN";"MARSEILLE EN ORDRE 1er & 7ème";"MARSEILLE EN ORDRE 1er & 7ème";"117";"8,60%";"16,76%";"";"3";"4";"SIMMARANO";"Romain";"M";"LDVD";"MARSEILLE JE T'AIME";"MARSEILLE JE T'AIME 1/7 AVEC ROMAIN SIMMARANO";"29";"2,13%";"4,15%";"";"1"
"13";"Bouches-du-Rhône";"13055SR01";"Marseille Secteur 1";"0122";"1531";"755";"49,31%";"776";"50,69%";"749";"48,92%";"99,21%";"3";"0,20%";"0,40%";"3";"0,20%";"0,40%";"1";"BARLES";"Sébastien";"M";"LFI";"FIERE ET POPULAIRE";"MARSEILLE FIERE ET POPULAIRE AVEC SEBASTIEN DELOGU 1e ET 7e ARRONDISSEMENTS";"263";"17,18%";"35,11%";"";"2";"2";"CAMARD";"Sophie";"F";"LUG";"la gauche, les écologistes et les citoyens rassemblés";"Pour Marseille, le 1er et 7e arrondissement, la gauche, les écologistes et les citoyens rassemblés";"390";"25,47%";"52,07%";"";"19";"3";"PARODI";"Clémence";"F";"LRN";"MARSEILLE EN ORDRE 1er & 7ème";"MARSEILLE EN ORDRE 1er & 7ème";"76";"4,96%";"10,15%";"";"3";"4";"SIMMARANO";"Romain";"M";"LDVD";"MARSEILLE JE T'AIME";"MARSEILLE JE T'AIME 1/7 AVEC ROMAIN SIMMARANO";"20";"1,31%";"2,67%";"";"1"
"13";"Bouches-du-Rhône";"13055SR01";"Marseille Secteur 1";"0125";"998";"576";"57,72%";"422";"42,28%";"571";"57,21%";"99,13%";"1";"0,10%";"0,17%";"4";"0,40%";"0,69%";"1";"BARLES";"Sébastien";"M";"LFI";"FIERE ET POPULAIRE";"MARSEILLE FIERE ET POPULAIRE AVEC SEBASTIEN DELOGU 1e ET 7e ARRONDISSEMENTS";"99";"9,92%";"17,34%";"";"2";"2";"CAMARD";"Sophie";"F";"LUG";"la gauche, les écologistes et les citoyens rassemblés";"Pour Marseille, le 1er et 7e arrondissement, la gauche, les écologistes et les citoyens rassemblés";"310";"31,06%";"54,29%";"";"19";"3";"PARODI";"Clémence";"F";"LRN";"MARSEILLE EN ORDRE 1er & 7ème";"MARSEILLE EN ORDRE 1er & 7ème";"118";"11,82%";"20,67%";"";"3";"4";"SIMMARANO";"Romain";"M";"LDVD";"MARSEILLE JE T'AIME";"MARSEILLE JE T'AIME 1/7 AVEC ROMAIN SIMMARANO";"44";"4,41%";"7,71%";"";"1"
"13";"Bouches-du-Rhône";"13055SR01";"Marseille Secteur 1";"0126";"1263";"765";"60,57%";"498";"39,43%";"757";"59,94%";"98,95%";"7";"0,55%";"0,92%";"1";"0,08%";"0,13%";"1";"BARLES";"Sébastien";"M";"LFI";"FIERE ET POPULAIRE";"MARSEILLE FIERE ET POPULAIRE AVEC SEBASTIEN DELOGU 1e ET 7e ARRONDISSEMENTS";"276";"21,85%";"36,46%";"";"2";"2";"CAMARD";"Sophie";"F";"LUG";"la gauche, les écologistes et les citoyens rassemblés";"Pour Marseille, le 1er et 7e arrondissement, la gauche, les écologistes et les citoyens rassemblés";"402";"31,83%";"53,10%";"";"19";"3";"PARODI";"Clémence";"F";"LRN";"MARSEILLE EN ORDRE 1er & 7ème";"MARSEILLE EN ORDRE 1er & 7ème";"65";"5,15%";"8,59%";"";"3";"4";"SIMMARANO";"Romain";"M";"LDVD";"MARSEILLE JE T'AIME";"MARSEILLE JE T'AIME 1/7 AVEC ROMAIN SIMMARANO";"14";"1,11%";"1,85%";"";"1"
"13";"Bouches-du-Rhône";"13055SR01";"Marseille Secteur 1";"0127";"1176";"726";"61,73%";"450";"38,27%";"722";"61,39%";"99,45%";"2";"0,17%";"0,28%";"2";"0,17%";"0,28%";"1";"BARLES";"Sébastien";"M";"LFI";"FIERE ET POPULAIRE";"MARSEILLE FIERE ET POPULAIRE AVEC SEBASTIEN DELOGU 1e ET 7e ARRONDISSEMENTS";"253";"21,51%";"35,04%";"";"2";"2";"CAMARD";"Sophie";"F";"LUG";"la gauche, les écologistes et les citoyens rassemblés";"Pour Marseille, le 1er et 7e arrondissement, la gauche, les écologistes et les citoyens rassemblés";"392";"33,33%";"54,29%";"";"19";"3";"PARODI";"Clémence";"F";"LRN";"MARSEILLE EN ORDRE 1er & 7ème";"MARSEILLE EN ORDRE 1er & 7ème";"60";"5,10%";"8,31%";"";"3";"4";"SIMMARANO";"Romain";"M";"LDVD";"MARSEILLE JE T'AIME";"MARSEILLE JE T'AIME 1/7 AVEC ROMAIN SIMMARANO";"17";"1,45%";"2,35%";"";"1"
"13";"Bouches-du-Rhône";"13055SR01";"Marseille Secteur 1";"0128";"1207";"785";"65,04%";"422";"34,96%";"779";"64,54%";"99,24%";"5";"0,41%";"0,64%";"1";"0,08%";"0,13%";"1";"BARLES";"Sébastien";"M";"LFI";"FIERE ET POPULAIRE";"MARSEILLE FIERE ET POPULAIRE AVEC SEBASTIEN DELOGU 1e ET 7e ARRONDISSEMENTS";"268";"22,20%";"34,40%";"";"2";"2";"CAMARD";"Sophie";"F";"LUG";"la gauche, les écologistes et les citoyens rassemblés";"Pour Marseille, le 1er et 7e arrondissement, la gauche, les écologistes et les citoyens rassemblés";"409";"33,89%";"52,50%";"";"19";"3";"PARODI";"Clémence";"F";"LRN";"MARSEILLE EN ORDRE 1er & 7ème";"MARSEILLE EN ORDRE 1er & 7ème";"77";"6,38%";"9,88%";"";"3";"4";"SIMMARANO";"Romain";"M";"LDVD";"MARSEILLE JE T'AIME";"MARSEILLE JE T'AIME 1/7 AVEC ROMAIN SIMMARANO";"25";"2,07%";"3,21%";"";"1"
"13";"Bouches-du-Rhône";"13055SR01";"Marseille Secteur 1";"0141";"1014";"431";"42,50%";"583";"57,50%";"426";"42,01%";"98,84%";"3";"0,30%";"0,70%";"2";"0,20%";"0,46%";"1";"BARLES";"Sébastien";"M";"LFI";"FIERE ET POPULAIRE";"MARSEILLE FIERE ET POPULAIRE AVEC SEBASTIEN DELOGU 1e ET 7e ARRONDISSEMENTS";"158";"15,58%";"37,09%";"";"2";"2";"CAMARD";"Sophie";"F";"LUG";"la gauche, les écologistes et les citoyens rassemblés";"Pour Marseille, le 1er et 7e arrondissement, la gauche, les écologistes et les citoyens rassemblés";"226";"22,29%";"53,05%";"";"19";"3";"PARODI";"Clémence";"F";"LRN";"MARSEILLE EN ORDRE 1er & 7ème";"MARSEILLE EN ORDRE 1er & 7ème";"30";"2,96%";"7,04%";"";"3";"4";"SIMMARANO";"Romain";"M";"LDVD";"MARSEILLE JE T'AIME";"MARSEILLE JE T'AIME 1/7 AVEC ROMAIN SIMMARANO";"12";"1,18%";"2,82%";"";"1"
"13";"Bouches-du-Rhône";"13055SR01";"Marseille Secteur 1";"0142";"1113";"417";"37,47%";"696";"62,53%";"412";"37,02%";"98,80%";"3";"0,27%";"0,72%";"2";"0,18%";"0,48%";"1";"BARLES";"Sébastien";"M";"LFI";"FIERE ET POPULAIRE";"MARSEILLE FIERE ET POPULAIRE AVEC SEBASTIEN DELOGU 1e ET 7e ARRONDISSEMENTS";"142";"12,76%";"34,47%";"";"2";"2";"CAMARD";"Sophie";"F";"LUG";"la gauche, les écologistes et les citoyens rassemblés";"Pour Marseille, le 1er et 7e arrondissement, la gauche, les écologistes et les citoyens rassemblés";"225";"20,22%";"54,61%";"";"19";"3";"PARODI";"Clémence";"F";"LRN";"MARSEILLE EN ORDRE 1er & 7ème";"MARSEILLE EN ORDRE 1er & 7ème";"27";"2,43%";"6,55%";"";"3";"4";"SIMMARANO";"Romain";"M";"LDVD";"MARSEILLE JE T'AIME";"MARSEILLE JE T'AIME 1/7 AVEC ROMAIN SIMMARANO";"18";"1,62%";"4,37%";"";"1"
"13";"Bouches-du-Rhône";"13055SR01";"Marseille Secteur 1";"0181";"1530";"851";"55,62%";"679";"44,38%";"841";"54,97%";"98,82%";"7";"0,46%";"0,82%";"3";"0,20%";"0,35%";"1";"BARLES";"Sébastien";"M";"LFI";"FIERE ET POPULAIRE";"MARSEILLE FIERE ET POPULAIRE AVEC SEBASTIEN DELOGU 1e ET 7e ARRONDISSEMENTS";"308";"20,13%";"36,62%";"";"2";"2";"CAMARD";"Sophie";"F";"LUG";"la gauche, les écologistes et les citoyens rassemblés";"Pour Marseille, le 1er et 7e arrondissement, la gauche, les écologistes et les citoyens rassemblés";"429";"28,04%";"51,01%";"";"19";"3";"PARODI";"Clémence";"F";"LRN";"MARSEILLE EN ORDRE 1er & 7ème";"MARSEILLE EN ORDRE 1er & 7ème";"74";"4,84%";"8,80%";"";"3";"4";"SIMMARANO";"Romain";"M";"LDVD";"MARSEILLE JE T'AIME";"MARSEILLE JE T'AIME 1/7 AVEC ROMAIN SIMMARANO";"30";"1,96%";"3,57%";"";"1"
"13";"Bouches-du-Rhône";"13055SR01";"Marseille Secteur 1";"0182";"985";"625";"63,45%";"360";"36,55%";"620";"62,94%";"99,20%";"4";"0,41%";"0,64%";"1";"0,10%";"0,16%";"1";"BARLES";"Sébastien";"M";"LFI";"FIERE ET POPULAIRE";"MARSEILLE FIERE ET POPULAIRE AVEC SEBASTIEN DELOGU 1e ET 7e ARRONDISSEMENTS";"215";"21,83%";"34,68%";"";"2";"2";"CAMARD";"Sophie";"F";"LUG";"la gauche, les écologistes et les citoyens rassemblés";"Pour Marseille, le 1er et 7e arrondissement, la gauche, les écologistes et les citoyens rassemblés";"311";"31,57%";"50,16%";"";"19";"3";"PARODI";"Clémence";"F";"LRN";"MARSEILLE EN ORDRE 1er & 7ème";"MARSEILLE EN ORDRE 1er & 7ème";"80";"8,12%";"12,90%";"";"3";"4";"SIMMARANO";"Romain";"M";"LDVD";"MARSEILLE JE T'AIME";"MARSEILLE JE T'AIME 1/7 AVEC ROMAIN SIMMARANO";"14";"1,42%";"2,26%";"";"1"
"13";"Bouches-du-Rhône";"13055SR01";"Marseille Secteur 1";"0183";"1368";"779";"56,94%";"589";"43,06%";"778";"56,87%";"99,87%";"0";"0,00%";"0,00%";"1";"0,07%";"0,13%";"1";"BARLES";"Sébastien";"M";"LFI";"FIERE ET POPULAIRE";"MARSEILLE FIERE ET POPULAIRE AVEC SEBASTIEN DELOGU 1e ET 7e ARRONDISSEMENTS";"262";"19,15%";"33,68%";"";"2";"2";"CAMARD";"Sophie";"F";"LUG";"la gauche, les écologistes et les citoyens rassemblés";"Pour Marseille, le 1er et 7e arrondissement, la gauche, les écologistes et les citoyens rassemblés";"392";"28,65%";"50,39%";"";"19";"3";"PARODI";"Clémence";"F";"LRN";"MARSEILLE EN ORDRE 1er & 7ème";"MARSEILLE EN ORDRE 1er & 7ème";"99";"7,24%";"12,72%";"";"3";"4";"SIMMARANO";"Romain";"M";"LDVD";"MARSEILLE JE T'AIME";"MARSEILLE JE T'AIME 1/7 AVEC ROMAIN SIMMARANO";"25";"1,83%";"3,21%";"";"1"
"13";"Bouches-du-Rhône";"13055SR01";"Marseille Secteur 1";"0184";"1550";"940";"60,65%";"610";"39,35%";"932";"60,13%";"99,15%";"3";"0,19%";"0,32%";"5";"0,32%";"0,53%";"1";"BARLES";"Sébastien";"M";"LFI";"FIERE ET POPULAIRE";"MARSEILLE FIERE ET POPULAIRE AVEC SEBASTIEN DELOGU 1e ET 7e ARRONDISSEMENTS";"286";"18,45%";"30,69%";"";"2";"2";"CAMARD";"Sophie";"F";"LUG";"la gauche, les écologistes et les citoyens rassemblés";"Pour Marseille, le 1er et 7e arrondissement, la gauche, les écologistes et les citoyens rassemblés";"500";"32,26%";"53,65%";"";"19";"3";"PARODI";"Clémence";"F";"LRN";"MARSEILLE EN ORDRE 1er & 7ème";"MARSEILLE EN ORDRE 1er & 7ème";"107";"6,90%";"11,48%";"";"3";"4";"SIMMARANO";"Romain";"M";"LDVD";"MARSEILLE JE T'AIME";"MARSEILLE JE T'AIME 1/7 AVEC ROMAIN SIMMARANO";"39";"2,52%";"4,18%";"";"1"
"13";"Bouches-du-Rhône";"13055SR01";"Marseille Secteur 1";"0186";"1600";"974";"60,88%";"626";"39,13%";"963";"60,19%";"98,87%";"7";"0,44%";"0,72%";"4";"0,25%";"0,41%";"1";"BARLES";"Sébastien";"M";"LFI";"FIERE ET POPULAIRE";"MARSEILLE FIERE ET POPULAIRE AVEC SEBASTIEN DELOGU 1e ET 7e ARRONDISSEMENTS";"257";"16,06%";"26,69%";"";"2";"2";"CAMARD";"Sophie";"F";"LUG";"la gauche, les écologistes et les citoyens rassemblés";"Pour Marseille, le 1er et 7e arrondissement, la gauche, les écologistes et les citoyens rassemblés";"547";"34,19%";"56,80%";"";"19";"3";"PARODI";"Clémence";"F";"LRN";"MARSEILLE EN ORDRE 1er & 7ème";"MARSEILLE EN ORDRE 1er & 7ème";"127";"7,94%";"13,19%";"";"3";"4";"SIMMARANO";"Romain";"M";"LDVD";"MARSEILLE JE T'AIME";"MARSEILLE JE T'AIME 1/7 AVEC ROMAIN SIMMARANO";"32";"2,00%";"3,32%";"";"1"
"13";"Bouches-du-Rhône";"13055SR01";"Marseille Secteur 1";"0187";"1571";"989";"62,95%";"582";"37,05%";"979";"62,32%";"98,99%";"8";"0,51%";"0,81%";"2";"0,13%";"0,20%";"1";"BARLES";"Sébastien";"M";"LFI";"FIERE ET POPULAIRE";"MARSEILLE FIERE ET POPULAIRE AVEC SEBASTIEN DELOGU 1e ET 7e ARRONDISSEMENTS";"265";"16,87%";"27,07%";"";"2";"2";"CAMARD";"Sophie";"F";"LUG";"la gauche, les écologistes et les citoyens rassemblés";"Pour Marseille, le 1er et 7e arrondissement, la gauche, les écologistes et les citoyens rassemblés";"524";"33,35%";"53,52%";"";"19";"3";"PARODI";"Clémence";"F";"LRN";"MARSEILLE EN ORDRE 1er & 7ème";"MARSEILLE EN ORDRE 1er & 7ème";"152";"9,68%";"15,53%";"";"3";"4";"SIMMARANO";"Romain";"M";"LDVD";"MARSEILLE JE T'AIME";"MARSEILLE JE T'AIME 1/7 AVEC ROMAIN SIMMARANO";"38";"2,42%";"3,88%";"";"1"
"13";"Bouches-du-Rhône";"13055SR01";"Marseille Secteur 1";"0188";"1677";"1006";"59,99%";"671";"40,01%";"1001";"59,69%";"99,50%";"2";"0,12%";"0,20%";"3";"0,18%";"0,30%";"1";"BARLES";"Sébastien";"M";"LFI";"FIERE ET POPULAIRE";"MARSEILLE FIERE ET POPULAIRE AVEC SEBASTIEN DELOGU 1e ET 7e ARRONDISSEMENTS";"212";"12,64%";"21,18%";"";"2";"2";"CAMARD";"Sophie";"F";"LUG";"la gauche, les écologistes et les citoyens rassemblés";"Pour Marseille, le 1er et 7e arrondissement, la gauche, les écologistes et les citoyens rassemblés";"514";"30,65%";"51,35%";"";"19";"3";"PARODI";"Clémence";"F";"LRN";"MARSEILLE EN ORDRE 1er & 7ème";"MARSEILLE EN ORDRE 1er & 7ème";"198";"11,81%";"19,78%";"";"3";"4";"SIMMARANO";"Romain";"M";"LDVD";"MARSEILLE JE T'AIME";"MARSEILLE JE T'AIME 1/7 AVEC ROMAIN SIMMARANO";"77";"4,59%";"7,69%";"";"1"
"13";"Bouches-du-Rhône";"13055SR01";"Marseille Secteur 1";"0701";"981";"615";"62,69%";"366";"37,31%";"609";"62,08%";"99,02%";"2";"0,20%";"0,33%";"4";"0,41%";"0,65%";"1";"BARLES";"Sébastien";"M";"LFI";"FIERE ET POPULAIRE";"MARSEILLE FIERE ET POPULAIRE AVEC SEBASTIEN DELOGU 1e ET 7e ARRONDISSEMENTS";"68";"6,93%";"11,17%";"";"2";"2";"CAMARD";"Sophie";"F";"LUG";"la gauche, les écologistes et les citoyens rassemblés";"Pour Marseille, le 1er et 7e arrondissement, la gauche, les écologistes et les citoyens rassemblés";"284";"28,95%";"46,63%";"";"19";"3";"PARODI";"Clémence";"F";"LRN";"MARSEILLE EN ORDRE 1er & 7ème";"MARSEILLE EN ORDRE 1er & 7ème";"184";"18,76%";"30,21%";"";"3";"4";"SIMMARANO";"Romain";"M";"LDVD";"MARSEILLE JE T'AIME";"MARSEILLE JE T'AIME 1/7 AVEC ROMAIN SIMMARANO";"73";"7,44%";"11,99%";"";"1"
"13";"Bouches-du-Rhône";"13055SR01";"Marseille Secteur 1";"0702";"866";"501";"57,85%";"365";"42,15%";"497";"57,39%";"99,20%";"3";"0,35%";"0,60%";"1";"0,12%";"0,20%";"1";"BARLES";"Sébastien";"M";"LFI";"FIERE ET POPULAIRE";"MARSEILLE FIERE ET POPULAIRE AVEC SEBASTIEN DELOGU 1e ET 7e ARRONDISSEMENTS";"65";"7,51%";"13,08%";"";"2";"2";"CAMARD";"Sophie";"F";"LUG";"la gauche, les écologistes et les citoyens rassemblés";"Pour Marseille, le 1er et 7e arrondissement, la gauche, les écologistes et les citoyens rassemblés";"222";"25,64%";"44,67%";"";"19";"3";"PARODI";"Clémence";"F";"LRN";"MARSEILLE EN ORDRE 1er & 7ème";"MARSEILLE EN ORDRE 1er & 7ème";"156";"18,01%";"31,39%";"";"3";"4";"SIMMARANO";"Romain";"M";"LDVD";"MARSEILLE JE T'AIME";"MARSEILLE JE T'AIME 1/7 AVEC ROMAIN SIMMARANO";"54";"6,24%";"10,87%";"";"1"
"13";"Bouches-du-Rhône";"13055SR01";"Marseille Secteur 1";"0703";"1052";"677";"64,35%";"375";"35,65%";"668";"63,50%";"98,67%";"5";"0,48%";"0,74%";"4";"0,38%";"0,59%";"1";"BARLES";"Sébastien";"M";"LFI";"FIERE ET POPULAIRE";"MARSEILLE FIERE ET POPULAIRE AVEC SEBASTIEN DELOGU 1e ET 7e ARRONDISSEMENTS";"61";"5,80%";"9,13%";"";"2";"2";"CAMARD";"Sophie";"F";"LUG";"la gauche, les écologistes et les citoyens rassemblés";"Pour Marseille, le 1er et 7e arrondissement, la gauche, les écologistes et les citoyens rassemblés";"347";"32,98%";"51,95%";"";"19";"3";"PARODI";"Clémence";"F";"LRN";"MARSEILLE EN ORDRE 1er & 7ème";"MARSEILLE EN ORDRE 1er & 7ème";"190";"18,06%";"28,44%";"";"3";"4";"SIMMARANO";"Romain";"M";"LDVD";"MARSEILLE JE T'AIME";"MARSEILLE JE T'AIME 1/7 AVEC ROMAIN SIMMARANO";"70";"6,65%";"10,48%";"";"1"
"13";"Bouches-du-Rhône";"13055SR01";"Marseille Secteur 1";"0721";"142";"90";"63,38%";"52";"36,62%";"89";"62,68%";"98,89%";"1";"0,70%";"1,11%";"0";"0,00%";"0,00%";"1";"BARLES";"Sébastien";"M";"LFI";"FIERE ET POPULAIRE";"MARSEILLE FIERE ET POPULAIRE AVEC SEBASTIEN DELOGU 1e ET 7e ARRONDISSEMENTS";"5";"3,52%";"5,62%";"";"2";"2";"CAMARD";"Sophie";"F";"LUG";"la gauche, les écologistes et les citoyens rassemblés";"Pour Marseille, le 1er et 7e arrondissement, la gauche, les écologistes et les citoyens rassemblés";"26";"18,31%";"29,21%";"";"19";"3";"PARODI";"Clémence";"F";"LRN";"MARSEILLE EN ORDRE 1er & 7ème";"MARSEILLE EN ORDRE 1er & 7ème";"54";"38,03%";"60,67%";"";"3";"4";"SIMMARANO";"Romain";"M";"LDVD";"MARSEILLE JE T'AIME";"MARSEILLE JE T'AIME 1/7 AVEC ROMAIN SIMMARANO";"4";"2,82%";"4,49%";"";"1"
"13";"Bouches-du-Rhône";"13055SR01";"Marseille Secteur 1";"0751";"1429";"873";"61,09%";"556";"38,91%";"862";"60,32%";"98,74%";"1";"0,07%";"0,11%";"10";"0,70%";"1,15%";"1";"BARLES";"Sébastien";"M";"LFI";"FIERE ET POPULAIRE";"MARSEILLE FIERE ET POPULAIRE AVEC SEBASTIEN DELOGU 1e ET 7e ARRONDISSEMENTS";"86";"6,02%";"9,98%";"";"2";"2";"CAMARD";"Sophie";"F";"LUG";"la gauche, les écologistes et les citoyens rassemblés";"Pour Marseille, le 1er et 7e arrondissement, la gauche, les écologistes et les citoyens rassemblés";"406";"28,41%";"47,10%";"";"19";"3";"PARODI";"Clémence";"F";"LRN";"MARSEILLE EN ORDRE 1er & 7ème";"MARSEILLE EN ORDRE 1er & 7ème";"253";"17,70%";"29,35%";"";"3";"4";"SIMMARANO";"Romain";"M";"LDVD";"MARSEILLE JE T'AIME";"MARSEILLE JE T'AIME 1/7 AVEC ROMAIN SIMMARANO";"117";"8,19%";"13,57%";"";"1"
"13";"Bouches-du-Rhône";"13055SR01";"Marseille Secteur 1";"0752";"775";"461";"59,48%";"314";"40,52%";"449";"57,94%";"97,40%";"4";"0,52%";"0,87%";"8";"1,03%";"1,74%";"1";"BARLES";"Sébastien";"M";"LFI";"FIERE ET POPULAIRE";"MARSEILLE FIERE ET POPULAIRE AVEC SEBASTIEN DELOGU 1e ET 7e ARRONDISSEMENTS";"45";"5,81%";"10,02%";"";"2";"2";"CAMARD";"Sophie";"F";"LUG";"la gauche, les écologistes et les citoyens rassemblés";"Pour Marseille, le 1er et 7e arrondissement, la gauche, les écologistes et les citoyens rassemblés";"153";"19,74%";"34,08%";"";"19";"3";"PARODI";"Clémence";"F";"LRN";"MARSEILLE EN ORDRE 1er & 7ème";"MARSEILLE EN ORDRE 1er & 7ème";"197";"25,42%";"43,88%";"";"3";"4";"SIMMARANO";"Romain";"M";"LDVD";"MARSEILLE JE T'AIME";"MARSEILLE JE T'AIME 1/7 AVEC ROMAIN SIMMARANO";"54";"6,97%";"12,03%";"";"1"
"13";"Bouches-du-Rhône";"13055SR01";"Marseille Secteur 1";"0753";"1379";"785";"56,93%";"594";"43,07%";"768";"55,69%";"97,83%";"6";"0,44%";"0,76%";"11";"0,80%";"1,40%";"1";"BARLES";"Sébastien";"M";"LFI";"FIERE ET POPULAIRE";"MARSEILLE FIERE ET POPULAIRE AVEC SEBASTIEN DELOGU 1e ET 7e ARRONDISSEMENTS";"67";"4,86%";"8,72%";"";"2";"2";"CAMARD";"Sophie";"F";"LUG";"la gauche, les écologistes et les citoyens rassemblés";"Pour Marseille, le 1er et 7e arrondissement, la gauche, les écologistes et les citoyens rassemblés";"262";"19,00%";"34,11%";"";"19";"3";"PARODI";"Clémence";"F";"LRN";"MARSEILLE EN ORDRE 1er & 7ème";"MARSEILLE EN ORDRE 1er & 7ème";"330";"23,93%";"42,97%";"";"3";"4";"SIMMARANO";"Romain";"M";"LDVD";"MARSEILLE JE T'AIME";"MARSEILLE JE T'AIME 1/7 AVEC ROMAIN SIMMARANO";"109";"7,90%";"14,19%";"";"1"
"13";"Bouches-du-Rhône";"13055SR01";"Marseille Secteur 1";"0754";"947";"566";"59,77%";"381";"40,23%";"555";"58,61%";"98,06%";"5";"0,53%";"0,88%";"6";"0,63%";"1,06%";"1";"BARLES";"Sébastien";"M";"LFI";"FIERE ET POPULAIRE";"MARSEILLE FIERE ET POPULAIRE AVEC SEBASTIEN DELOGU 1e ET 7e ARRONDISSEMENTS";"66";"6,97%";"11,89%";"";"2";"2";"CAMARD";"Sophie";"F";"LUG";"la gauche, les écologistes et les citoyens rassemblés";"Pour Marseille, le 1er et 7e arrondissement, la gauche, les écologistes et les citoyens rassemblés";"227";"23,97%";"40,90%";"";"19";"3";"PARODI";"Clémence";"F";"LRN";"MARSEILLE EN ORDRE 1er & 7ème";"MARSEILLE EN ORDRE 1er & 7ème";"196";"20,70%";"35,32%";"";"3";"4";"SIMMARANO";"Romain";"M";"LDVD";"MARSEILLE JE T'AIME";"MARSEILLE JE T'AIME 1/7 AVEC ROMAIN SIMMARANO";"66";"6,97%";"11,89%";"";"1"
"13";"Bouches-du-Rhône";"13055SR01";"Marseille Secteur 1";"0755";"876";"535";"61,07%";"341";"38,93%";"524";"59,82%";"97,94%";"7";"0,80%";"1,31%";"4";"0,46%";"0,75%";"1";"BARLES";"Sébastien";"M";"LFI";"FIERE ET POPULAIRE";"MARSEILLE FIERE ET POPULAIRE AVEC SEBASTIEN DELOGU 1e ET 7e ARRONDISSEMENTS";"35";"4,00%";"6,68%";"";"2";"2";"CAMARD";"Sophie";"F";"LUG";"la gauche, les écologistes et les citoyens rassemblés";"Pour Marseille, le 1er et 7e arrondissement, la gauche, les écologistes et les citoyens rassemblés";"181";"20,66%";"34,54%";"";"19";"3";"PARODI";"Clémence";"F";"LRN";"MARSEILLE EN ORDRE 1er & 7ème";"MARSEILLE EN ORDRE 1er & 7ème";"251";"28,65%";"47,90%";"";"3";"4";"SIMMARANO";"Romain";"M";"LDVD";"MARSEILLE JE T'AIME";"MARSEILLE JE T'AIME 1/7 AVEC ROMAIN SIMMARANO";"57";"6,51%";"10,88%";"";"1"
"13";"Bouches-du-Rhône";"13055SR01";"Marseille Secteur 1";"0756";"1272";"774";"60,85%";"498";"39,15%";"766";"60,22%";"98,97%";"8";"0,63%";"1,03%";"0";"0,00%";"0,00%";"1";"BARLES";"Sébastien";"M";"LFI";"FIERE ET POPULAIRE";"MARSEILLE FIERE ET POPULAIRE AVEC SEBASTIEN DELOGU 1e ET 7e ARRONDISSEMENTS";"92";"7,23%";"12,01%";"";"2";"2";"CAMARD";"Sophie";"F";"LUG";"la gauche, les écologistes et les citoyens rassemblés";"Pour Marseille, le 1er et 7e arrondissement, la gauche, les écologistes et les citoyens rassemblés";"332";"26,10%";"43,34%";"";"19";"3";"PARODI";"Clémence";"F";"LRN";"MARSEILLE EN ORDRE 1er & 7ème";"MARSEILLE EN ORDRE 1er & 7ème";"271";"21,31%";"35,38%";"";"3";"4";"SIMMARANO";"Romain";"M";"LDVD";"MARSEILLE JE T'AIME";"MARSEILLE JE T'AIME 1/7 AVEC ROMAIN SIMMARANO";"71";"5,58%";"9,27%";"";"1"
"13";"Bouches-du-Rhône";"13055SR01";"Marseille Secteur 1";"0757";"1335";"864";"64,72%";"471";"35,28%";"849";"63,60%";"98,26%";"10";"0,75%";"1,16%";"5";"0,37%";"0,58%";"1";"BARLES";"Sébastien";"M";"LFI";"FIERE ET POPULAIRE";"MARSEILLE FIERE ET POPULAIRE AVEC SEBASTIEN DELOGU 1e ET 7e ARRONDISSEMENTS";"61";"4,57%";"7,18%";"";"2";"2";"CAMARD";"Sophie";"F";"LUG";"la gauche, les écologistes et les citoyens rassemblés";"Pour Marseille, le 1er et 7e arrondissement, la gauche, les écologistes et les citoyens rassemblés";"374";"28,01%";"44,05%";"";"19";"3";"PARODI";"Clémence";"F";"LRN";"MARSEILLE EN ORDRE 1er & 7ème";"MARSEILLE EN ORDRE 1er & 7ème";"317";"23,75%";"37,34%";"";"3";"4";"SIMMARANO";"Romain";"M";"LDVD";"MARSEILLE JE T'AIME";"MARSEILLE JE T'AIME 1/7 AVEC ROMAIN SIMMARANO";"97";"7,27%";"11,43%";"";"1"
"13";"Bouches-du-Rhône";"13055SR01";"Marseille Secteur 1";"0759";"1193";"725";"60,77%";"468";"39,23%";"711";"59,60%";"98,07%";"11";"0,92%";"1,52%";"3";"0,25%";"0,41%";"1";"BARLES";"Sébastien";"M";"LFI";"FIERE ET POPULAIRE";"MARSEILLE FIERE ET POPULAIRE AVEC SEBASTIEN DELOGU 1e ET 7e ARRONDISSEMENTS";"66";"5,53%";"9,28%";"";"2";"2";"CAMARD";"Sophie";"F";"LUG";"la gauche, les écologistes et les citoyens rassemblés";"Pour Marseille, le 1er et 7e arrondissement, la gauche, les écologistes et les citoyens rassemblés";"336";"28,16%";"47,26%";"";"19";"3";"PARODI";"Clémence";"F";"LRN";"MARSEILLE EN ORDRE 1er & 7ème";"MARSEILLE EN ORDRE 1er & 7ème";"225";"18,86%";"31,65%";"";"3";"4";"SIMMARANO";"Romain";"M";"LDVD";"MARSEILLE JE T'AIME";"MARSEILLE JE T'AIME 1/7 AVEC ROMAIN SIMMARANO";"84";"7,04%";"11,81%";"";"1"
"13";"Bouches-du-Rhône";"13055SR01";"Marseille Secteur 1";"0760";"1144";"776";"67,83%";"368";"32,17%";"767";"67,05%";"98,84%";"6";"0,52%";"0,77%";"3";"0,26%";"0,39%";"1";"BARLES";"Sébastien";"M";"LFI";"FIERE ET POPULAIRE";"MARSEILLE FIERE ET POPULAIRE AVEC SEBASTIEN DELOGU 1e ET 7e ARRONDISSEMENTS";"54";"4,72%";"7,04%";"";"2";"2";"CAMARD";"Sophie";"F";"LUG";"la gauche, les écologistes et les citoyens rassemblés";"Pour Marseille, le 1er et 7e arrondissement, la gauche, les écologistes et les citoyens rassemblés";"405";"35,40%";"52,80%";"";"19";"3";"PARODI";"Clémence";"F";"LRN";"MARSEILLE EN ORDRE 1er & 7ème";"MARSEILLE EN ORDRE 1er & 7ème";"237";"20,72%";"30,90%";"";"3";"4";"SIMMARANO";"Romain";"M";"LDVD";"MARSEILLE JE T'AIME";"MARSEILLE JE T'AIME 1/7 AVEC ROMAIN SIMMARANO";"71";"6,21%";"9,26%";"";"1"
"13";"Bouches-du-Rhône";"13055SR01";"Marseille Secteur 1";"0761";"786";"532";"67,68%";"254";"32,32%";"525";"66,79%";"98,68%";"5";"0,64%";"0,94%";"2";"0,25%";"0,38%";"1";"BARLES";"Sébastien";"M";"LFI";"FIERE ET POPULAIRE";"MARSEILLE FIERE ET POPULAIRE AVEC SEBASTIEN DELOGU 1e ET 7e ARRONDISSEMENTS";"50";"6,36%";"9,52%";"";"2";"2";"CAMARD";"Sophie";"F";"LUG";"la gauche, les écologistes et les citoyens rassemblés";"Pour Marseille, le 1er et 7e arrondissement, la gauche, les écologistes et les citoyens rassemblés";"224";"28,50%";"42,67%";"";"19";"3";"PARODI";"Clémence";"F";"LRN";"MARSEILLE EN ORDRE 1er & 7ème";"MARSEILLE EN ORDRE 1er & 7ème";"163";"20,74%";"31,05%";"";"3";"4";"SIMMARANO";"Romain";"M";"LDVD";"MARSEILLE JE T'AIME";"MARSEILLE JE T'AIME 1/7 AVEC ROMAIN SIMMARANO";"88";"11,20%";"16,76%";"";"1"
"13";"Bouches-du-Rhône";"13055SR01";"Marseille Secteur 1";"0762";"977";"637";"65,20%";"340";"34,80%";"623";"63,77%";"97,80%";"9";"0,92%";"1,41%";"5";"0,51%";"0,78%";"1";"BARLES";"Sébastien";"M";"LFI";"FIERE ET POPULAIRE";"MARSEILLE FIERE ET POPULAIRE AVEC SEBASTIEN DELOGU 1e ET 7e ARRONDISSEMENTS";"50";"5,12%";"8,03%";"";"2";"2";"CAMARD";"Sophie";"F";"LUG";"la gauche, les écologistes et les citoyens rassemblés";"Pour Marseille, le 1er et 7e arrondissement, la gauche, les écologistes et les citoyens rassemblés";"316";"32,34%";"50,72%";"";"19";"3";"PARODI";"Clémence";"F";"LRN";"MARSEILLE EN ORDRE 1er & 7ème";"MARSEILLE EN ORDRE 1er & 7ème";"188";"19,24%";"30,18%";"";"3";"4";"SIMMARANO";"Romain";"M";"LDVD";"MARSEILLE JE T'AIME";"MARSEILLE JE T'AIME 1/7 AVEC ROMAIN SIMMARANO";"69";"7,06%";"11,08%";"";"1"
"13";"Bouches-du-Rhône";"13055SR01";"Marseille Secteur 1";"0763";"968";"664";"68,60%";"304";"31,40%";"656";"67,77%";"98,80%";"5";"0,52%";"0,75%";"3";"0,31%";"0,45%";"1";"BARLES";"Sébastien";"M";"LFI";"FIERE ET POPULAIRE";"MARSEILLE FIERE ET POPULAIRE AVEC SEBASTIEN DELOGU 1e ET 7e ARRONDISSEMENTS";"48";"4,96%";"7,32%";"";"2";"2";"CAMARD";"Sophie";"F";"LUG";"la gauche, les écologistes et les citoyens rassemblés";"Pour Marseille, le 1er et 7e arrondissement, la gauche, les écologistes et les citoyens rassemblés";"325";"33,57%";"49,54%";"";"19";"3";"PARODI";"Clémence";"F";"LRN";"MARSEILLE EN ORDRE 1er & 7ème";"MARSEILLE EN ORDRE 1er & 7ème";"197";"20,35%";"30,03%";"";"3";"4";"SIMMARANO";"Romain";"M";"LDVD";"MARSEILLE JE T'AIME";"MARSEILLE JE T'AIME 1/7 AVEC ROMAIN SIMMARANO";"86";"8,88%";"13,11%";"";"1"
"13";"Bouches-du-Rhône";"13055SR01";"Marseille Secteur 1";"0764";"1137";"673";"59,19%";"464";"40,81%";"657";"57,78%";"97,62%";"10";"0,88%";"1,49%";"6";"0,53%";"0,89%";"1";"BARLES";"Sébastien";"M";"LFI";"FIERE ET POPULAIRE";"MARSEILLE FIERE ET POPULAIRE AVEC SEBASTIEN DELOGU 1e ET 7e ARRONDISSEMENTS";"58";"5,10%";"8,83%";"";"2";"2";"CAMARD";"Sophie";"F";"LUG";"la gauche, les écologistes et les citoyens rassemblés";"Pour Marseille, le 1er et 7e arrondissement, la gauche, les écologistes et les citoyens rassemblés";"311";"27,35%";"47,34%";"";"19";"3";"PARODI";"Clémence";"F";"LRN";"MARSEILLE EN ORDRE 1er & 7ème";"MARSEILLE EN ORDRE 1er & 7ème";"221";"19,44%";"33,64%";"";"3";"4";"SIMMARANO";"Romain";"M";"LDVD";"MARSEILLE JE T'AIME";"MARSEILLE JE T'AIME 1/7 AVEC ROMAIN SIMMARANO";"67";"5,89%";"10,20%";"";"1"
"13";"Bouches-du-Rhône";"13055SR01";"Marseille Secteur 1";"0766";"1180";"795";"67,37%";"385";"32,63%";"792";"67,12%";"99,62%";"2";"0,17%";"0,25%";"1";"0,08%";"0,13%";"1";"BARLES";"Sébastien";"M";"LFI";"FIERE ET POPULAIRE";"MARSEILLE FIERE ET POPULAIRE AVEC SEBASTIEN DELOGU 1e ET 7e ARRONDISSEMENTS";"68";"5,76%";"8,59%";"";"2";"2";"CAMARD";"Sophie";"F";"LUG";"la gauche, les écologistes et les citoyens rassemblés";"Pour Marseille, le 1er et 7e arrondissement, la gauche, les écologistes et les citoyens rassemblés";"344";"29,15%";"43,43%";"";"19";"3";"PARODI";"Clémence";"F";"LRN";"MARSEILLE EN ORDRE 1er & 7ème";"MARSEILLE EN ORDRE 1er & 7ème";"267";"22,63%";"33,71%";"";"3";"4";"SIMMARANO";"Romain";"M";"LDVD";"MARSEILLE JE T'AIME";"MARSEILLE JE T'AIME 1/7 AVEC ROMAIN SIMMARANO";"113";"9,58%";"14,27%";"";"1"
"13";"Bouches-du-Rhône";"13055SR01";"Marseille Secteur 1";"0767";"1021";"683";"66,90%";"338";"33,10%";"678";"66,41%";"99,27%";"2";"0,20%";"0,29%";"3";"0,29%";"0,44%";"1";"BARLES";"Sébastien";"M";"LFI";"FIERE ET POPULAIRE";"MARSEILLE FIERE ET POPULAIRE AVEC SEBASTIEN DELOGU 1e ET 7e ARRONDISSEMENTS";"45";"4,41%";"6,64%";"";"2";"2";"CAMARD";"Sophie";"F";"LUG";"la gauche, les écologistes et les citoyens rassemblés";"Pour Marseille, le 1er et 7e arrondissement, la gauche, les écologistes et les citoyens rassemblés";"295";"28,89%";"43,51%";"";"19";"3";"PARODI";"Clémence";"F";"LRN";"MARSEILLE EN ORDRE 1er & 7ème";"MARSEILLE EN ORDRE 1er & 7ème";"260";"25,47%";"38,35%";"";"3";"4";"SIMMARANO";"Romain";"M";"LDVD";"MARSEILLE JE T'AIME";"MARSEILLE JE T'AIME 1/7 AVEC ROMAIN SIMMARANO";"78";"7,64%";"11,50%";"";"1"
"13";"Bouches-du-Rhône";"13055SR01";"Marseille Secteur 1";"0768";"684";"475";"69,44%";"209";"30,56%";"469";"68,57%";"98,74%";"4";"0,58%";"0,84%";"2";"0,29%";"0,42%";"1";"BARLES";"Sébastien";"M";"LFI";"FIERE ET POPULAIRE";"MARSEILLE FIERE ET POPULAIRE AVEC SEBASTIEN DELOGU 1e ET 7e ARRONDISSEMENTS";"34";"4,97%";"7,25%";"";"2";"2";"CAMARD";"Sophie";"F";"LUG";"la gauche, les écologistes et les citoyens rassemblés";"Pour Marseille, le 1er et 7e arrondissement, la gauche, les écologistes et les citoyens rassemblés";"231";"33,77%";"49,25%";"";"19";"3";"PARODI";"Clémence";"F";"LRN";"MARSEILLE EN ORDRE 1er & 7ème";"MARSEILLE EN ORDRE 1er & 7ème";"116";"16,96%";"24,73%";"";"3";"4";"SIMMARANO";"Romain";"M";"LDVD";"MARSEILLE JE T'AIME";"MARSEILLE JE T'AIME 1/7 AVEC ROMAIN SIMMARANO";"88";"12,87%";"18,76%";"";"1"
"13";"Bouches-du-Rhône";"13055SR01";"Marseille Secteur 1";"0769";"766";"534";"69,71%";"232";"30,29%";"527";"68,80%";"98,69%";"5";"0,65%";"0,94%";"2";"0,26%";"0,37%";"1";"BARLES";"Sébastien";"M";"LFI";"FIERE ET POPULAIRE";"MARSEILLE FIERE ET POPULAIRE AVEC SEBASTIEN DELOGU 1e ET 7e ARRONDISSEMENTS";"28";"3,66%";"5,31%";"";"2";"2";"CAMARD";"Sophie";"F";"LUG";"la gauche, les écologistes et les citoyens rassemblés";"Pour Marseille, le 1er et 7e arrondissement, la gauche, les écologistes et les citoyens rassemblés";"278";"36,29%";"52,75%";"";"19";"3";"PARODI";"Clémence";"F";"LRN";"MARSEILLE EN ORDRE 1er & 7ème";"MARSEILLE EN ORDRE 1er & 7ème";"165";"21,54%";"31,31%";"";"3";"4";"SIMMARANO";"Romain";"M";"LDVD";"MARSEILLE JE T'AIME";"MARSEILLE JE T'AIME 1/7 AVEC ROMAIN SIMMARANO";"56";"7,31%";"10,63%";"";"1"
"13";"Bouches-du-Rhône";"13055SR01";"Marseille Secteur 1";"0770";"898";"587";"65,37%";"311";"34,63%";"582";"64,81%";"99,15%";"3";"0,33%";"0,51%";"2";"0,22%";"0,34%";"1";"BARLES";"Sébastien";"M";"LFI";"FIERE ET POPULAIRE";"MARSEILLE FIERE ET POPULAIRE AVEC SEBASTIEN DELOGU 1e ET 7e ARRONDISSEMENTS";"29";"3,23%";"4,98%";"";"2";"2";"CAMARD";"Sophie";"F";"LUG";"la gauche, les écologistes et les citoyens rassemblés";"Pour Marseille, le 1er et 7e arrondissement, la gauche, les écologistes et les citoyens rassemblés";"253";"28,17%";"43,47%";"";"19";"3";"PARODI";"Clémence";"F";"LRN";"MARSEILLE EN ORDRE 1er & 7ème";"MARSEILLE EN ORDRE 1er & 7ème";"210";"23,39%";"36,08%";"";"3";"4";"SIMMARANO";"Romain";"M";"LDVD";"MARSEILLE JE T'AIME";"MARSEILLE JE T'AIME 1/7 AVEC ROMAIN SIMMARANO";"90";"10,02%";"15,46%";"";"1"
"13";"Bouches-du-Rhône";"13055SR01";"Marseille Secteur 1";"0771";"823";"598";"72,66%";"225";"27,34%";"591";"71,81%";"98,83%";"3";"0,36%";"0,50%";"4";"0,49%";"0,67%";"1";"BARLES";"Sébastien";"M";"LFI";"FIERE ET POPULAIRE";"MARSEILLE FIERE ET POPULAIRE AVEC SEBASTIEN DELOGU 1e ET 7e ARRONDISSEMENTS";"28";"3,40%";"4,74%";"";"2";"2";"CAMARD";"Sophie";"F";"LUG";"la gauche, les écologistes et les citoyens rassemblés";"Pour Marseille, le 1er et 7e arrondissement, la gauche, les écologistes et les citoyens rassemblés";"248";"30,13%";"41,96%";"";"19";"3";"PARODI";"Clémence";"F";"LRN";"MARSEILLE EN ORDRE 1er & 7ème";"MARSEILLE EN ORDRE 1er & 7ème";"209";"25,39%";"35,36%";"";"3";"4";"SIMMARANO";"Romain";"M";"LDVD";"MARSEILLE JE T'AIME";"MARSEILLE JE T'AIME 1/7 AVEC ROMAIN SIMMARANO";"106";"12,88%";"17,94%";"";"1"
"13";"Bouches-du-Rhône";"13055SR01";"Marseille Secteur 1";"0772";"1104";"774";"70,11%";"330";"29,89%";"768";"69,57%";"99,22%";"4";"0,36%";"0,52%";"2";"0,18%";"0,26%";"1";"BARLES";"Sébastien";"M";"LFI";"FIERE ET POPULAIRE";"MARSEILLE FIERE ET POPULAIRE AVEC SEBASTIEN DELOGU 1e ET 7e ARRONDISSEMENTS";"38";"3,44%";"4,95%";"";"2";"2";"CAMARD";"Sophie";"F";"LUG";"la gauche, les écologistes et les citoyens rassemblés";"Pour Marseille, le 1er et 7e arrondissement, la gauche, les écologistes et les citoyens rassemblés";"301";"27,26%";"39,19%";"";"19";"3";"PARODI";"Clémence";"F";"LRN";"MARSEILLE EN ORDRE 1er & 7ème";"MARSEILLE EN ORDRE 1er & 7ème";"309";"27,99%";"40,23%";"";"3";"4";"SIMMARANO";"Romain";"M";"LDVD";"MARSEILLE JE T'AIME";"MARSEILLE JE T'AIME 1/7 AVEC ROMAIN SIMMARANO";"120";"10,87%";"15,63%";"";"1"
"13";"Bouches-du-Rhône";"13055SR01";"Marseille Secteur 1";"0773";"1138";"774";"68,01%";"364";"31,99%";"763";"67,05%";"98,58%";"9";"0,79%";"1,16%";"2";"0,18%";"0,26%";"1";"BARLES";"Sébastien";"M";"LFI";"FIERE ET POPULAIRE";"MARSEILLE FIERE ET POPULAIRE AVEC SEBASTIEN DELOGU 1e ET 7e ARRONDISSEMENTS";"13";"1,14%";"1,70%";"";"2";"2";"CAMARD";"Sophie";"F";"LUG";"la gauche, les écologistes et les citoyens rassemblés";"Pour Marseille, le 1er et 7e arrondissement, la gauche, les écologistes et les citoyens rassemblés";"258";"22,67%";"33,81%";"";"19";"3";"PARODI";"Clémence";"F";"LRN";"MARSEILLE EN ORDRE 1er & 7ème";"MARSEILLE EN ORDRE 1er & 7ème";"360";"31,63%";"47,18%";"";"3";"4";"SIMMARANO";"Romain";"M";"LDVD";"MARSEILLE JE T'AIME";"MARSEILLE JE T'AIME 1/7 AVEC ROMAIN SIMMARANO";"132";"11,60%";"17,30%";"";"1"
"13";"Bouches-du-Rhône";"13055SR01";"Marseille Secteur 1";"0774";"1380";"925";"67,03%";"455";"32,97%";"908";"65,80%";"98,16%";"11";"0,80%";"1,19%";"6";"0,43%";"0,65%";"1";"BARLES";"Sébastien";"M";"LFI";"FIERE ET POPULAIRE";"MARSEILLE FIERE ET POPULAIRE AVEC SEBASTIEN DELOGU 1e ET 7e ARRONDISSEMENTS";"39";"2,83%";"4,30%";"";"2";"2";"CAMARD";"Sophie";"F";"LUG";"la gauche, les écologistes et les citoyens rassemblés";"Pour Marseille, le 1er et 7e arrondissement, la gauche, les écologistes et les citoyens rassemblés";"341";"24,71%";"37,56%";"";"19";"3";"PARODI";"Clémence";"F";"LRN";"MARSEILLE EN ORDRE 1er & 7ème";"MARSEILLE EN ORDRE 1er & 7ème";"381";"27,61%";"41,96%";"";"3";"4";"SIMMARANO";"Romain";"M";"LDVD";"MARSEILLE JE T'AIME";"MARSEILLE JE T'AIME 1/7 AVEC ROMAIN SIMMARANO";"147";"10,65%";"16,19%";"";"1"
"13";"Bouches-du-Rhône";"13055SR01";"Marseille Secteur 1";"0775";"534";"378";"70,79%";"156";"29,21%";"376";"70,41%";"99,47%";"2";"0,37%";"0,53%";"0";"0,00%";"0,00%";"1";"BARLES";"Sébastien";"M";"LFI";"FIERE ET POPULAIRE";"MARSEILLE FIERE ET POPULAIRE AVEC SEBASTIEN DELOGU 1e ET 7e ARRONDISSEMENTS";"24";"4,49%";"6,38%";"";"2";"2";"CAMARD";"Sophie";"F";"LUG";"la gauche, les écologistes et les citoyens rassemblés";"Pour Marseille, le 1er et 7e arrondissement, la gauche, les écologistes et les citoyens rassemblés";"171";"32,02%";"45,48%";"";"19";"3";"PARODI";"Clémence";"F";"LRN";"MARSEILLE EN ORDRE 1er & 7ème";"MARSEILLE EN ORDRE 1er & 7ème";"110";"20,60%";"29,26%";"";"3";"4";"SIMMARANO";"Romain";"M";"LDVD";"MARSEILLE JE T'AIME";"MARSEILLE JE T'AIME 1/7 AVEC ROMAIN SIMMARANO";"71";"13,30%";"18,88%";"";"1"
"13";"Bouches-du-Rhône";"13055SR02";"Marseille Secteur 2";"0201";"1029";"601";"58,41%";"428";"41,59%";"593";"57,63%";"98,67%";"5";"0,49%";"0,83%";"3";"0,29%";"0,50%";"2";"BERMEJO";"Marie";"F";"LRN";"MARSEILLE EN ORDRE";"MARSEILLE EN ORDRE 2EME ET 3EME";"191";"18,56%";"32,21%";"";"2";"3";"ABDALLAH SALIM";"Alladine";"M";"LFI";"Marseille fière et populaire avec Sébastien Delogu";"Marseille fière et populaire avec Sébastien Delogu, 2e et 3e arrondissement";"139";"13,51%";"23,44%";"";"4";"5";"KREHMEIER";"Anthony";"M";"LUG";"Pour Marseille";"Pour Marseille, 2e et 3e arrondissements, la gauche, les écologistes et les citoyens rassemblés";"263";"25,56%";"44,35%";"";"21";"";"";"";"";"";"";"";"";"";"";"";""
"13";"Bouches-du-Rhône";"13055SR02";"Marseille Secteur 2";"0202";"630";"418";"66,35%";"212";"33,65%";"410";"65,08%";"98,09%";"1";"0,16%";"0,24%";"7";"1,11%";"1,67%";"2";"BERMEJO";"Marie";"F";"LRN";"MARSEILLE EN ORDRE";"MARSEILLE EN ORDRE 2EME ET 3EME";"174";"27,62%";"42,44%";"";"2";"3";"ABDALLAH SALIM";"Alladine";"M";"LFI";"Marseille fière et populaire avec Sébastien Delogu";"Marseille fière et populaire avec Sébastien Delogu, 2e et 3e arrondissement";"48";"7,62%";"11,71%";"";"4";"5";"KREHMEIER";"Anthony";"M";"LUG";"Pour Marseille";"Pour Marseille, 2e et 3e arrondissements, la gauche, les écologistes et les citoyens rassemblés";"188";"29,84%";"45,85%";"";"21";"";"";"";"";"";"";"";"";"";"";"";""
"13";"Bouches-du-Rhône";"13055SR02";"Marseille Secteur 2";"0204";"826";"493";"59,69%";"333";"40,31%";"479";"57,99%";"97,16%";"8";"0,97%";"1,62%";"6";"0,73%";"1,22%";"2";"BERMEJO";"Marie";"F";"LRN";"MARSEILLE EN ORDRE";"MARSEILLE EN ORDRE 2EME ET 3EME";"125";"15,13%";"26,10%";"";"2";"3";"ABDALLAH SALIM";"Alladine";"M";"LFI";"Marseille fière et populaire avec Sébastien Delogu";"Marseille fière et populaire avec Sébastien Delogu, 2e et 3e arrondissement";"108";"13,08%";"22,55%";"";"4";"5";"KREHMEIER";"Anthony";"M";"LUG";"Pour Marseille";"Pour Marseille, 2e et 3e arrondissements, la gauche, les écologistes et les citoyens rassemblés";"246";"29,78%";"51,36%";"";"21";"";"";"";"";"";"";"";"";"";"";"";""
"13";"Bouches-du-Rhône";"13055SR02";"Marseille Secteur 2";"0231";"722";"392";"54,29%";"330";"45,71%";"386";"53,46%";"98,47%";"3";"0,42%";"0,77%";"3";"0,42%";"0,77%";"2";"BERMEJO";"Marie";"F";"LRN";"MARSEILLE EN ORDRE";"MARSEILLE EN ORDRE 2EME ET 3EME";"54";"7,48%";"13,99%";"";"2";"3";"ABDALLAH SALIM";"Alladine";"M";"LFI";"Marseille fière et populaire avec Sébastien Delogu";"Marseille fière et populaire avec Sébastien Delogu, 2e et 3e arrondissement";"135";"18,70%";"34,97%";"";"4";"5";"KREHMEIER";"Anthony";"M";"LUG";"Pour Marseille";"Pour Marseille, 2e et 3e arrondissements, la gauche, les écologistes et les citoyens rassemblés";"197";"27,29%";"51,04%";"";"21";"";"";"";"";"";"";"";"";"";"";"";""
"13";"Bouches-du-Rhône";"13055SR02";"Marseille Secteur 2";"0233";"912";"512";"56,14%";"400";"43,86%";"499";"54,71%";"97,46%";"10";"1,10%";"1,95%";"3";"0,33%";"0,59%";"2";"BERMEJO";"Marie";"F";"LRN";"MARSEILLE EN ORDRE";"MARSEILLE EN ORDRE 2EME ET 3EME";"153";"16,78%";"30,66%";"";"2";"3";"ABDALLAH SALIM";"Alladine";"M";"LFI";"Marseille fière et populaire avec Sébastien Delogu";"Marseille fière et populaire avec Sébastien Delogu, 2e et 3e arrondissement";"89";"9,76%";"17,84%";"";"4";"5";"KREHMEIER";"Anthony";"M";"LUG";"Pour Marseille";"Pour Marseille, 2e et 3e arrondissements, la gauche, les écologistes et les citoyens rassemblés";"257";"28,18%";"51,50%";"";"21";"";"";"";"";"";"";"";"";"";"";"";""
"13";"Bouches-du-Rhône";"13055SR02";"Marseille Secteur 2";"0235";"1406";"708";"50,36%";"698";"49,64%";"694";"49,36%";"98,02%";"8";"0,57%";"1,13%";"6";"0,43%";"0,85%";"2";"BERMEJO";"Marie";"F";"LRN";"MARSEILLE EN ORDRE";"MARSEILLE EN ORDRE 2EME ET 3EME";"164";"11,66%";"23,63%";"";"2";"3";"ABDALLAH SALIM";"Alladine";"M";"LFI";"Marseille fière et populaire avec Sébastien Delogu";"Marseille fière et populaire avec Sébastien Delogu, 2e et 3e arrondissement";"141";"10,03%";"20,32%";"";"4";"5";"KREHMEIER";"Anthony";"M";"LUG";"Pour Marseille";"Pour Marseille, 2e et 3e arrondissements, la gauche, les écologistes et les citoyens rassemblés";"389";"27,67%";"56,05%";"";"21";"";"";"";"";"";"";"";"";"";"";"";""
"13";"Bouches-du-Rhône";"13055SR02";"Marseille Secteur 2";"0237";"880";"469";"53,30%";"411";"46,70%";"455";"51,70%";"97,01%";"11";"1,25%";"2,35%";"3";"0,34%";"0,64%";"2";"BERMEJO";"Marie";"F";"LRN";"MARSEILLE EN ORDRE";"MARSEILLE EN ORDRE 2EME ET 3EME";"111";"12,61%";"24,40%";"";"2";"3";"ABDALLAH SALIM";"Alladine";"M";"LFI";"Marseille fière et populaire avec Sébastien Delogu";"Marseille fière et populaire avec Sébastien Delogu, 2e et 3e arrondissement";"110";"12,50%";"24,18%";"";"4";"5";"KREHMEIER";"Anthony";"M";"LUG";"Pour Marseille";"Pour Marseille, 2e et 3e arrondissements, la gauche, les écologistes et les citoyens rassemblés";"234";"26,59%";"51,43%";"";"21";"";"";"";"";"";"";"";"";"";"";"";""
"13";"Bouches-du-Rhône";"13055SR02";"Marseille Secteur 2";"0238";"677";"355";"52,44%";"322";"47,56%";"347";"51,26%";"97,75%";"6";"0,89%";"1,69%";"2";"0,30%";"0,56%";"2";"BERMEJO";"Marie";"F";"LRN";"MARSEILLE EN ORDRE";"MARSEILLE EN ORDRE 2EME ET 3EME";"48";"7,09%";"13,83%";"";"2";"3";"ABDALLAH SALIM";"Alladine";"M";"LFI";"Marseille fière et populaire avec Sébastien Delogu";"Marseille fière et populaire avec Sébastien Delogu, 2e et 3e arrondissement";"126";"18,61%";"36,31%";"";"4";"5";"KREHMEIER";"Anthony";"M";"LUG";"Pour Marseille";"Pour Marseille, 2e et 3e arrondissements, la gauche, les écologistes et les citoyens rassemblés";"173";"25,55%";"49,86%";"";"21";"";"";"";"";"";"";"";"";"";"";"";""
"13";"Bouches-du-Rhône";"13055SR02";"Marseille Secteur 2";"0251";"1063";"446";"41,96%";"617";"58,04%";"439";"41,30%";"98,43%";"3";"0,28%";"0,67%";"4";"0,38%";"0,90%";"2";"BERMEJO";"Marie";"F";"LRN";"MARSEILLE EN ORDRE";"MARSEILLE EN ORDRE 2EME ET 3EME";"81";"7,62%";"18,45%";"";"2";"3";"ABDALLAH SALIM";"Alladine";"M";"LFI";"Marseille fière et populaire avec Sébastien Delogu";"Marseille fière et populaire avec Sébastien Delogu, 2e et 3e arrondissement";"146";"13,73%";"33,26%";"";"4";"5";"KREHMEIER";"Anthony";"M";"LUG";"Pour Marseille";"Pour Marseille, 2e et 3e arrondissements, la gauche, les écologistes et les citoyens rassemblés";"212";"19,94%";"48,29%";"";"21";"";"";"";"";"";"";"";"";"";"";"";""
"13";"Bouches-du-Rhône";"13055SR02";"Marseille Secteur 2";"0252";"1344";"595";"44,27%";"749";"55,73%";"575";"42,78%";"96,64%";"14";"1,04%";"2,35%";"6";"0,45%";"1,01%";"2";"BERMEJO";"Marie";"F";"LRN";"MARSEILLE EN ORDRE";"MARSEILLE EN ORDRE 2EME ET 3EME";"110";"8,18%";"19,13%";"";"2";"3";"ABDALLAH SALIM";"Alladine";"M";"LFI";"Marseille fière et populaire avec Sébastien Delogu";"Marseille fière et populaire avec Sébastien Delogu, 2e et 3e arrondissement";"177";"13,17%";"30,78%";"";"4";"5";"KREHMEIER";"Anthony";"M";"LUG";"Pour Marseille";"Pour Marseille, 2e et 3e arrondissements, la gauche, les écologistes et les citoyens rassemblés";"288";"21,43%";"50,09%";"";"21";"";"";"";"";"";"";"";"";"";"";"";""
"13";"Bouches-du-Rhône";"13055SR02";"Marseille Secteur 2";"0253";"1062";"441";"41,53%";"621";"58,47%";"438";"41,24%";"99,32%";"3";"0,28%";"0,68%";"0";"0,00%";"0,00%";"2";"BERMEJO";"Marie";"F";"LRN";"MARSEILLE EN ORDRE";"MARSEILLE EN ORDRE 2EME ET 3EME";"84";"7,91%";"19,18%";"";"2";"3";"ABDALLAH SALIM";"Alladine";"M";"LFI";"Marseille fière et populaire avec Sébastien Delogu";"Marseille fière et populaire avec Sébastien Delogu, 2e et 3e arrondissement";"114";"10,73%";"26,03%";"";"4";"5";"KREHMEIER";"Anthony";"M";"LUG";"Pour Marseille";"Pour Marseille, 2e et 3e arrondissements, la gauche, les écologistes et les citoyens rassemblés";"240";"22,60%";"54,79%";"";"21";"";"";"";"";"";"";"";"";"";"";"";""
"13";"Bouches-du-Rhône";"13055SR02";"Marseille Secteur 2";"0254";"1501";"725";"48,30%";"776";"51,70%";"713";"47,50%";"98,34%";"10";"0,67%";"1,38%";"2";"0,13%";"0,28%";"2";"BERMEJO";"Marie";"F";"LRN";"MARSEILLE EN ORDRE";"MARSEILLE EN ORDRE 2EME ET 3EME";"151";"10,06%";"21,18%";"";"2";"3";"ABDALLAH SALIM";"Alladine";"M";"LFI";"Marseille fière et populaire avec Sébastien Delogu";"Marseille fière et populaire avec Sébastien Delogu, 2e et 3e arrondissement";"196";"13,06%";"27,49%";"";"4";"5";"KREHMEIER";"Anthony";"M";"LUG";"Pour Marseille";"Pour Marseille, 2e et 3e arrondissements, la gauche, les écologistes et les citoyens rassemblés";"366";"24,38%";"51,33%";"";"21";"";"";"";"";"";"";"";"";"";"";"";""
"13";"Bouches-du-Rhône";"13055SR02";"Marseille Secteur 2";"0255";"1565";"702";"44,86%";"863";"55,14%";"692";"44,22%";"98,58%";"5";"0,32%";"0,71%";"5";"0,32%";"0,71%";"2";"BERMEJO";"Marie";"F";"LRN";"MARSEILLE EN ORDRE";"MARSEILLE EN ORDRE 2EME ET 3EME";"157";"10,03%";"22,69%";"";"2";"3";"ABDALLAH SALIM";"Alladine";"M";"LFI";"Marseille fière et populaire avec Sébastien Delogu";"Marseille fière et populaire avec Sébastien Delogu, 2e et 3e arrondissement";"180";"11,50%";"26,01%";"";"4";"5";"KREHMEIER";"Anthony";"M";"LUG";"Pour Marseille";"Pour Marseille, 2e et 3e arrondissements, la gauche, les écologistes et les citoyens rassemblés";"355";"22,68%";"51,30%";"";"21";"";"";"";"";"";"";"";"";"";"";"";""
"13";"Bouches-du-Rhône";"13055SR02";"Marseille Secteur 2";"0281";"448";"180";"40,18%";"268";"59,82%";"177";"39,51%";"98,33%";"2";"0,45%";"1,11%";"1";"0,22%";"0,56%";"2";"BERMEJO";"Marie";"F";"LRN";"MARSEILLE EN ORDRE";"MARSEILLE EN ORDRE 2EME ET 3EME";"48";"10,71%";"27,12%";"";"2";"3";"ABDALLAH SALIM";"Alladine";"M";"LFI";"Marseille fière et populaire avec Sébastien Delogu";"Marseille fière et populaire avec Sébastien Delogu, 2e et 3e arrondissement";"39";"8,71%";"22,03%";"";"4";"5";"KREHMEIER";"Anthony";"M";"LUG";"Pour Marseille";"Pour Marseille, 2e et 3e arrondissements, la gauche, les écologistes et les citoyens rassemblés";"90";"20,09%";"50,85%";"";"21";"";"";"";"";"";"";"";"";"";"";"";""
"13";"Bouches-du-Rhône";"13055SR02";"Marseille Secteur 2";"0301";"1204";"555";"46,10%";"649";"53,90%";"547";"45,43%";"98,56%";"6";"0,50%";"1,08%";"2";"0,17%";"0,36%";"2";"BERMEJO";"Marie";"F";"LRN";"MARSEILLE EN ORDRE";"MARSEILLE EN ORDRE 2EME ET 3EME";"130";"10,80%";"23,77%";"";"2";"3";"ABDALLAH SALIM";"Alladine";"M";"LFI";"Marseille fière et populaire avec Sébastien Delogu";"Marseille fière et populaire avec Sébastien Delogu, 2e et 3e arrondissement";"116";"9,63%";"21,21%";"";"4";"5";"KREHMEIER";"Anthony";"M";"LUG";"Pour Marseille";"Pour Marseille, 2e et 3e arrondissements, la gauche, les écologistes et les citoyens rassemblés";"301";"25,00%";"55,03%";"";"21";"";"";"";"";"";"";"";"";"";"";"";""
"13";"Bouches-du-Rhône";"13055SR02";"Marseille Secteur 2";"0302";"958";"436";"45,51%";"522";"54,49%";"429";"44,78%";"98,39%";"5";"0,52%";"1,15%";"2";"0,21%";"0,46%";"2";"BERMEJO";"Marie";"F";"LRN";"MARSEILLE EN ORDRE";"MARSEILLE EN ORDRE 2EME ET 3EME";"102";"10,65%";"23,78%";"";"2";"3";"ABDALLAH SALIM";"Alladine";"M";"LFI";"Marseille fière et populaire avec Sébastien Delogu";"Marseille fière et populaire avec Sébastien Delogu, 2e et 3e arrondissement";"123";"12,84%";"28,67%";"";"4";"5";"KREHMEIER";"Anthony";"M";"LUG";"Pour Marseille";"Pour Marseille, 2e et 3e arrondissements, la gauche, les écologistes et les citoyens rassemblés";"204";"21,29%";"47,55%";"";"21";"";"";"";"";"";"";"";"";"";"";"";""
"13";"Bouches-du-Rhône";"13055SR02";"Marseille Secteur 2";"0303";"807";"392";"48,57%";"415";"51,43%";"385";"47,71%";"98,21%";"4";"0,50%";"1,02%";"3";"0,37%";"0,77%";"2";"BERMEJO";"Marie";"F";"LRN";"MARSEILLE EN ORDRE";"MARSEILLE EN ORDRE 2EME ET 3EME";"83";"10,29%";"21,56%";"";"2";"3";"ABDALLAH SALIM";"Alladine";"M";"LFI";"Marseille fière et populaire avec Sébastien Delogu";"Marseille fière et populaire avec Sébastien Delogu, 2e et 3e arrondissement";"99";"12,27%";"25,71%";"";"4";"5";"KREHMEIER";"Anthony";"M";"LUG";"Pour Marseille";"Pour Marseille, 2e et 3e arrondissements, la gauche, les écologistes et les citoyens rassemblés";"203";"25,15%";"52,73%";"";"21";"";"";"";"";"";"";"";"";"";"";"";""
"13";"Bouches-du-Rhône";"13055SR02";"Marseille Secteur 2";"0351";"987";"418";"42,35%";"569";"57,65%";"413";"41,84%";"98,80%";"3";"0,30%";"0,72%";"2";"0,20%";"0,48%";"2";"BERMEJO";"Marie";"F";"LRN";"MARSEILLE EN ORDRE";"MARSEILLE EN ORDRE 2EME ET 3EME";"83";"8,41%";"20,10%";"";"2";"3";"ABDALLAH SALIM";"Alladine";"M";"LFI";"Marseille fière et populaire avec Sébastien Delogu";"Marseille fière et populaire avec Sébastien Delogu, 2e et 3e arrondissement";"122";"12,36%";"29,54%";"";"4";"5";"KREHMEIER";"Anthony";"M";"LUG";"Pour Marseille";"Pour Marseille, 2e et 3e arrondissements, la gauche, les écologistes et les citoyens rassemblés";"208";"21,07%";"50,36%";"";"21";"";"";"";"";"";"";"";"";"";"";"";""
"13";"Bouches-du-Rhône";"13055SR02";"Marseille Secteur 2";"0352";"1492";"631";"42,29%";"861";"57,71%";"625";"41,89%";"99,05%";"4";"0,27%";"0,63%";"2";"0,13%";"0,32%";"2";"BERMEJO";"Marie";"F";"LRN";"MARSEILLE EN ORDRE";"MARSEILLE EN ORDRE 2EME ET 3EME";"109";"7,31%";"17,44%";"";"2";"3";"ABDALLAH SALIM";"Alladine";"M";"LFI";"Marseille fière et populaire avec Sébastien Delogu";"Marseille fière et populaire avec Sébastien Delogu, 2e et 3e arrondissement";"230";"15,42%";"36,80%";"";"4";"5";"KREHMEIER";"Anthony";"M";"LUG";"Pour Marseille";"Pour Marseille, 2e et 3e arrondissements, la gauche, les écologistes et les citoyens rassemblés";"286";"19,17%";"45,76%";"";"21";"";"";"";"";"";"";"";"";"";"";"";""
"13";"Bouches-du-Rhône";"13055SR02";"Marseille Secteur 2";"0353";"909";"319";"35,09%";"590";"64,91%";"306";"33,66%";"95,92%";"5";"0,55%";"1,57%";"8";"0,88%";"2,51%";"2";"BERMEJO";"Marie";"F";"LRN";"MARSEILLE EN ORDRE";"MARSEILLE EN ORDRE 2EME ET 3EME";"39";"4,29%";"12,75%";"";"2";"3";"ABDALLAH SALIM";"Alladine";"M";"LFI";"Marseille fière et populaire avec Sébastien Delogu";"Marseille fière et populaire avec Sébastien Delogu, 2e et 3e arrondissement";"108";"11,88%";"35,29%";"";"4";"5";"KREHMEIER";"Anthony";"M";"LUG";"Pour Marseille";"Pour Marseille, 2e et 3e arrondissements, la gauche, les écologistes et les citoyens rassemblés";"159";"17,49%";"51,96%";"";"21";"";"";"";"";"";"";"";"";"";"";"";""
"13";"Bouches-du-Rhône";"13055SR02";"Marseille Secteur 2";"0354";"1134";"446";"39,33%";"688";"60,67%";"442";"38,98%";"99,10%";"0";"0,00%";"0,00%";"4";"0,35%";"0,90%";"2";"BERMEJO";"Marie";"F";"LRN";"MARSEILLE EN ORDRE";"MARSEILLE EN ORDRE 2EME ET 3EME";"59";"5,20%";"13,35%";"";"2";"3";"ABDALLAH SALIM";"Alladine";"M";"LFI";"Marseille fière et populaire avec Sébastien Delogu";"Marseille fière et populaire avec Sébastien Delogu, 2e et 3e arrondissement";"146";"12,87%";"33,03%";"";"4";"5";"KREHMEIER";"Anthony";"M";"LUG";"Pour Marseille";"Pour Marseille, 2e et 3e arrondissements, la gauche, les écologistes et les citoyens rassemblés";"237";"20,90%";"53,62%";"";"21";"";"";"";"";"";"";"";"";"";"";"";""
"13";"Bouches-du-Rhône";"13055SR02";"Marseille Secteur 2";"0356";"1550";"562";"36,26%";"988";"63,74%";"557";"35,94%";"99,11%";"1";"0,06%";"0,18%";"4";"0,26%";"0,71%";"2";"BERMEJO";"Marie";"F";"LRN";"MARSEILLE EN ORDRE";"MARSEILLE EN ORDRE 2EME ET 3EME";"74";"4,77%";"13,29%";"";"2";"3";"ABDALLAH SALIM";"Alladine";"M";"LFI";"Marseille fière et populaire avec Sébastien Delogu";"Marseille fière et populaire avec Sébastien Delogu, 2e et 3e arrondissement";"183";"11,81%";"32,85%";"";"4";"5";"KREHMEIER";"Anthony";"M";"LUG";"Pour Marseille";"Pour Marseille, 2e et 3e arrondissements, la gauche, les écologistes et les citoyens rassemblés";"300";"19,35%";"53,86%";"";"21";"";"";"";"";"";"";"";"";"";"";"";""
"13";"Bouches-du-Rhône";"13055SR02";"Marseille Secteur 2";"0357";"1499";"476";"31,75%";"1023";"68,25%";"471";"31,42%";"98,95%";"1";"0,07%";"0,21%";"4";"0,27%";"0,84%";"2";"BERMEJO";"Marie";"F";"LRN";"MARSEILLE EN ORDRE";"MARSEILLE EN ORDRE 2EME ET 3EME";"60";"4,00%";"12,74%";"";"2";"3";"ABDALLAH SALIM";"Alladine";"M";"LFI";"Marseille fière et populaire avec Sébastien Delogu";"Marseille fière et populaire avec Sébastien Delogu, 2e et 3e arrondissement";"127";"8,47%";"26,96%";"";"4";"5";"KREHMEIER";"Anthony";"M";"LUG";"Pour Marseille";"Pour Marseille, 2e et 3e arrondissements, la gauche, les écologistes et les citoyens rassemblés";"284";"18,95%";"60,30%";"";"21";"";"";"";"";"";"";"";"";"";"";"";""
"13";"Bouches-du-Rhône";"13055SR02";"Marseille Secteur 2";"0358";"1215";"432";"35,56%";"783";"64,44%";"423";"34,81%";"97,92%";"3";"0,25%";"0,69%";"6";"0,49%";"1,39%";"2";"BERMEJO";"Marie";"F";"LRN";"MARSEILLE EN ORDRE";"MARSEILLE EN ORDRE 2EME ET 3EME";"51";"4,20%";"12,06%";"";"2";"3";"ABDALLAH SALIM";"Alladine";"M";"LFI";"Marseille fière et populaire avec Sébastien Delogu";"Marseille fière et populaire avec Sébastien Delogu, 2e et 3e arrondissement";"141";"11,60%";"33,33%";"";"4";"5";"KREHMEIER";"Anthony";"M";"LUG";"Pour Marseille";"Pour Marseille, 2e et 3e arrondissements, la gauche, les écologistes et les citoyens rassemblés";"231";"19,01%";"54,61%";"";"21";"";"";"";"";"";"";"";"";"";"";"";""
"13";"Bouches-du-Rhône";"13055SR02";"Marseille Secteur 2";"0359";"1194";"390";"32,66%";"804";"67,34%";"385";"32,24%";"98,72%";"1";"0,08%";"0,26%";"4";"0,34%";"1,03%";"2";"BERMEJO";"Marie";"F";"LRN";"MARSEILLE EN ORDRE";"MARSEILLE EN ORDRE 2EME ET 3EME";"16";"1,34%";"4,16%";"";"2";"3";"ABDALLAH SALIM";"Alladine";"M";"LFI";"Marseille fière et populaire avec Sébastien Delogu";"Marseille fière et populaire avec Sébastien Delogu, 2e et 3e arrondissement";"84";"7,04%";"21,82%";"";"4";"5";"KREHMEIER";"Anthony";"M";"LUG";"Pour Marseille";"Pour Marseille, 2e et 3e arrondissements, la gauche, les écologistes et les citoyens rassemblés";"285";"23,87%";"74,03%";"";"21";"";"";"";"";"";"";"";"";"";"";"";""
"13";"Bouches-du-Rhône";"13055SR02";"Marseille Secteur 2";"0360";"913";"343";"37,57%";"570";"62,43%";"337";"36,91%";"98,25%";"4";"0,44%";"1,17%";"2";"0,22%";"0,58%";"2";"BERMEJO";"Marie";"F";"LRN";"MARSEILLE EN ORDRE";"MARSEILLE EN ORDRE 2EME ET 3EME";"101";"11,06%";"29,97%";"";"2";"3";"ABDALLAH SALIM";"Alladine";"M";"LFI";"Marseille fière et populaire avec Sébastien Delogu";"Marseille fière et populaire avec Sébastien Delogu, 2e et 3e arrondissement";"84";"9,20%";"24,93%";"";"4";"5";"KREHMEIER";"Anthony";"M";"LUG";"Pour Marseille";"Pour Marseille, 2e et 3e arrondissements, la gauche, les écologistes et les citoyens rassemblés";"152";"16,65%";"45,10%";"";"21";"";"";"";"";"";"";"";"";"";"";"";""
"13";"Bouches-du-Rhône";"13055SR02";"Marseille Secteur 2";"0361";"542";"203";"37,45%";"339";"62,55%";"200";"36,90%";"98,52%";"2";"0,37%";"0,99%";"1";"0,18%";"0,49%";"2";"BERMEJO";"Marie";"F";"LRN";"MARSEILLE EN ORDRE";"MARSEILLE EN ORDRE 2EME ET 3EME";"41";"7,56%";"20,50%";"";"2";"3";"ABDALLAH SALIM";"Alladine";"M";"LFI";"Marseille fière et populaire avec Sébastien Delogu";"Marseille fière et populaire avec Sébastien Delogu, 2e et 3e arrondissement";"67";"12,36%";"33,50%";"";"4";"5";"KREHMEIER";"Anthony";"M";"LUG";"Pour Marseille";"Pour Marseille, 2e et 3e arrondissements, la gauche, les écologistes et les citoyens rassemblés";"92";"16,97%";"46,00%";"";"21";"";"";"";"";"";"";"";"";"";"";"";""
"13";"Bouches-du-Rhône";"13055SR02";"Marseille Secteur 2";"0362";"1279";"425";"33,23%";"854";"66,77%";"421";"32,92%";"99,06%";"2";"0,16%";"0,47%";"2";"0,16%";"0,47%";"2";"BERMEJO";"Marie";"F";"LRN";"MARSEILLE EN ORDRE";"MARSEILLE EN ORDRE 2EME ET 3EME";"75";"5,86%";"17,81%";"";"2";"3";"ABDALLAH SALIM";"Alladine";"M";"LFI";"Marseille fière et populaire avec Sébastien Delogu";"Marseille fière et populaire avec Sébastien Delogu, 2e et 3e arrondissement";"122";"9,54%";"28,98%";"";"4";"5";"KREHMEIER";"Anthony";"M";"LUG";"Pour Marseille";"Pour Marseille, 2e et 3e arrondissements, la gauche, les écologistes et les citoyens rassemblés";"224";"17,51%";"53,21%";"";"21";"";"";"";"";"";"";"";"";"";"";"";""
"13";"Bouches-du-Rhône";"13055SR02";"Marseille Secteur 2";"0363";"1439";"532";"36,97%";"907";"63,03%";"528";"36,69%";"99,25%";"2";"0,14%";"0,38%";"2";"0,14%";"0,38%";"2";"BERMEJO";"Marie";"F";"LRN";"MARSEILLE EN ORDRE";"MARSEILLE EN ORDRE 2EME ET 3EME";"83";"5,77%";"15,72%";"";"2";"3";"ABDALLAH SALIM";"Alladine";"M";"LFI";"Marseille fière et populaire avec Sébastien Delogu";"Marseille fière et populaire avec Sébastien Delogu, 2e et 3e arrondissement";"207";"14,38%";"39,20%";"";"4";"5";"KREHMEIER";"Anthony";"M";"LUG";"Pour Marseille";"Pour Marseille, 2e et 3e arrondissements, la gauche, les écologistes et les citoyens rassemblés";"238";"16,54%";"45,08%";"";"21";"";"";"";"";"";"";"";"";"";"";"";""
"13";"Bouches-du-Rhône";"13055SR02";"Marseille Secteur 2";"0364";"881";"395";"44,84%";"486";"55,16%";"389";"44,15%";"98,48%";"2";"0,23%";"0,51%";"4";"0,45%";"1,01%";"2";"BERMEJO";"Marie";"F";"LRN";"MARSEILLE EN ORDRE";"MARSEILLE EN ORDRE 2EME ET 3EME";"64";"7,26%";"16,45%";"";"2";"3";"ABDALLAH SALIM";"Alladine";"M";"LFI";"Marseille fière et populaire avec Sébastien Delogu";"Marseille fière et populaire avec Sébastien Delogu, 2e et 3e arrondissement";"150";"17,03%";"38,56%";"";"4";"5";"KREHMEIER";"Anthony";"M";"LUG";"Pour Marseille";"Pour Marseille, 2e et 3e arrondissements, la gauche, les écologistes et les citoyens rassemblés";"175";"19,86%";"44,99%";"";"21";"";"";"";"";"";"";"";"";"";"";"";""
"13";"Bouches-du-Rhône";"13055SR02";"Marseille Secteur 2";"0365";"744";"288";"38,71%";"456";"61,29%";"284";"38,17%";"98,61%";"4";"0,54%";"1,39%";"0";"0,00%";"0,00%";"2";"BERMEJO";"Marie";"F";"LRN";"MARSEILLE EN ORDRE";"MARSEILLE EN ORDRE 2EME ET 3EME";"71";"9,54%";"25,00%";"";"2";"3";"ABDALLAH SALIM";"Alladine";"M";"LFI";"Marseille fière et populaire avec Sébastien Delogu";"Marseille fière et populaire avec Sébastien Delogu, 2e et 3e arrondissement";"88";"11,83%";"30,99%";"";"4";"5";"KREHMEIER";"Anthony";"M";"LUG";"Pour Marseille";"Pour Marseille, 2e et 3e arrondissements, la gauche, les écologistes et les citoyens rassemblés";"125";"16,80%";"44,01%";"";"21";"";"";"";"";"";"";"";"";"";"";"";""
"13";"Bouches-du-Rhône";"13055SR02";"Marseille Secteur 2";"0366";"1263";"480";"38,00%";"783";"62,00%";"474";"37,53%";"98,75%";"2";"0,16%";"0,42%";"4";"0,32%";"0,83%";"2";"BERMEJO";"Marie";"F";"LRN";"MARSEILLE EN ORDRE";"MARSEILLE EN ORDRE 2EME ET 3EME";"69";"5,46%";"14,56%";"";"2";"3";"ABDALLAH SALIM";"Alladine";"M";"LFI";"Marseille fière et populaire avec Sébastien Delogu";"Marseille fière et populaire avec Sébastien Delogu, 2e et 3e arrondissement";"209";"16,55%";"44,09%";"";"4";"5";"KREHMEIER";"Anthony";"M";"LUG";"Pour Marseille";"Pour Marseille, 2e et 3e arrondissements, la gauche, les écologistes et les citoyens rassemblés";"196";"15,52%";"41,35%";"";"21";"";"";"";"";"";"";"";"";"";"";"";""
"13";"Bouches-du-Rhône";"13055SR02";"Marseille Secteur 2";"0368";"1234";"617";"50,00%";"617";"50,00%";"611";"49,51%";"99,03%";"4";"0,32%";"0,65%";"2";"0,16%";"0,32%";"2";"BERMEJO";"Marie";"F";"LRN";"MARSEILLE EN ORDRE";"MARSEILLE EN ORDRE 2EME ET 3EME";"125";"10,13%";"20,46%";"";"2";"3";"ABDALLAH SALIM";"Alladine";"M";"LFI";"Marseille fière et populaire avec Sébastien Delogu";"Marseille fière et populaire avec Sébastien Delogu, 2e et 3e arrondissement";"244";"19,77%";"39,93%";"";"4";"5";"KREHMEIER";"Anthony";"M";"LUG";"Pour Marseille";"Pour Marseille, 2e et 3e arrondissements, la gauche, les écologistes et les citoyens rassemblés";"242";"19,61%";"39,61%";"";"21";"";"";"";"";"";"";"";"";"";"";"";""
"13";"Bouches-du-Rhône";"13055SR02";"Marseille Secteur 2";"0370";"1047";"402";"38,40%";"645";"61,60%";"394";"37,63%";"98,01%";"6";"0,57%";"1,49%";"2";"0,19%";"0,50%";"2";"BERMEJO";"Marie";"F";"LRN";"MARSEILLE EN ORDRE";"MARSEILLE EN ORDRE 2EME ET 3EME";"109";"10,41%";"27,66%";"";"2";"3";"ABDALLAH SALIM";"Alladine";"M";"LFI";"Marseille fière et populaire avec Sébastien Delogu";"Marseille fière et populaire avec Sébastien Delogu, 2e et 3e arrondissement";"141";"13,47%";"35,79%";"";"4";"5";"KREHMEIER";"Anthony";"M";"LUG";"Pour Marseille";"Pour Marseille, 2e et 3e arrondissements, la gauche, les écologistes et les citoyens rassemblés";"144";"13,75%";"36,55%";"";"21";"";"";"";"";"";"";"";"";"";"";"";""
"13";"Bouches-du-Rhône";"13055SR02";"Marseille Secteur 2";"0371";"1159";"565";"48,75%";"594";"51,25%";"557";"48,06%";"98,58%";"3";"0,26%";"0,53%";"5";"0,43%";"0,88%";"2";"BERMEJO";"Marie";"F";"LRN";"MARSEILLE EN ORDRE";"MARSEILLE EN ORDRE 2EME ET 3EME";"171";"14,75%";"30,70%";"";"2";"3";"ABDALLAH SALIM";"Alladine";"M";"LFI";"Marseille fière et populaire avec Sébastien Delogu";"Marseille fière et populaire avec Sébastien Delogu, 2e et 3e arrondissement";"171";"14,75%";"30,70%";"";"4";"5";"KREHMEIER";"Anthony";"M";"LUG";"Pour Marseille";"Pour Marseille, 2e et 3e arrondissements, la gauche, les écologistes et les citoyens rassemblés";"215";"18,55%";"38,60%";"";"21";"";"";"";"";"";"";"";"";"";"";"";""
"13";"Bouches-du-Rhône";"13055SR03";"Marseille Secteur 3";"0401";"1441";"952";"66,07%";"489";"33,93%";"941";"65,30%";"98,84%";"5";"0,35%";"0,53%";"6";"0,42%";"0,63%";"1";"BIJAOUI";"Léa";"F";"LFI";"Marseille fière et populaire avec Sébastien Delogu";"Marseille fière et populaire avec Sébastien Delogu, 4e et 5e arrondissements";"196";"13,60%";"20,83%";"";"3";"2";"BATTESTI";"Thomas";"M";"LRN";"MARSEILLE EN ORDRE";"MARSEILLE EN ORDRE 4ÈME & 5ÈME";"187";"12,98%";"19,87%";"";"4";"3";"JAU";"Didier";"M";"LUG";"4 ET 5 LA GAUCHE RASSEMBLES";"POUR MARSEILLE, 4E ET 5E, LA GAUCHE, LES ECOLOGISTES ET LES CITOYENS RASSEMBLES";"468";"32,48%";"49,73%";"";"24";"4";"GILLES";"Bruno";"M";"LDVD";"Marseille je t'aime 4/5";"Marseille je t'aime 4/5 avec Bruno GILLES";"90";"6,25%";"9,56%";"";"2"
"13";"Bouches-du-Rhône";"13055SR03";"Marseille Secteur 3";"0402";"1455";"918";"63,09%";"537";"36,91%";"910";"62,54%";"99,13%";"8";"0,55%";"0,87%";"0";"0,00%";"0,00%";"1";"BIJAOUI";"Léa";"F";"LFI";"Marseille fière et populaire avec Sébastien Delogu";"Marseille fière et populaire avec Sébastien Delogu, 4e et 5e arrondissements";"225";"15,46%";"24,73%";"";"3";"2";"BATTESTI";"Thomas";"M";"LRN";"MARSEILLE EN ORDRE";"MARSEILLE EN ORDRE 4ÈME & 5ÈME";"150";"10,31%";"16,48%";"";"4";"3";"JAU";"Didier";"M";"LUG";"4 ET 5 LA GAUCHE RASSEMBLES";"POUR MARSEILLE, 4E ET 5E, LA GAUCHE, LES ECOLOGISTES ET LES CITOYENS RASSEMBLES";"456";"31,34%";"50,11%";"";"24";"4";"GILLES";"Bruno";"M";"LDVD";"Marseille je t'aime 4/5";"Marseille je t'aime 4/5 avec Bruno GILLES";"79";"5,43%";"8,68%";"";"2"
"13";"Bouches-du-Rhône";"13055SR03";"Marseille Secteur 3";"0404";"1356";"828";"61,06%";"528";"38,94%";"807";"59,51%";"97,46%";"5";"0,37%";"0,60%";"16";"1,18%";"1,93%";"1";"BIJAOUI";"Léa";"F";"LFI";"Marseille fière et populaire avec Sébastien Delogu";"Marseille fière et populaire avec Sébastien Delogu, 4e et 5e arrondissements";"147";"10,84%";"18,22%";"";"3";"2";"BATTESTI";"Thomas";"M";"LRN";"MARSEILLE EN ORDRE";"MARSEILLE EN ORDRE 4ÈME & 5ÈME";"225";"16,59%";"27,88%";"";"4";"3";"JAU";"Didier";"M";"LUG";"4 ET 5 LA GAUCHE RASSEMBLES";"POUR MARSEILLE, 4E ET 5E, LA GAUCHE, LES ECOLOGISTES ET LES CITOYENS RASSEMBLES";"365";"26,92%";"45,23%";"";"24";"4";"GILLES";"Bruno";"M";"LDVD";"Marseille je t'aime 4/5";"Marseille je t'aime 4/5 avec Bruno GILLES";"70";"5,16%";"8,67%";"";"2"
"13";"Bouches-du-Rhône";"13055SR03";"Marseille Secteur 3";"0406";"1592";"807";"50,69%";"785";"49,31%";"797";"50,06%";"98,76%";"6";"0,38%";"0,74%";"4";"0,25%";"0,50%";"1";"BIJAOUI";"Léa";"F";"LFI";"Marseille fière et populaire avec Sébastien Delogu";"Marseille fière et populaire avec Sébastien Delogu, 4e et 5e arrondissements";"129";"8,10%";"16,19%";"";"3";"2";"BATTESTI";"Thomas";"M";"LRN";"MARSEILLE EN ORDRE";"MARSEILLE EN ORDRE 4ÈME & 5ÈME";"242";"15,20%";"30,36%";"";"4";"3";"JAU";"Didier";"M";"LUG";"4 ET 5 LA GAUCHE RASSEMBLES";"POUR MARSEILLE, 4E ET 5E, LA GAUCHE, LES ECOLOGISTES ET LES CITOYENS RASSEMBLES";"320";"20,10%";"40,15%";"";"24";"4";"GILLES";"Bruno";"M";"LDVD";"Marseille je t'aime 4/5";"Marseille je t'aime 4/5 avec Bruno GILLES";"106";"6,66%";"13,30%";"";"2"
"13";"Bouches-du-Rhône";"13055SR03";"Marseille Secteur 3";"0407";"1041";"562";"53,99%";"479";"46,01%";"551";"52,93%";"98,04%";"3";"0,29%";"0,53%";"8";"0,77%";"1,42%";"1";"BIJAOUI";"Léa";"F";"LFI";"Marseille fière et populaire avec Sébastien Delogu";"Marseille fière et populaire avec Sébastien Delogu, 4e et 5e arrondissements";"138";"13,26%";"25,05%";"";"3";"2";"BATTESTI";"Thomas";"M";"LRN";"MARSEILLE EN ORDRE";"MARSEILLE EN ORDRE 4ÈME & 5ÈME";"121";"11,62%";"21,96%";"";"4";"3";"JAU";"Didier";"M";"LUG";"4 ET 5 LA GAUCHE RASSEMBLES";"POUR MARSEILLE, 4E ET 5E, LA GAUCHE, LES ECOLOGISTES ET LES CITOYENS RASSEMBLES";"239";"22,96%";"43,38%";"";"24";"4";"GILLES";"Bruno";"M";"LDVD";"Marseille je t'aime 4/5";"Marseille je t'aime 4/5 avec Bruno GILLES";"53";"5,09%";"9,62%";"";"2"
"13";"Bouches-du-Rhône";"13055SR03";"Marseille Secteur 3";"0408";"1039";"523";"50,34%";"516";"49,66%";"517";"49,76%";"98,85%";"2";"0,19%";"0,38%";"4";"0,38%";"0,76%";"1";"BIJAOUI";"Léa";"F";"LFI";"Marseille fière et populaire avec Sébastien Delogu";"Marseille fière et populaire avec Sébastien Delogu, 4e et 5e arrondissements";"91";"8,76%";"17,60%";"";"3";"2";"BATTESTI";"Thomas";"M";"LRN";"MARSEILLE EN ORDRE";"MARSEILLE EN ORDRE 4ÈME & 5ÈME";"139";"13,38%";"26,89%";"";"4";"3";"JAU";"Didier";"M";"LUG";"4 ET 5 LA GAUCHE RASSEMBLES";"POUR MARSEILLE, 4E ET 5E, LA GAUCHE, LES ECOLOGISTES ET LES CITOYENS RASSEMBLES";"233";"22,43%";"45,07%";"";"24";"4";"GILLES";"Bruno";"M";"LDVD";"Marseille je t'aime 4/5";"Marseille je t'aime 4/5 avec Bruno GILLES";"54";"5,20%";"10,44%";"";"2"
"13";"Bouches-du-Rhône";"13055SR03";"Marseille Secteur 3";"0410";"1700";"969";"57,00%";"731";"43,00%";"956";"56,24%";"98,66%";"8";"0,47%";"0,83%";"5";"0,29%";"0,52%";"1";"BIJAOUI";"Léa";"F";"LFI";"Marseille fière et populaire avec Sébastien Delogu";"Marseille fière et populaire avec Sébastien Delogu, 4e et 5e arrondissements";"210";"12,35%";"21,97%";"";"3";"2";"BATTESTI";"Thomas";"M";"LRN";"MARSEILLE EN ORDRE";"MARSEILLE EN ORDRE 4ÈME & 5ÈME";"196";"11,53%";"20,50%";"";"4";"3";"JAU";"Didier";"M";"LUG";"4 ET 5 LA GAUCHE RASSEMBLES";"POUR MARSEILLE, 4E ET 5E, LA GAUCHE, LES ECOLOGISTES ET LES CITOYENS RASSEMBLES";"460";"27,06%";"48,12%";"";"24";"4";"GILLES";"Bruno";"M";"LDVD";"Marseille je t'aime 4/5";"Marseille je t'aime 4/5 avec Bruno GILLES";"90";"5,29%";"9,41%";"";"2"
"13";"Bouches-du-Rhône";"13055SR03";"Marseille Secteur 3";"0421";"1536";"837";"54,49%";"699";"45,51%";"826";"53,78%";"98,69%";"8";"0,52%";"0,96%";"3";"0,20%";"0,36%";"1";"BIJAOUI";"Léa";"F";"LFI";"Marseille fière et populaire avec Sébastien Delogu";"Marseille fière et populaire avec Sébastien Delogu, 4e et 5e arrondissements";"171";"11,13%";"20,70%";"";"3";"2";"BATTESTI";"Thomas";"M";"LRN";"MARSEILLE EN ORDRE";"MARSEILLE EN ORDRE 4ÈME & 5ÈME";"199";"12,96%";"24,09%";"";"4";"3";"JAU";"Didier";"M";"LUG";"4 ET 5 LA GAUCHE RASSEMBLES";"POUR MARSEILLE, 4E ET 5E, LA GAUCHE, LES ECOLOGISTES ET LES CITOYENS RASSEMBLES";"373";"24,28%";"45,16%";"";"24";"4";"GILLES";"Bruno";"M";"LDVD";"Marseille je t'aime 4/5";"Marseille je t'aime 4/5 avec Bruno GILLES";"83";"5,40%";"10,05%";"";"2"
"13";"Bouches-du-Rhône";"13055SR03";"Marseille Secteur 3";"0422";"1282";"778";"60,69%";"504";"39,31%";"765";"59,67%";"98,33%";"9";"0,70%";"1,16%";"4";"0,31%";"0,51%";"1";"BIJAOUI";"Léa";"F";"LFI";"Marseille fière et populaire avec Sébastien Delogu";"Marseille fière et populaire avec Sébastien Delogu, 4e et 5e arrondissements";"114";"8,89%";"14,90%";"";"3";"2";"BATTESTI";"Thomas";"M";"LRN";"MARSEILLE EN ORDRE";"MARSEILLE EN ORDRE 4ÈME & 5ÈME";"233";"18,17%";"30,46%";"";"4";"3";"JAU";"Didier";"M";"LUG";"4 ET 5 LA GAUCHE RASSEMBLES";"POUR MARSEILLE, 4E ET 5E, LA GAUCHE, LES ECOLOGISTES ET LES CITOYENS RASSEMBLES";"315";"24,57%";"41,18%";"";"24";"4";"GILLES";"Bruno";"M";"LDVD";"Marseille je t'aime 4/5";"Marseille je t'aime 4/5 avec Bruno GILLES";"103";"8,03%";"13,46%";"";"2"
"13";"Bouches-du-Rhône";"13055SR03";"Marseille Secteur 3";"0424";"916";"494";"53,93%";"422";"46,07%";"488";"53,28%";"98,79%";"3";"0,33%";"0,61%";"3";"0,33%";"0,61%";"1";"BIJAOUI";"Léa";"F";"LFI";"Marseille fière et populaire avec Sébastien Delogu";"Marseille fière et populaire avec Sébastien Delogu, 4e et 5e arrondissements";"75";"8,19%";"15,37%";"";"3";"2";"BATTESTI";"Thomas";"M";"LRN";"MARSEILLE EN ORDRE";"MARSEILLE EN ORDRE 4ÈME & 5ÈME";"133";"14,52%";"27,25%";"";"4";"3";"JAU";"Didier";"M";"LUG";"4 ET 5 LA GAUCHE RASSEMBLES";"POUR MARSEILLE, 4E ET 5E, LA GAUCHE, LES ECOLOGISTES ET LES CITOYENS RASSEMBLES";"176";"19,21%";"36,07%";"";"24";"4";"GILLES";"Bruno";"M";"LDVD";"Marseille je t'aime 4/5";"Marseille je t'aime 4/5 avec Bruno GILLES";"104";"11,35%";"21,31%";"";"2"
"13";"Bouches-du-Rhône";"13055SR03";"Marseille Secteur 3";"0425";"795";"480";"60,38%";"315";"39,62%";"475";"59,75%";"98,96%";"2";"0,25%";"0,42%";"3";"0,38%";"0,63%";"1";"BIJAOUI";"Léa";"F";"LFI";"Marseille fière et populaire avec Sébastien Delogu";"Marseille fière et populaire avec Sébastien Delogu, 4e et 5e arrondissements";"51";"6,42%";"10,74%";"";"3";"2";"BATTESTI";"Thomas";"M";"LRN";"MARSEILLE EN ORDRE";"MARSEILLE EN ORDRE 4ÈME & 5ÈME";"147";"18,49%";"30,95%";"";"4";"3";"JAU";"Didier";"M";"LUG";"4 ET 5 LA GAUCHE RASSEMBLES";"POUR MARSEILLE, 4E ET 5E, LA GAUCHE, LES ECOLOGISTES ET LES CITOYENS RASSEMBLES";"138";"17,36%";"29,05%";"";"24";"4";"GILLES";"Bruno";"M";"LDVD";"Marseille je t'aime 4/5";"Marseille je t'aime 4/5 avec Bruno GILLES";"139";"17,48%";"29,26%";"";"2"
"13";"Bouches-du-Rhône";"13055SR03";"Marseille Secteur 3";"0426";"742";"423";"57,01%";"319";"42,99%";"417";"56,20%";"98,58%";"2";"0,27%";"0,47%";"4";"0,54%";"0,95%";"1";"BIJAOUI";"Léa";"F";"LFI";"Marseille fière et populaire avec Sébastien Delogu";"Marseille fière et populaire avec Sébastien Delogu, 4e et 5e arrondissements";"50";"6,74%";"11,99%";"";"3";"2";"BATTESTI";"Thomas";"M";"LRN";"MARSEILLE EN ORDRE";"MARSEILLE EN ORDRE 4ÈME & 5ÈME";"146";"19,68%";"35,01%";"";"4";"3";"JAU";"Didier";"M";"LUG";"4 ET 5 LA GAUCHE RASSEMBLES";"POUR MARSEILLE, 4E ET 5E, LA GAUCHE, LES ECOLOGISTES ET LES CITOYENS RASSEMBLES";"145";"19,54%";"34,77%";"";"24";"4";"GILLES";"Bruno";"M";"LDVD";"Marseille je t'aime 4/5";"Marseille je t'aime 4/5 avec Bruno GILLES";"76";"10,24%";"18,23%";"";"2"
"13";"Bouches-du-Rhône";"13055SR03";"Marseille Secteur 3";"0427";"852";"443";"52,00%";"409";"48,00%";"437";"51,29%";"98,65%";"2";"0,23%";"0,45%";"4";"0,47%";"0,90%";"1";"BIJAOUI";"Léa";"F";"LFI";"Marseille fière et populaire avec Sébastien Delogu";"Marseille fière et populaire avec Sébastien Delogu, 4e et 5e arrondissements";"88";"10,33%";"20,14%";"";"3";"2";"BATTESTI";"Thomas";"M";"LRN";"MARSEILLE EN ORDRE";"MARSEILLE EN ORDRE 4ÈME & 5ÈME";"129";"15,14%";"29,52%";"";"4";"3";"JAU";"Didier";"M";"LUG";"4 ET 5 LA GAUCHE RASSEMBLES";"POUR MARSEILLE, 4E ET 5E, LA GAUCHE, LES ECOLOGISTES ET LES CITOYENS RASSEMBLES";"159";"18,66%";"36,38%";"";"24";"4";"GILLES";"Bruno";"M";"LDVD";"Marseille je t'aime 4/5";"Marseille je t'aime 4/5 avec Bruno GILLES";"61";"7,16%";"13,96%";"";"2"
"13";"Bouches-du-Rhône";"13055SR03";"Marseille Secteur 3";"0428";"1465";"731";"49,90%";"734";"50,10%";"712";"48,60%";"97,40%";"7";"0,48%";"0,96%";"12";"0,82%";"1,64%";"1";"BIJAOUI";"Léa";"F";"LFI";"Marseille fière et populaire avec Sébastien Delogu";"Marseille fière et populaire avec Sébastien Delogu, 4e et 5e arrondissements";"83";"5,67%";"11,66%";"";"3";"2";"BATTESTI";"Thomas";"M";"LRN";"MARSEILLE EN ORDRE";"MARSEILLE EN ORDRE 4ÈME & 5ÈME";"290";"19,80%";"40,73%";"";"4";"3";"JAU";"Didier";"M";"LUG";"4 ET 5 LA GAUCHE RASSEMBLES";"POUR MARSEILLE, 4E ET 5E, LA GAUCHE, LES ECOLOGISTES ET LES CITOYENS RASSEMBLES";"261";"17,82%";"36,66%";"";"24";"4";"GILLES";"Bruno";"M";"LDVD";"Marseille je t'aime 4/5";"Marseille je t'aime 4/5 avec Bruno GILLES";"78";"5,32%";"10,96%";"";"2"
"13";"Bouches-du-Rhône";"13055SR03";"Marseille Secteur 3";"0441";"1064";"636";"59,77%";"428";"40,23%";"626";"58,83%";"98,43%";"7";"0,66%";"1,10%";"3";"0,28%";"0,47%";"1";"BIJAOUI";"Léa";"F";"LFI";"Marseille fière et populaire avec Sébastien Delogu";"Marseille fière et populaire avec Sébastien Delogu, 4e et 5e arrondissements";"101";"9,49%";"16,13%";"";"3";"2";"BATTESTI";"Thomas";"M";"LRN";"MARSEILLE EN ORDRE";"MARSEILLE EN ORDRE 4ÈME & 5ÈME";"175";"16,45%";"27,96%";"";"4";"3";"JAU";"Didier";"M";"LUG";"4 ET 5 LA GAUCHE RASSEMBLES";"POUR MARSEILLE, 4E ET 5E, LA GAUCHE, LES ECOLOGISTES ET LES CITOYENS RASSEMBLES";"273";"25,66%";"43,61%";"";"24";"4";"GILLES";"Bruno";"M";"LDVD";"Marseille je t'aime 4/5";"Marseille je t'aime 4/5 avec Bruno GILLES";"77";"7,24%";"12,30%";"";"2"
"13";"Bouches-du-Rhône";"13055SR03";"Marseille Secteur 3";"0442";"739";"422";"57,10%";"317";"42,90%";"416";"56,29%";"98,58%";"1";"0,14%";"0,24%";"5";"0,68%";"1,18%";"1";"BIJAOUI";"Léa";"F";"LFI";"Marseille fière et populaire avec Sébastien Delogu";"Marseille fière et populaire avec Sébastien Delogu, 4e et 5e arrondissements";"55";"7,44%";"13,22%";"";"3";"2";"BATTESTI";"Thomas";"M";"LRN";"MARSEILLE EN ORDRE";"MARSEILLE EN ORDRE 4ÈME & 5ÈME";"157";"21,24%";"37,74%";"";"4";"3";"JAU";"Didier";"M";"LUG";"4 ET 5 LA GAUCHE RASSEMBLES";"POUR MARSEILLE, 4E ET 5E, LA GAUCHE, LES ECOLOGISTES ET LES CITOYENS RASSEMBLES";"165";"22,33%";"39,66%";"";"24";"4";"GILLES";"Bruno";"M";"LDVD";"Marseille je t'aime 4/5";"Marseille je t'aime 4/5 avec Bruno GILLES";"39";"5,28%";"9,38%";"";"2"
"13";"Bouches-du-Rhône";"13055SR03";"Marseille Secteur 3";"0443";"904";"515";"56,97%";"389";"43,03%";"508";"56,19%";"98,64%";"4";"0,44%";"0,78%";"3";"0,33%";"0,58%";"1";"BIJAOUI";"Léa";"F";"LFI";"Marseille fière et populaire avec Sébastien Delogu";"Marseille fière et populaire avec Sébastien Delogu, 4e et 5e arrondissements";"54";"5,97%";"10,63%";"";"3";"2";"BATTESTI";"Thomas";"M";"LRN";"MARSEILLE EN ORDRE";"MARSEILLE EN ORDRE 4ÈME & 5ÈME";"225";"24,89%";"44,29%";"";"4";"3";"JAU";"Didier";"M";"LUG";"4 ET 5 LA GAUCHE RASSEMBLES";"POUR MARSEILLE, 4E ET 5E, LA GAUCHE, LES ECOLOGISTES ET LES CITOYENS RASSEMBLES";"170";"18,81%";"33,46%";"";"24";"4";"GILLES";"Bruno";"M";"LDVD";"Marseille je t'aime 4/5";"Marseille je t'aime 4/5 avec Bruno GILLES";"59";"6,53%";"11,61%";"";"2"
"13";"Bouches-du-Rhône";"13055SR03";"Marseille Secteur 3";"0451";"1265";"846";"66,88%";"419";"33,12%";"836";"66,09%";"98,82%";"6";"0,47%";"0,71%";"4";"0,32%";"0,47%";"1";"BIJAOUI";"Léa";"F";"LFI";"Marseille fière et populaire avec Sébastien Delogu";"Marseille fière et populaire avec Sébastien Delogu, 4e et 5e arrondissements";"239";"18,89%";"28,59%";"";"3";"2";"BATTESTI";"Thomas";"M";"LRN";"MARSEILLE EN ORDRE";"MARSEILLE EN ORDRE 4ÈME & 5ÈME";"153";"12,09%";"18,30%";"";"4";"3";"JAU";"Didier";"M";"LUG";"4 ET 5 LA GAUCHE RASSEMBLES";"POUR MARSEILLE, 4E ET 5E, LA GAUCHE, LES ECOLOGISTES ET LES CITOYENS RASSEMBLES";"374";"29,57%";"44,74%";"";"24";"4";"GILLES";"Bruno";"M";"LDVD";"Marseille je t'aime 4/5";"Marseille je t'aime 4/5 avec Bruno GILLES";"70";"5,53%";"8,37%";"";"2"
"13";"Bouches-du-Rhône";"13055SR03";"Marseille Secteur 3";"0452";"1225";"829";"67,67%";"396";"32,33%";"814";"66,45%";"98,19%";"8";"0,65%";"0,97%";"7";"0,57%";"0,84%";"1";"BIJAOUI";"Léa";"F";"LFI";"Marseille fière et populaire avec Sébastien Delogu";"Marseille fière et populaire avec Sébastien Delogu, 4e et 5e arrondissements";"159";"12,98%";"19,53%";"";"3";"2";"BATTESTI";"Thomas";"M";"LRN";"MARSEILLE EN ORDRE";"MARSEILLE EN ORDRE 4ÈME & 5ÈME";"154";"12,57%";"18,92%";"";"4";"3";"JAU";"Didier";"M";"LUG";"4 ET 5 LA GAUCHE RASSEMBLES";"POUR MARSEILLE, 4E ET 5E, LA GAUCHE, LES ECOLOGISTES ET LES CITOYENS RASSEMBLES";"418";"34,12%";"51,35%";"";"24";"4";"GILLES";"Bruno";"M";"LDVD";"Marseille je t'aime 4/5";"Marseille je t'aime 4/5 avec Bruno GILLES";"83";"6,78%";"10,20%";"";"2"
"13";"Bouches-du-Rhône";"13055SR03";"Marseille Secteur 3";"0453";"930";"635";"68,28%";"295";"31,72%";"626";"67,31%";"98,58%";"5";"0,54%";"0,79%";"4";"0,43%";"0,63%";"1";"BIJAOUI";"Léa";"F";"LFI";"Marseille fière et populaire avec Sébastien Delogu";"Marseille fière et populaire avec Sébastien Delogu, 4e et 5e arrondissements";"116";"12,47%";"18,53%";"";"3";"2";"BATTESTI";"Thomas";"M";"LRN";"MARSEILLE EN ORDRE";"MARSEILLE EN ORDRE 4ÈME & 5ÈME";"133";"14,30%";"21,25%";"";"4";"3";"JAU";"Didier";"M";"LUG";"4 ET 5 LA GAUCHE RASSEMBLES";"POUR MARSEILLE, 4E ET 5E, LA GAUCHE, LES ECOLOGISTES ET LES CITOYENS RASSEMBLES";"290";"31,18%";"46,33%";"";"24";"4";"GILLES";"Bruno";"M";"LDVD";"Marseille je t'aime 4/5";"Marseille je t'aime 4/5 avec Bruno GILLES";"87";"9,35%";"13,90%";"";"2"
"13";"Bouches-du-Rhône";"13055SR03";"Marseille Secteur 3";"0454";"1251";"785";"62,75%";"466";"37,25%";"774";"61,87%";"98,60%";"5";"0,40%";"0,64%";"6";"0,48%";"0,76%";"1";"BIJAOUI";"Léa";"F";"LFI";"Marseille fière et populaire avec Sébastien Delogu";"Marseille fière et populaire avec Sébastien Delogu, 4e et 5e arrondissements";"152";"12,15%";"19,64%";"";"3";"2";"BATTESTI";"Thomas";"M";"LRN";"MARSEILLE EN ORDRE";"MARSEILLE EN ORDRE 4ÈME & 5ÈME";"165";"13,19%";"21,32%";"";"4";"3";"JAU";"Didier";"M";"LUG";"4 ET 5 LA GAUCHE RASSEMBLES";"POUR MARSEILLE, 4E ET 5E, LA GAUCHE, LES ECOLOGISTES ET LES CITOYENS RASSEMBLES";"366";"29,26%";"47,29%";"";"24";"4";"GILLES";"Bruno";"M";"LDVD";"Marseille je t'aime 4/5";"Marseille je t'aime 4/5 avec Bruno GILLES";"91";"7,27%";"11,76%";"";"2"
"13";"Bouches-du-Rhône";"13055SR03";"Marseille Secteur 3";"0455";"823";"526";"63,91%";"297";"36,09%";"522";"63,43%";"99,24%";"2";"0,24%";"0,38%";"2";"0,24%";"0,38%";"1";"BIJAOUI";"Léa";"F";"LFI";"Marseille fière et populaire avec Sébastien Delogu";"Marseille fière et populaire avec Sébastien Delogu, 4e et 5e arrondissements";"87";"10,57%";"16,67%";"";"3";"2";"BATTESTI";"Thomas";"M";"LRN";"MARSEILLE EN ORDRE";"MARSEILLE EN ORDRE 4ÈME & 5ÈME";"109";"13,24%";"20,88%";"";"4";"3";"JAU";"Didier";"M";"LUG";"4 ET 5 LA GAUCHE RASSEMBLES";"POUR MARSEILLE, 4E ET 5E, LA GAUCHE, LES ECOLOGISTES ET LES CITOYENS RASSEMBLES";"254";"30,86%";"48,66%";"";"24";"4";"GILLES";"Bruno";"M";"LDVD";"Marseille je t'aime 4/5";"Marseille je t'aime 4/5 avec Bruno GILLES";"72";"8,75%";"13,79%";"";"2"
"13";"Bouches-du-Rhône";"13055SR03";"Marseille Secteur 3";"0456";"1060";"677";"63,87%";"383";"36,13%";"666";"62,83%";"98,38%";"2";"0,19%";"0,30%";"9";"0,85%";"1,33%";"1";"BIJAOUI";"Léa";"F";"LFI";"Marseille fière et populaire avec Sébastien Delogu";"Marseille fière et populaire avec Sébastien Delogu, 4e et 5e arrondissements";"103";"9,72%";"15,47%";"";"3";"2";"BATTESTI";"Thomas";"M";"LRN";"MARSEILLE EN ORDRE";"MARSEILLE EN ORDRE 4ÈME & 5ÈME";"147";"13,87%";"22,07%";"";"4";"3";"JAU";"Didier";"M";"LUG";"4 ET 5 LA GAUCHE RASSEMBLES";"POUR MARSEILLE, 4E ET 5E, LA GAUCHE, LES ECOLOGISTES ET LES CITOYENS RASSEMBLES";"315";"29,72%";"47,30%";"";"24";"4";"GILLES";"Bruno";"M";"LDVD";"Marseille je t'aime 4/5";"Marseille je t'aime 4/5 avec Bruno GILLES";"101";"9,53%";"15,17%";"";"2"
"13";"Bouches-du-Rhône";"13055SR03";"Marseille Secteur 3";"0471";"1365";"781";"57,22%";"584";"42,78%";"773";"56,63%";"98,98%";"5";"0,37%";"0,64%";"3";"0,22%";"0,38%";"1";"BIJAOUI";"Léa";"F";"LFI";"Marseille fière et populaire avec Sébastien Delogu";"Marseille fière et populaire avec Sébastien Delogu, 4e et 5e arrondissements";"177";"12,97%";"22,90%";"";"3";"2";"BATTESTI";"Thomas";"M";"LRN";"MARSEILLE EN ORDRE";"MARSEILLE EN ORDRE 4ÈME & 5ÈME";"162";"11,87%";"20,96%";"";"4";"3";"JAU";"Didier";"M";"LUG";"4 ET 5 LA GAUCHE RASSEMBLES";"POUR MARSEILLE, 4E ET 5E, LA GAUCHE, LES ECOLOGISTES ET LES CITOYENS RASSEMBLES";"325";"23,81%";"42,04%";"";"24";"4";"GILLES";"Bruno";"M";"LDVD";"Marseille je t'aime 4/5";"Marseille je t'aime 4/5 avec Bruno GILLES";"109";"7,99%";"14,10%";"";"2"
"13";"Bouches-du-Rhône";"13055SR03";"Marseille Secteur 3";"0473";"1187";"644";"54,25%";"543";"45,75%";"636";"53,58%";"98,76%";"5";"0,42%";"0,78%";"3";"0,25%";"0,47%";"1";"BIJAOUI";"Léa";"F";"LFI";"Marseille fière et populaire avec Sébastien Delogu";"Marseille fière et populaire avec Sébastien Delogu, 4e et 5e arrondissements";"91";"7,67%";"14,31%";"";"3";"2";"BATTESTI";"Thomas";"M";"LRN";"MARSEILLE EN ORDRE";"MARSEILLE EN ORDRE 4ÈME & 5ÈME";"195";"16,43%";"30,66%";"";"4";"3";"JAU";"Didier";"M";"LUG";"4 ET 5 LA GAUCHE RASSEMBLES";"POUR MARSEILLE, 4E ET 5E, LA GAUCHE, LES ECOLOGISTES ET LES CITOYENS RASSEMBLES";"239";"20,13%";"37,58%";"";"24";"4";"GILLES";"Bruno";"M";"LDVD";"Marseille je t'aime 4/5";"Marseille je t'aime 4/5 avec Bruno GILLES";"111";"9,35%";"17,45%";"";"2"
"13";"Bouches-du-Rhône";"13055SR03";"Marseille Secteur 3";"0474";"1223";"704";"57,56%";"519";"42,44%";"692";"56,58%";"98,30%";"9";"0,74%";"1,28%";"3";"0,25%";"0,43%";"1";"BIJAOUI";"Léa";"F";"LFI";"Marseille fière et populaire avec Sébastien Delogu";"Marseille fière et populaire avec Sébastien Delogu, 4e et 5e arrondissements";"88";"7,20%";"12,72%";"";"3";"2";"BATTESTI";"Thomas";"M";"LRN";"MARSEILLE EN ORDRE";"MARSEILLE EN ORDRE 4ÈME & 5ÈME";"247";"20,20%";"35,69%";"";"4";"3";"JAU";"Didier";"M";"LUG";"4 ET 5 LA GAUCHE RASSEMBLES";"POUR MARSEILLE, 4E ET 5E, LA GAUCHE, LES ECOLOGISTES ET LES CITOYENS RASSEMBLES";"241";"19,71%";"34,83%";"";"24";"4";"GILLES";"Bruno";"M";"LDVD";"Marseille je t'aime 4/5";"Marseille je t'aime 4/5 avec Bruno GILLES";"116";"9,48%";"16,76%";"";"2"
"13";"Bouches-du-Rhône";"13055SR03";"Marseille Secteur 3";"0475";"1346";"764";"56,76%";"582";"43,24%";"746";"55,42%";"97,64%";"7";"0,52%";"0,92%";"11";"0,82%";"1,44%";"1";"BIJAOUI";"Léa";"F";"LFI";"Marseille fière et populaire avec Sébastien Delogu";"Marseille fière et populaire avec Sébastien Delogu, 4e et 5e arrondissements";"122";"9,06%";"16,35%";"";"3";"2";"BATTESTI";"Thomas";"M";"LRN";"MARSEILLE EN ORDRE";"MARSEILLE EN ORDRE 4ÈME & 5ÈME";"229";"17,01%";"30,70%";"";"4";"3";"JAU";"Didier";"M";"LUG";"4 ET 5 LA GAUCHE RASSEMBLES";"POUR MARSEILLE, 4E ET 5E, LA GAUCHE, LES ECOLOGISTES ET LES CITOYENS RASSEMBLES";"318";"23,63%";"42,63%";"";"24";"4";"GILLES";"Bruno";"M";"LDVD";"Marseille je t'aime 4/5";"Marseille je t'aime 4/5 avec Bruno GILLES";"77";"5,72%";"10,32%";"";"2"
"13";"Bouches-du-Rhône";"13055SR03";"Marseille Secteur 3";"0491";"1096";"577";"52,65%";"519";"47,35%";"568";"51,82%";"98,44%";"6";"0,55%";"1,04%";"3";"0,27%";"0,52%";"1";"BIJAOUI";"Léa";"F";"LFI";"Marseille fière et populaire avec Sébastien Delogu";"Marseille fière et populaire avec Sébastien Delogu, 4e et 5e arrondissements";"98";"8,94%";"17,25%";"";"3";"2";"BATTESTI";"Thomas";"M";"LRN";"MARSEILLE EN ORDRE";"MARSEILLE EN ORDRE 4ÈME & 5ÈME";"133";"12,14%";"23,42%";"";"4";"3";"JAU";"Didier";"M";"LUG";"4 ET 5 LA GAUCHE RASSEMBLES";"POUR MARSEILLE, 4E ET 5E, LA GAUCHE, LES ECOLOGISTES ET LES CITOYENS RASSEMBLES";"257";"23,45%";"45,25%";"";"24";"4";"GILLES";"Bruno";"M";"LDVD";"Marseille je t'aime 4/5";"Marseille je t'aime 4/5 avec Bruno GILLES";"80";"7,30%";"14,08%";"";"2"
"13";"Bouches-du-Rhône";"13055SR03";"Marseille Secteur 3";"0501";"639";"462";"72,30%";"177";"27,70%";"460";"71,99%";"99,57%";"1";"0,16%";"0,22%";"1";"0,16%";"0,22%";"1";"BIJAOUI";"Léa";"F";"LFI";"Marseille fière et populaire avec Sébastien Delogu";"Marseille fière et populaire avec Sébastien Delogu, 4e et 5e arrondissements";"116";"18,15%";"25,22%";"";"3";"2";"BATTESTI";"Thomas";"M";"LRN";"MARSEILLE EN ORDRE";"MARSEILLE EN ORDRE 4ÈME & 5ÈME";"48";"7,51%";"10,43%";"";"4";"3";"JAU";"Didier";"M";"LUG";"4 ET 5 LA GAUCHE RASSEMBLES";"POUR MARSEILLE, 4E ET 5E, LA GAUCHE, LES ECOLOGISTES ET LES CITOYENS RASSEMBLES";"273";"42,72%";"59,35%";"";"24";"4";"GILLES";"Bruno";"M";"LDVD";"Marseille je t'aime 4/5";"Marseille je t'aime 4/5 avec Bruno GILLES";"23";"3,60%";"5,00%";"";"2"
"13";"Bouches-du-Rhône";"13055SR03";"Marseille Secteur 3";"0502";"1464";"988";"67,49%";"476";"32,51%";"979";"66,87%";"99,09%";"5";"0,34%";"0,51%";"4";"0,27%";"0,40%";"1";"BIJAOUI";"Léa";"F";"LFI";"Marseille fière et populaire avec Sébastien Delogu";"Marseille fière et populaire avec Sébastien Delogu, 4e et 5e arrondissements";"277";"18,92%";"28,29%";"";"3";"2";"BATTESTI";"Thomas";"M";"LRN";"MARSEILLE EN ORDRE";"MARSEILLE EN ORDRE 4ÈME & 5ÈME";"100";"6,83%";"10,21%";"";"4";"3";"JAU";"Didier";"M";"LUG";"4 ET 5 LA GAUCHE RASSEMBLES";"POUR MARSEILLE, 4E ET 5E, LA GAUCHE, LES ECOLOGISTES ET LES CITOYENS RASSEMBLES";"534";"36,48%";"54,55%";"";"24";"4";"GILLES";"Bruno";"M";"LDVD";"Marseille je t'aime 4/5";"Marseille je t'aime 4/5 avec Bruno GILLES";"68";"4,64%";"6,95%";"";"2"
"13";"Bouches-du-Rhône";"13055SR03";"Marseille Secteur 3";"0503";"793";"530";"66,83%";"263";"33,17%";"525";"66,20%";"99,06%";"3";"0,38%";"0,57%";"2";"0,25%";"0,38%";"1";"BIJAOUI";"Léa";"F";"LFI";"Marseille fière et populaire avec Sébastien Delogu";"Marseille fière et populaire avec Sébastien Delogu, 4e et 5e arrondissements";"148";"18,66%";"28,19%";"";"3";"2";"BATTESTI";"Thomas";"M";"LRN";"MARSEILLE EN ORDRE";"MARSEILLE EN ORDRE 4ÈME & 5ÈME";"66";"8,32%";"12,57%";"";"4";"3";"JAU";"Didier";"M";"LUG";"4 ET 5 LA GAUCHE RASSEMBLES";"POUR MARSEILLE, 4E ET 5E, LA GAUCHE, LES ECOLOGISTES ET LES CITOYENS RASSEMBLES";"280";"35,31%";"53,33%";"";"24";"4";"GILLES";"Bruno";"M";"LDVD";"Marseille je t'aime 4/5";"Marseille je t'aime 4/5 avec Bruno GILLES";"31";"3,91%";"5,90%";"";"2"
"13";"Bouches-du-Rhône";"13055SR03";"Marseille Secteur 3";"0504";"1074";"727";"67,69%";"347";"32,31%";"721";"67,13%";"99,17%";"3";"0,28%";"0,41%";"3";"0,28%";"0,41%";"1";"BIJAOUI";"Léa";"F";"LFI";"Marseille fière et populaire avec Sébastien Delogu";"Marseille fière et populaire avec Sébastien Delogu, 4e et 5e arrondissements";"182";"16,95%";"25,24%";"";"3";"2";"BATTESTI";"Thomas";"M";"LRN";"MARSEILLE EN ORDRE";"MARSEILLE EN ORDRE 4ÈME & 5ÈME";"101";"9,40%";"14,01%";"";"4";"3";"JAU";"Didier";"M";"LUG";"4 ET 5 LA GAUCHE RASSEMBLES";"POUR MARSEILLE, 4E ET 5E, LA GAUCHE, LES ECOLOGISTES ET LES CITOYENS RASSEMBLES";"392";"36,50%";"54,37%";"";"24";"4";"GILLES";"Bruno";"M";"LDVD";"Marseille je t'aime 4/5";"Marseille je t'aime 4/5 avec Bruno GILLES";"46";"4,28%";"6,38%";"";"2"
"13";"Bouches-du-Rhône";"13055SR03";"Marseille Secteur 3";"0505";"800";"534";"66,75%";"266";"33,25%";"533";"66,63%";"99,81%";"1";"0,13%";"0,19%";"0";"0,00%";"0,00%";"1";"BIJAOUI";"Léa";"F";"LFI";"Marseille fière et populaire avec Sébastien Delogu";"Marseille fière et populaire avec Sébastien Delogu, 4e et 5e arrondissements";"160";"20,00%";"30,02%";"";"3";"2";"BATTESTI";"Thomas";"M";"LRN";"MARSEILLE EN ORDRE";"MARSEILLE EN ORDRE 4ÈME & 5ÈME";"85";"10,63%";"15,95%";"";"4";"3";"JAU";"Didier";"M";"LUG";"4 ET 5 LA GAUCHE RASSEMBLES";"POUR MARSEILLE, 4E ET 5E, LA GAUCHE, LES ECOLOGISTES ET LES CITOYENS RASSEMBLES";"249";"31,13%";"46,72%";"";"24";"4";"GILLES";"Bruno";"M";"LDVD";"Marseille je t'aime 4/5";"Marseille je t'aime 4/5 avec Bruno GILLES";"39";"4,88%";"7,32%";"";"2"
"13";"Bouches-du-Rhône";"13055SR03";"Marseille Secteur 3";"0506";"1188";"754";"63,47%";"434";"36,53%";"746";"62,79%";"98,94%";"2";"0,17%";"0,27%";"6";"0,51%";"0,80%";"1";"BIJAOUI";"Léa";"F";"LFI";"Marseille fière et populaire avec Sébastien Delogu";"Marseille fière et populaire avec Sébastien Delogu, 4e et 5e arrondissements";"234";"19,70%";"31,37%";"";"3";"2";"BATTESTI";"Thomas";"M";"LRN";"MARSEILLE EN ORDRE";"MARSEILLE EN ORDRE 4ÈME & 5ÈME";"103";"8,67%";"13,81%";"";"4";"3";"JAU";"Didier";"M";"LUG";"4 ET 5 LA GAUCHE RASSEMBLES";"POUR MARSEILLE, 4E ET 5E, LA GAUCHE, LES ECOLOGISTES ET LES CITOYENS RASSEMBLES";"365";"30,72%";"48,93%";"";"24";"4";"GILLES";"Bruno";"M";"LDVD";"Marseille je t'aime 4/5";"Marseille je t'aime 4/5 avec Bruno GILLES";"44";"3,70%";"5,90%";"";"2"
"13";"Bouches-du-Rhône";"13055SR03";"Marseille Secteur 3";"0507";"805";"555";"68,94%";"250";"31,06%";"547";"67,95%";"98,56%";"5";"0,62%";"0,90%";"3";"0,37%";"0,54%";"1";"BIJAOUI";"Léa";"F";"LFI";"Marseille fière et populaire avec Sébastien Delogu";"Marseille fière et populaire avec Sébastien Delogu, 4e et 5e arrondissements";"123";"15,28%";"22,49%";"";"3";"2";"BATTESTI";"Thomas";"M";"LRN";"MARSEILLE EN ORDRE";"MARSEILLE EN ORDRE 4ÈME & 5ÈME";"110";"13,66%";"20,11%";"";"4";"3";"JAU";"Didier";"M";"LUG";"4 ET 5 LA GAUCHE RASSEMBLES";"POUR MARSEILLE, 4E ET 5E, LA GAUCHE, LES ECOLOGISTES ET LES CITOYENS RASSEMBLES";"261";"32,42%";"47,71%";"";"24";"4";"GILLES";"Bruno";"M";"LDVD";"Marseille je t'aime 4/5";"Marseille je t'aime 4/5 avec Bruno GILLES";"53";"6,58%";"9,69%";"";"2"
"13";"Bouches-du-Rhône";"13055SR03";"Marseille Secteur 3";"0508";"1259";"776";"61,64%";"483";"38,36%";"771";"61,24%";"99,36%";"2";"0,16%";"0,26%";"3";"0,24%";"0,39%";"1";"BIJAOUI";"Léa";"F";"LFI";"Marseille fière et populaire avec Sébastien Delogu";"Marseille fière et populaire avec Sébastien Delogu, 4e et 5e arrondissements";"207";"16,44%";"26,85%";"";"3";"2";"BATTESTI";"Thomas";"M";"LRN";"MARSEILLE EN ORDRE";"MARSEILLE EN ORDRE 4ÈME & 5ÈME";"150";"11,91%";"19,46%";"";"4";"3";"JAU";"Didier";"M";"LUG";"4 ET 5 LA GAUCHE RASSEMBLES";"POUR MARSEILLE, 4E ET 5E, LA GAUCHE, LES ECOLOGISTES ET LES CITOYENS RASSEMBLES";"333";"26,45%";"43,19%";"";"24";"4";"GILLES";"Bruno";"M";"LDVD";"Marseille je t'aime 4/5";"Marseille je t'aime 4/5 avec Bruno GILLES";"81";"6,43%";"10,51%";"";"2"
"13";"Bouches-du-Rhône";"13055SR03";"Marseille Secteur 3";"0510";"1158";"769";"66,41%";"389";"33,59%";"760";"65,63%";"98,83%";"5";"0,43%";"0,65%";"4";"0,35%";"0,52%";"1";"BIJAOUI";"Léa";"F";"LFI";"Marseille fière et populaire avec Sébastien Delogu";"Marseille fière et populaire avec Sébastien Delogu, 4e et 5e arrondissements";"182";"15,72%";"23,95%";"";"3";"2";"BATTESTI";"Thomas";"M";"LRN";"MARSEILLE EN ORDRE";"MARSEILLE EN ORDRE 4ÈME & 5ÈME";"131";"11,31%";"17,24%";"";"4";"3";"JAU";"Didier";"M";"LUG";"4 ET 5 LA GAUCHE RASSEMBLES";"POUR MARSEILLE, 4E ET 5E, LA GAUCHE, LES ECOLOGISTES ET LES CITOYENS RASSEMBLES";"376";"32,47%";"49,47%";"";"24";"4";"GILLES";"Bruno";"M";"LDVD";"Marseille je t'aime 4/5";"Marseille je t'aime 4/5 avec Bruno GILLES";"71";"6,13%";"9,34%";"";"2"
"13";"Bouches-du-Rhône";"13055SR03";"Marseille Secteur 3";"0511";"1142";"761";"66,64%";"381";"33,36%";"751";"65,76%";"98,69%";"6";"0,53%";"0,79%";"4";"0,35%";"0,53%";"1";"BIJAOUI";"Léa";"F";"LFI";"Marseille fière et populaire avec Sébastien Delogu";"Marseille fière et populaire avec Sébastien Delogu, 4e et 5e arrondissements";"198";"17,34%";"26,36%";"";"3";"2";"BATTESTI";"Thomas";"M";"LRN";"MARSEILLE EN ORDRE";"MARSEILLE EN ORDRE 4ÈME & 5ÈME";"129";"11,30%";"17,18%";"";"4";"3";"JAU";"Didier";"M";"LUG";"4 ET 5 LA GAUCHE RASSEMBLES";"POUR MARSEILLE, 4E ET 5E, LA GAUCHE, LES ECOLOGISTES ET LES CITOYENS RASSEMBLES";"352";"30,82%";"46,87%";"";"24";"4";"GILLES";"Bruno";"M";"LDVD";"Marseille je t'aime 4/5";"Marseille je t'aime 4/5 avec Bruno GILLES";"72";"6,30%";"9,59%";"";"2"
"13";"Bouches-du-Rhône";"13055SR03";"Marseille Secteur 3";"0512";"1377";"934";"67,83%";"443";"32,17%";"916";"66,52%";"98,07%";"13";"0,94%";"1,39%";"5";"0,36%";"0,54%";"1";"BIJAOUI";"Léa";"F";"LFI";"Marseille fière et populaire avec Sébastien Delogu";"Marseille fière et populaire avec Sébastien Delogu, 4e et 5e arrondissements";"151";"10,97%";"16,48%";"";"3";"2";"BATTESTI";"Thomas";"M";"LRN";"MARSEILLE EN ORDRE";"MARSEILLE EN ORDRE 4ÈME & 5ÈME";"197";"14,31%";"21,51%";"";"4";"3";"JAU";"Didier";"M";"LUG";"4 ET 5 LA GAUCHE RASSEMBLES";"POUR MARSEILLE, 4E ET 5E, LA GAUCHE, LES ECOLOGISTES ET LES CITOYENS RASSEMBLES";"458";"33,26%";"50,00%";"";"24";"4";"GILLES";"Bruno";"M";"LDVD";"Marseille je t'aime 4/5";"Marseille je t'aime 4/5 avec Bruno GILLES";"110";"7,99%";"12,01%";"";"2"
"13";"Bouches-du-Rhône";"13055SR03";"Marseille Secteur 3";"0513";"1207";"806";"66,78%";"401";"33,22%";"799";"66,20%";"99,13%";"5";"0,41%";"0,62%";"2";"0,17%";"0,25%";"1";"BIJAOUI";"Léa";"F";"LFI";"Marseille fière et populaire avec Sébastien Delogu";"Marseille fière et populaire avec Sébastien Delogu, 4e et 5e arrondissements";"154";"12,76%";"19,27%";"";"3";"2";"BATTESTI";"Thomas";"M";"LRN";"MARSEILLE EN ORDRE";"MARSEILLE EN ORDRE 4ÈME & 5ÈME";"142";"11,76%";"17,77%";"";"4";"3";"JAU";"Didier";"M";"LUG";"4 ET 5 LA GAUCHE RASSEMBLES";"POUR MARSEILLE, 4E ET 5E, LA GAUCHE, LES ECOLOGISTES ET LES CITOYENS RASSEMBLES";"425";"35,21%";"53,19%";"";"24";"4";"GILLES";"Bruno";"M";"LDVD";"Marseille je t'aime 4/5";"Marseille je t'aime 4/5 avec Bruno GILLES";"78";"6,46%";"9,76%";"";"2"
"13";"Bouches-du-Rhône";"13055SR03";"Marseille Secteur 3";"0514";"1168";"722";"61,82%";"446";"38,18%";"710";"60,79%";"98,34%";"7";"0,60%";"0,97%";"5";"0,43%";"0,69%";"1";"BIJAOUI";"Léa";"F";"LFI";"Marseille fière et populaire avec Sébastien Delogu";"Marseille fière et populaire avec Sébastien Delogu, 4e et 5e arrondissements";"123";"10,53%";"17,32%";"";"3";"2";"BATTESTI";"Thomas";"M";"LRN";"MARSEILLE EN ORDRE";"MARSEILLE EN ORDRE 4ÈME & 5ÈME";"175";"14,98%";"24,65%";"";"4";"3";"JAU";"Didier";"M";"LUG";"4 ET 5 LA GAUCHE RASSEMBLES";"POUR MARSEILLE, 4E ET 5E, LA GAUCHE, LES ECOLOGISTES ET LES CITOYENS RASSEMBLES";"286";"24,49%";"40,28%";"";"24";"4";"GILLES";"Bruno";"M";"LDVD";"Marseille je t'aime 4/5";"Marseille je t'aime 4/5 avec Bruno GILLES";"126";"10,79%";"17,75%";"";"2"
"13";"Bouches-du-Rhône";"13055SR03";"Marseille Secteur 3";"0515";"1073";"652";"60,76%";"421";"39,24%";"644";"60,02%";"98,77%";"3";"0,28%";"0,46%";"5";"0,47%";"0,77%";"1";"BIJAOUI";"Léa";"F";"LFI";"Marseille fière et populaire avec Sébastien Delogu";"Marseille fière et populaire avec Sébastien Delogu, 4e et 5e arrondissements";"137";"12,77%";"21,27%";"";"3";"2";"BATTESTI";"Thomas";"M";"LRN";"MARSEILLE EN ORDRE";"MARSEILLE EN ORDRE 4ÈME & 5ÈME";"153";"14,26%";"23,76%";"";"4";"3";"JAU";"Didier";"M";"LUG";"4 ET 5 LA GAUCHE RASSEMBLES";"POUR MARSEILLE, 4E ET 5E, LA GAUCHE, LES ECOLOGISTES ET LES CITOYENS RASSEMBLES";"287";"26,75%";"44,57%";"";"24";"4";"GILLES";"Bruno";"M";"LDVD";"Marseille je t'aime 4/5";"Marseille je t'aime 4/5 avec Bruno GILLES";"67";"6,24%";"10,40%";"";"2"
"13";"Bouches-du-Rhône";"13055SR03";"Marseille Secteur 3";"0551";"884";"569";"64,37%";"315";"35,63%";"563";"63,69%";"98,95%";"3";"0,34%";"0,53%";"3";"0,34%";"0,53%";"1";"BIJAOUI";"Léa";"F";"LFI";"Marseille fière et populaire avec Sébastien Delogu";"Marseille fière et populaire avec Sébastien Delogu, 4e et 5e arrondissements";"113";"12,78%";"20,07%";"";"3";"2";"BATTESTI";"Thomas";"M";"LRN";"MARSEILLE EN ORDRE";"MARSEILLE EN ORDRE 4ÈME & 5ÈME";"127";"14,37%";"22,56%";"";"4";"3";"JAU";"Didier";"M";"LUG";"4 ET 5 LA GAUCHE RASSEMBLES";"POUR MARSEILLE, 4E ET 5E, LA GAUCHE, LES ECOLOGISTES ET LES CITOYENS RASSEMBLES";"270";"30,54%";"47,96%";"";"24";"4";"GILLES";"Bruno";"M";"LDVD";"Marseille je t'aime 4/5";"Marseille je t'aime 4/5 avec Bruno GILLES";"53";"6,00%";"9,41%";"";"2"
"13";"Bouches-du-Rhône";"13055SR03";"Marseille Secteur 3";"0552";"1182";"743";"62,86%";"439";"37,14%";"731";"61,84%";"98,38%";"9";"0,76%";"1,21%";"3";"0,25%";"0,40%";"1";"BIJAOUI";"Léa";"F";"LFI";"Marseille fière et populaire avec Sébastien Delogu";"Marseille fière et populaire avec Sébastien Delogu, 4e et 5e arrondissements";"167";"14,13%";"22,85%";"";"3";"2";"BATTESTI";"Thomas";"M";"LRN";"MARSEILLE EN ORDRE";"MARSEILLE EN ORDRE 4ÈME & 5ÈME";"156";"13,20%";"21,34%";"";"4";"3";"JAU";"Didier";"M";"LUG";"4 ET 5 LA GAUCHE RASSEMBLES";"POUR MARSEILLE, 4E ET 5E, LA GAUCHE, LES ECOLOGISTES ET LES CITOYENS RASSEMBLES";"330";"27,92%";"45,14%";"";"24";"4";"GILLES";"Bruno";"M";"LDVD";"Marseille je t'aime 4/5";"Marseille je t'aime 4/5 avec Bruno GILLES";"78";"6,60%";"10,67%";"";"2"
"13";"Bouches-du-Rhône";"13055SR03";"Marseille Secteur 3";"0553";"1105";"670";"60,63%";"435";"39,37%";"664";"60,09%";"99,10%";"1";"0,09%";"0,15%";"5";"0,45%";"0,75%";"1";"BIJAOUI";"Léa";"F";"LFI";"Marseille fière et populaire avec Sébastien Delogu";"Marseille fière et populaire avec Sébastien Delogu, 4e et 5e arrondissements";"160";"14,48%";"24,10%";"";"3";"2";"BATTESTI";"Thomas";"M";"LRN";"MARSEILLE EN ORDRE";"MARSEILLE EN ORDRE 4ÈME & 5ÈME";"133";"12,04%";"20,03%";"";"4";"3";"JAU";"Didier";"M";"LUG";"4 ET 5 LA GAUCHE RASSEMBLES";"POUR MARSEILLE, 4E ET 5E, LA GAUCHE, LES ECOLOGISTES ET LES CITOYENS RASSEMBLES";"321";"29,05%";"48,34%";"";"24";"4";"GILLES";"Bruno";"M";"LDVD";"Marseille je t'aime 4/5";"Marseille je t'aime 4/5 avec Bruno GILLES";"50";"4,52%";"7,53%";"";"2"
"13";"Bouches-du-Rhône";"13055SR03";"Marseille Secteur 3";"0554";"1469";"831";"56,57%";"638";"43,43%";"821";"55,89%";"98,80%";"4";"0,27%";"0,48%";"6";"0,41%";"0,72%";"1";"BIJAOUI";"Léa";"F";"LFI";"Marseille fière et populaire avec Sébastien Delogu";"Marseille fière et populaire avec Sébastien Delogu, 4e et 5e arrondissements";"169";"11,50%";"20,58%";"";"3";"2";"BATTESTI";"Thomas";"M";"LRN";"MARSEILLE EN ORDRE";"MARSEILLE EN ORDRE 4ÈME & 5ÈME";"225";"15,32%";"27,41%";"";"4";"3";"JAU";"Didier";"M";"LUG";"4 ET 5 LA GAUCHE RASSEMBLES";"POUR MARSEILLE, 4E ET 5E, LA GAUCHE, LES ECOLOGISTES ET LES CITOYENS RASSEMBLES";"376";"25,60%";"45,80%";"";"24";"4";"GILLES";"Bruno";"M";"LDVD";"Marseille je t'aime 4/5";"Marseille je t'aime 4/5 avec Bruno GILLES";"51";"3,47%";"6,21%";"";"2"
"13";"Bouches-du-Rhône";"13055SR03";"Marseille Secteur 3";"0555";"1134";"630";"55,56%";"504";"44,44%";"624";"55,03%";"99,05%";"1";"0,09%";"0,16%";"5";"0,44%";"0,79%";"1";"BIJAOUI";"Léa";"F";"LFI";"Marseille fière et populaire avec Sébastien Delogu";"Marseille fière et populaire avec Sébastien Delogu, 4e et 5e arrondissements";"140";"12,35%";"22,44%";"";"3";"2";"BATTESTI";"Thomas";"M";"LRN";"MARSEILLE EN ORDRE";"MARSEILLE EN ORDRE 4ÈME & 5ÈME";"150";"13,23%";"24,04%";"";"4";"3";"JAU";"Didier";"M";"LUG";"4 ET 5 LA GAUCHE RASSEMBLES";"POUR MARSEILLE, 4E ET 5E, LA GAUCHE, LES ECOLOGISTES ET LES CITOYENS RASSEMBLES";"286";"25,22%";"45,83%";"";"24";"4";"GILLES";"Bruno";"M";"LDVD";"Marseille je t'aime 4/5";"Marseille je t'aime 4/5 avec Bruno GILLES";"48";"4,23%";"7,69%";"";"2"
"13";"Bouches-du-Rhône";"13055SR03";"Marseille Secteur 3";"0556";"1482";"796";"53,71%";"686";"46,29%";"783";"52,83%";"98,37%";"9";"0,61%";"1,13%";"4";"0,27%";"0,50%";"1";"BIJAOUI";"Léa";"F";"LFI";"Marseille fière et populaire avec Sébastien Delogu";"Marseille fière et populaire avec Sébastien Delogu, 4e et 5e arrondissements";"137";"9,24%";"17,50%";"";"3";"2";"BATTESTI";"Thomas";"M";"LRN";"MARSEILLE EN ORDRE";"MARSEILLE EN ORDRE 4ÈME & 5ÈME";"291";"19,64%";"37,16%";"";"4";"3";"JAU";"Didier";"M";"LUG";"4 ET 5 LA GAUCHE RASSEMBLES";"POUR MARSEILLE, 4E ET 5E, LA GAUCHE, LES ECOLOGISTES ET LES CITOYENS RASSEMBLES";"282";"19,03%";"36,02%";"";"24";"4";"GILLES";"Bruno";"M";"LDVD";"Marseille je t'aime 4/5";"Marseille je t'aime 4/5 avec Bruno GILLES";"73";"4,93%";"9,32%";"";"2"
"13";"Bouches-du-Rhône";"13055SR03";"Marseille Secteur 3";"0557";"1189";"657";"55,26%";"532";"44,74%";"650";"54,67%";"98,93%";"3";"0,25%";"0,46%";"4";"0,34%";"0,61%";"1";"BIJAOUI";"Léa";"F";"LFI";"Marseille fière et populaire avec Sébastien Delogu";"Marseille fière et populaire avec Sébastien Delogu, 4e et 5e arrondissements";"134";"11,27%";"20,62%";"";"3";"2";"BATTESTI";"Thomas";"M";"LRN";"MARSEILLE EN ORDRE";"MARSEILLE EN ORDRE 4ÈME & 5ÈME";"179";"15,05%";"27,54%";"";"4";"3";"JAU";"Didier";"M";"LUG";"4 ET 5 LA GAUCHE RASSEMBLES";"POUR MARSEILLE, 4E ET 5E, LA GAUCHE, LES ECOLOGISTES ET LES CITOYENS RASSEMBLES";"231";"19,43%";"35,54%";"";"24";"4";"GILLES";"Bruno";"M";"LDVD";"Marseille je t'aime 4/5";"Marseille je t'aime 4/5 avec Bruno GILLES";"106";"8,92%";"16,31%";"";"2"
"13";"Bouches-du-Rhône";"13055SR03";"Marseille Secteur 3";"0558";"756";"387";"51,19%";"369";"48,81%";"379";"50,13%";"97,93%";"6";"0,79%";"1,55%";"2";"0,26%";"0,52%";"1";"BIJAOUI";"Léa";"F";"LFI";"Marseille fière et populaire avec Sébastien Delogu";"Marseille fière et populaire avec Sébastien Delogu, 4e et 5e arrondissements";"67";"8,86%";"17,68%";"";"3";"2";"BATTESTI";"Thomas";"M";"LRN";"MARSEILLE EN ORDRE";"MARSEILLE EN ORDRE 4ÈME & 5ÈME";"107";"14,15%";"28,23%";"";"4";"3";"JAU";"Didier";"M";"LUG";"4 ET 5 LA GAUCHE RASSEMBLES";"POUR MARSEILLE, 4E ET 5E, LA GAUCHE, LES ECOLOGISTES ET LES CITOYENS RASSEMBLES";"157";"20,77%";"41,42%";"";"24";"4";"GILLES";"Bruno";"M";"LDVD";"Marseille je t'aime 4/5";"Marseille je t'aime 4/5 avec Bruno GILLES";"48";"6,35%";"12,66%";"";"2"
"13";"Bouches-du-Rhône";"13055SR03";"Marseille Secteur 3";"0559";"1331";"779";"58,53%";"552";"41,47%";"772";"58,00%";"99,10%";"5";"0,38%";"0,64%";"2";"0,15%";"0,26%";"1";"BIJAOUI";"Léa";"F";"LFI";"Marseille fière et populaire avec Sébastien Delogu";"Marseille fière et populaire avec Sébastien Delogu, 4e et 5e arrondissements";"126";"9,47%";"16,32%";"";"3";"2";"BATTESTI";"Thomas";"M";"LRN";"MARSEILLE EN ORDRE";"MARSEILLE EN ORDRE 4ÈME & 5ÈME";"216";"16,23%";"27,98%";"";"4";"3";"JAU";"Didier";"M";"LUG";"4 ET 5 LA GAUCHE RASSEMBLES";"POUR MARSEILLE, 4E ET 5E, LA GAUCHE, LES ECOLOGISTES ET LES CITOYENS RASSEMBLES";"316";"23,74%";"40,93%";"";"24";"4";"GILLES";"Bruno";"M";"LDVD";"Marseille je t'aime 4/5";"Marseille je t'aime 4/5 avec Bruno GILLES";"114";"8,56%";"14,77%";"";"2"
"13";"Bouches-du-Rhône";"13055SR03";"Marseille Secteur 3";"0560";"1067";"595";"55,76%";"472";"44,24%";"586";"54,92%";"98,49%";"6";"0,56%";"1,01%";"3";"0,28%";"0,50%";"1";"BIJAOUI";"Léa";"F";"LFI";"Marseille fière et populaire avec Sébastien Delogu";"Marseille fière et populaire avec Sébastien Delogu, 4e et 5e arrondissements";"93";"8,72%";"15,87%";"";"3";"2";"BATTESTI";"Thomas";"M";"LRN";"MARSEILLE EN ORDRE";"MARSEILLE EN ORDRE 4ÈME & 5ÈME";"180";"16,87%";"30,72%";"";"4";"3";"JAU";"Didier";"M";"LUG";"4 ET 5 LA GAUCHE RASSEMBLES";"POUR MARSEILLE, 4E ET 5E, LA GAUCHE, LES ECOLOGISTES ET LES CITOYENS RASSEMBLES";"233";"21,84%";"39,76%";"";"24";"4";"GILLES";"Bruno";"M";"LDVD";"Marseille je t'aime 4/5";"Marseille je t'aime 4/5 avec Bruno GILLES";"80";"7,50%";"13,65%";"";"2"
"13";"Bouches-du-Rhône";"13055SR03";"Marseille Secteur 3";"0561";"1228";"718";"58,47%";"510";"41,53%";"711";"57,90%";"99,03%";"3";"0,24%";"0,42%";"4";"0,33%";"0,56%";"1";"BIJAOUI";"Léa";"F";"LFI";"Marseille fière et populaire avec Sébastien Delogu";"Marseille fière et populaire avec Sébastien Delogu, 4e et 5e arrondissements";"135";"10,99%";"18,99%";"";"3";"2";"BATTESTI";"Thomas";"M";"LRN";"MARSEILLE EN ORDRE";"MARSEILLE EN ORDRE 4ÈME & 5ÈME";"192";"15,64%";"27,00%";"";"4";"3";"JAU";"Didier";"M";"LUG";"4 ET 5 LA GAUCHE RASSEMBLES";"POUR MARSEILLE, 4E ET 5E, LA GAUCHE, LES ECOLOGISTES ET LES CITOYENS RASSEMBLES";"275";"22,39%";"38,68%";"";"24";"4";"GILLES";"Bruno";"M";"LDVD";"Marseille je t'aime 4/5";"Marseille je t'aime 4/5 avec Bruno GILLES";"109";"8,88%";"15,33%";"";"2"
"13";"Bouches-du-Rhône";"13055SR03";"Marseille Secteur 3";"0563";"1031";"577";"55,97%";"454";"44,03%";"570";"55,29%";"98,79%";"3";"0,29%";"0,52%";"4";"0,39%";"0,69%";"1";"BIJAOUI";"Léa";"F";"LFI";"Marseille fière et populaire avec Sébastien Delogu";"Marseille fière et populaire avec Sébastien Delogu, 4e et 5e arrondissements";"81";"7,86%";"14,21%";"";"3";"2";"BATTESTI";"Thomas";"M";"LRN";"MARSEILLE EN ORDRE";"MARSEILLE EN ORDRE 4ÈME & 5ÈME";"184";"17,85%";"32,28%";"";"4";"3";"JAU";"Didier";"M";"LUG";"4 ET 5 LA GAUCHE RASSEMBLES";"POUR MARSEILLE, 4E ET 5E, LA GAUCHE, LES ECOLOGISTES ET LES CITOYENS RASSEMBLES";"184";"17,85%";"32,28%";"";"24";"4";"GILLES";"Bruno";"M";"LDVD";"Marseille je t'aime 4/5";"Marseille je t'aime 4/5 avec Bruno GILLES";"121";"11,74%";"21,23%";"";"2"
"13";"Bouches-du-Rhône";"13055SR04";"Marseille Secteur 4";"0601";"1334";"827";"61,99%";"507";"38,01%";"815";"61,09%";"98,55%";"8";"0,60%";"0,97%";"4";"0,30%";"0,48%";"3";"FORTIN";"Olivia";"F";"LUG";"Pour Marseille";"Pour Marseille, 6e et 8e arrondissements, la gauche, les écologistes et les citoyens rassemblés";"719";"53,90%";"88,22%";"";"32";"4";"PILA";"Catherine";"F";"LDVD";"je t'aime 6e et 8e";"Marseille je t'aime 6e et 8e avec Catherine Pila";"23";"1,72%";"2,82%";"";"2";"5";"RIVOALLAN";"Jean-Baptiste";"M";"LUDR";"MARSEILLE EN ORDRE 6ème et 8ème";"MARSEILLE EN ORDRE 6ème et 8ème";"73";"5,47%";"8,96%";"";"8";"";"";"";"";"";"";"";"";"";"";"";""
"13";"Bouches-du-Rhône";"13055SR04";"Marseille Secteur 4";"0602";"744";"517";"69,49%";"227";"30,51%";"506";"68,01%";"97,87%";"7";"0,94%";"1,35%";"4";"0,54%";"0,77%";"3";"FORTIN";"Olivia";"F";"LUG";"Pour Marseille";"Pour Marseille, 6e et 8e arrondissements, la gauche, les écologistes et les citoyens rassemblés";"351";"47,18%";"69,37%";"";"32";"4";"PILA";"Catherine";"F";"LDVD";"je t'aime 6e et 8e";"Marseille je t'aime 6e et 8e avec Catherine Pila";"38";"5,11%";"7,51%";"";"2";"5";"RIVOALLAN";"Jean-Baptiste";"M";"LUDR";"MARSEILLE EN ORDRE 6ème et 8ème";"MARSEILLE EN ORDRE 6ème et 8ème";"117";"15,73%";"23,12%";"";"8";"";"";"";"";"";"";"";"";"";"";"";""
"13";"Bouches-du-Rhône";"13055SR04";"Marseille Secteur 4";"0603";"1427";"881";"61,74%";"546";"38,26%";"868";"60,83%";"98,52%";"6";"0,42%";"0,68%";"7";"0,49%";"0,79%";"3";"FORTIN";"Olivia";"F";"LUG";"Pour Marseille";"Pour Marseille, 6e et 8e arrondissements, la gauche, les écologistes et les citoyens rassemblés";"712";"49,89%";"82,03%";"";"32";"4";"PILA";"Catherine";"F";"LDVD";"je t'aime 6e et 8e";"Marseille je t'aime 6e et 8e avec Catherine Pila";"35";"2,45%";"4,03%";"";"2";"5";"RIVOALLAN";"Jean-Baptiste";"M";"LUDR";"MARSEILLE EN ORDRE 6ème et 8ème";"MARSEILLE EN ORDRE 6ème et 8ème";"121";"8,48%";"13,94%";"";"8";"";"";"";"";"";"";"";"";"";"";"";""
"13";"Bouches-du-Rhône";"13055SR04";"Marseille Secteur 4";"0604";"1671";"1019";"60,98%";"652";"39,02%";"1005";"60,14%";"98,63%";"7";"0,42%";"0,69%";"7";"0,42%";"0,69%";"3";"FORTIN";"Olivia";"F";"LUG";"Pour Marseille";"Pour Marseille, 6e et 8e arrondissements, la gauche, les écologistes et les citoyens rassemblés";"711";"42,55%";"70,75%";"";"32";"4";"PILA";"Catherine";"F";"LDVD";"je t'aime 6e et 8e";"Marseille je t'aime 6e et 8e avec Catherine Pila";"67";"4,01%";"6,67%";"";"2";"5";"RIVOALLAN";"Jean-Baptiste";"M";"LUDR";"MARSEILLE EN ORDRE 6ème et 8ème";"MARSEILLE EN ORDRE 6ème et 8ème";"227";"13,58%";"22,59%";"";"8";"";"";"";"";"";"";"";"";"";"";"";""
"13";"Bouches-du-Rhône";"13055SR04";"Marseille Secteur 4";"0605";"1700";"996";"58,59%";"704";"41,41%";"978";"57,53%";"98,19%";"8";"0,47%";"0,80%";"10";"0,59%";"1,00%";"3";"FORTIN";"Olivia";"F";"LUG";"Pour Marseille";"Pour Marseille, 6e et 8e arrondissements, la gauche, les écologistes et les citoyens rassemblés";"715";"42,06%";"73,11%";"";"32";"4";"PILA";"Catherine";"F";"LDVD";"je t'aime 6e et 8e";"Marseille je t'aime 6e et 8e avec Catherine Pila";"61";"3,59%";"6,24%";"";"2";"5";"RIVOALLAN";"Jean-Baptiste";"M";"LUDR";"MARSEILLE EN ORDRE 6ème et 8ème";"MARSEILLE EN ORDRE 6ème et 8ème";"202";"11,88%";"20,65%";"";"8";"";"";"";"";"";"";"";"";"";"";"";""
"13";"Bouches-du-Rhône";"13055SR04";"Marseille Secteur 4";"0607";"1358";"865";"63,70%";"493";"36,30%";"855";"62,96%";"98,84%";"6";"0,44%";"0,69%";"4";"0,29%";"0,46%";"3";"FORTIN";"Olivia";"F";"LUG";"Pour Marseille";"Pour Marseille, 6e et 8e arrondissements, la gauche, les écologistes et les citoyens rassemblés";"513";"37,78%";"60,00%";"";"32";"4";"PILA";"Catherine";"F";"LDVD";"je t'aime 6e et 8e";"Marseille je t'aime 6e et 8e avec Catherine Pila";"85";"6,26%";"9,94%";"";"2";"5";"RIVOALLAN";"Jean-Baptiste";"M";"LUDR";"MARSEILLE EN ORDRE 6ème et 8ème";"MARSEILLE EN ORDRE 6ème et 8ème";"257";"18,92%";"30,06%";"";"8";"";"";"";"";"";"";"";"";"";"";"";""
"13";"Bouches-du-Rhône";"13055SR04";"Marseille Secteur 4";"0608";"831";"542";"65,22%";"289";"34,78%";"539";"64,86%";"99,45%";"1";"0,12%";"0,18%";"2";"0,24%";"0,37%";"3";"FORTIN";"Olivia";"F";"LUG";"Pour Marseille";"Pour Marseille, 6e et 8e arrondissements, la gauche, les écologistes et les citoyens rassemblés";"365";"43,92%";"67,72%";"";"32";"4";"PILA";"Catherine";"F";"LDVD";"je t'aime 6e et 8e";"Marseille je t'aime 6e et 8e avec Catherine Pila";"50";"6,02%";"9,28%";"";"2";"5";"RIVOALLAN";"Jean-Baptiste";"M";"LUDR";"MARSEILLE EN ORDRE 6ème et 8ème";"MARSEILLE EN ORDRE 6ème et 8ème";"124";"14,92%";"23,01%";"";"8";"";"";"";"";"";"";"";"";"";"";"";""
"13";"Bouches-du-Rhône";"13055SR04";"Marseille Secteur 4";"0609";"1485";"873";"58,79%";"612";"41,21%";"865";"58,25%";"99,08%";"2";"0,13%";"0,23%";"6";"0,40%";"0,69%";"3";"FORTIN";"Olivia";"F";"LUG";"Pour Marseille";"Pour Marseille, 6e et 8e arrondissements, la gauche, les écologistes et les citoyens rassemblés";"579";"38,99%";"66,94%";"";"32";"4";"PILA";"Catherine";"F";"LDVD";"je t'aime 6e et 8e";"Marseille je t'aime 6e et 8e avec Catherine Pila";"64";"4,31%";"7,40%";"";"2";"5";"RIVOALLAN";"Jean-Baptiste";"M";"LUDR";"MARSEILLE EN ORDRE 6ème et 8ème";"MARSEILLE EN ORDRE 6ème et 8ème";"222";"14,95%";"25,66%";"";"8";"";"";"";"";"";"";"";"";"";"";"";""
"13";"Bouches-du-Rhône";"13055SR04";"Marseille Secteur 4";"0611";"1299";"797";"61,35%";"502";"38,65%";"791";"60,89%";"99,25%";"3";"0,23%";"0,38%";"3";"0,23%";"0,38%";"3";"FORTIN";"Olivia";"F";"LUG";"Pour Marseille";"Pour Marseille, 6e et 8e arrondissements, la gauche, les écologistes et les citoyens rassemblés";"478";"36,80%";"60,43%";"";"32";"4";"PILA";"Catherine";"F";"LDVD";"je t'aime 6e et 8e";"Marseille je t'aime 6e et 8e avec Catherine Pila";"87";"6,70%";"11,00%";"";"2";"5";"RIVOALLAN";"Jean-Baptiste";"M";"LUDR";"MARSEILLE EN ORDRE 6ème et 8ème";"MARSEILLE EN ORDRE 6ème et 8ème";"226";"17,40%";"28,57%";"";"8";"";"";"";"";"";"";"";"";"";"";"";""
"13";"Bouches-du-Rhône";"13055SR04";"Marseille Secteur 4";"0613";"1530";"920";"60,13%";"610";"39,87%";"905";"59,15%";"98,37%";"12";"0,78%";"1,30%";"3";"0,20%";"0,33%";"3";"FORTIN";"Olivia";"F";"LUG";"Pour Marseille";"Pour Marseille, 6e et 8e arrondissements, la gauche, les écologistes et les citoyens rassemblés";"560";"36,60%";"61,88%";"";"32";"4";"PILA";"Catherine";"F";"LDVD";"je t'aime 6e et 8e";"Marseille je t'aime 6e et 8e avec Catherine Pila";"102";"6,67%";"11,27%";"";"2";"5";"RIVOALLAN";"Jean-Baptiste";"M";"LUDR";"MARSEILLE EN ORDRE 6ème et 8ème";"MARSEILLE EN ORDRE 6ème et 8ème";"243";"15,88%";"26,85%";"";"8";"";"";"";"";"";"";"";"";"";"";"";""
"13";"Bouches-du-Rhône";"13055SR04";"Marseille Secteur 4";"0621";"1424";"886";"62,22%";"538";"37,78%";"874";"61,38%";"98,65%";"7";"0,49%";"0,79%";"5";"0,35%";"0,56%";"3";"FORTIN";"Olivia";"F";"LUG";"Pour Marseille";"Pour Marseille, 6e et 8e arrondissements, la gauche, les écologistes et les citoyens rassemblés";"602";"42,28%";"68,88%";"";"32";"4";"PILA";"Catherine";"F";"LDVD";"je t'aime 6e et 8e";"Marseille je t'aime 6e et 8e avec Catherine Pila";"64";"4,49%";"7,32%";"";"2";"5";"RIVOALLAN";"Jean-Baptiste";"M";"LUDR";"MARSEILLE EN ORDRE 6ème et 8ème";"MARSEILLE EN ORDRE 6ème et 8ème";"208";"14,61%";"23,80%";"";"8";"";"";"";"";"";"";"";"";"";"";"";""
"13";"Bouches-du-Rhône";"13055SR04";"Marseille Secteur 4";"0622";"1371";"836";"60,98%";"535";"39,02%";"821";"59,88%";"98,21%";"10";"0,73%";"1,20%";"5";"0,36%";"0,60%";"3";"FORTIN";"Olivia";"F";"LUG";"Pour Marseille";"Pour Marseille, 6e et 8e arrondissements, la gauche, les écologistes et les citoyens rassemblés";"514";"37,49%";"62,61%";"";"32";"4";"PILA";"Catherine";"F";"LDVD";"je t'aime 6e et 8e";"Marseille je t'aime 6e et 8e avec Catherine Pila";"68";"4,96%";"8,28%";"";"2";"5";"RIVOALLAN";"Jean-Baptiste";"M";"LUDR";"MARSEILLE EN ORDRE 6ème et 8ème";"MARSEILLE EN ORDRE 6ème et 8ème";"239";"17,43%";"29,11%";"";"8";"";"";"";"";"";"";"";"";"";"";"";""
"13";"Bouches-du-Rhône";"13055SR04";"Marseille Secteur 4";"0625";"1670";"964";"57,72%";"706";"42,28%";"942";"56,41%";"97,72%";"12";"0,72%";"1,24%";"10";"0,60%";"1,04%";"3";"FORTIN";"Olivia";"F";"LUG";"Pour Marseille";"Pour Marseille, 6e et 8e arrondissements, la gauche, les écologistes et les citoyens rassemblés";"643";"38,50%";"68,26%";"";"32";"4";"PILA";"Catherine";"F";"LDVD";"je t'aime 6e et 8e";"Marseille je t'aime 6e et 8e avec Catherine Pila";"73";"4,37%";"7,75%";"";"2";"5";"RIVOALLAN";"Jean-Baptiste";"M";"LUDR";"MARSEILLE EN ORDRE 6ème et 8ème";"MARSEILLE EN ORDRE 6ème et 8ème";"226";"13,53%";"23,99%";"";"8";"";"";"";"";"";"";"";"";"";"";"";""
"13";"Bouches-du-Rhône";"13055SR04";"Marseille Secteur 4";"0641";"999";"654";"65,47%";"345";"34,53%";"642";"64,26%";"98,17%";"5";"0,50%";"0,76%";"7";"0,70%";"1,07%";"3";"FORTIN";"Olivia";"F";"LUG";"Pour Marseille";"Pour Marseille, 6e et 8e arrondissements, la gauche, les écologistes et les citoyens rassemblés";"554";"55,46%";"86,29%";"";"32";"4";"PILA";"Catherine";"F";"LDVD";"je t'aime 6e et 8e";"Marseille je t'aime 6e et 8e avec Catherine Pila";"19";"1,90%";"2,96%";"";"2";"5";"RIVOALLAN";"Jean-Baptiste";"M";"LUDR";"MARSEILLE EN ORDRE 6ème et 8ème";"MARSEILLE EN ORDRE 6ème et 8ème";"69";"6,91%";"10,75%";"";"8";"";"";"";"";"";"";"";"";"";"";"";""
"13";"Bouches-du-Rhône";"13055SR04";"Marseille Secteur 4";"0651";"1180";"794";"67,29%";"386";"32,71%";"785";"66,53%";"98,87%";"4";"0,34%";"0,50%";"5";"0,42%";"0,63%";"3";"FORTIN";"Olivia";"F";"LUG";"Pour Marseille";"Pour Marseille, 6e et 8e arrondissements, la gauche, les écologistes et les citoyens rassemblés";"647";"54,83%";"82,42%";"";"32";"4";"PILA";"Catherine";"F";"LDVD";"je t'aime 6e et 8e";"Marseille je t'aime 6e et 8e avec Catherine Pila";"28";"2,37%";"3,57%";"";"2";"5";"RIVOALLAN";"Jean-Baptiste";"M";"LUDR";"MARSEILLE EN ORDRE 6ème et 8ème";"MARSEILLE EN ORDRE 6ème et 8ème";"110";"9,32%";"14,01%";"";"8";"";"";"";"";"";"";"";"";"";"";"";""
"13";"Bouches-du-Rhône";"13055SR04";"Marseille Secteur 4";"0652";"937";"576";"61,47%";"361";"38,53%";"569";"60,73%";"98,78%";"3";"0,32%";"0,52%";"4";"0,43%";"0,69%";"3";"FORTIN";"Olivia";"F";"LUG";"Pour Marseille";"Pour Marseille, 6e et 8e arrondissements, la gauche, les écologistes et les citoyens rassemblés";"454";"48,45%";"79,79%";"";"32";"4";"PILA";"Catherine";"F";"LDVD";"je t'aime 6e et 8e";"Marseille je t'aime 6e et 8e avec Catherine Pila";"25";"2,67%";"4,39%";"";"2";"5";"RIVOALLAN";"Jean-Baptiste";"M";"LUDR";"MARSEILLE EN ORDRE 6ème et 8ème";"MARSEILLE EN ORDRE 6ème et 8ème";"90";"9,61%";"15,82%";"";"8";"";"";"";"";"";"";"";"";"";"";"";""
"13";"Bouches-du-Rhône";"13055SR04";"Marseille Secteur 4";"0661";"739";"451";"61,03%";"288";"38,97%";"449";"60,76%";"99,56%";"1";"0,14%";"0,22%";"1";"0,14%";"0,22%";"3";"FORTIN";"Olivia";"F";"LUG";"Pour Marseille";"Pour Marseille, 6e et 8e arrondissements, la gauche, les écologistes et les citoyens rassemblés";"258";"34,91%";"57,46%";"";"32";"4";"PILA";"Catherine";"F";"LDVD";"je t'aime 6e et 8e";"Marseille je t'aime 6e et 8e avec Catherine Pila";"63";"8,53%";"14,03%";"";"2";"5";"RIVOALLAN";"Jean-Baptiste";"M";"LUDR";"MARSEILLE EN ORDRE 6ème et 8ème";"MARSEILLE EN ORDRE 6ème et 8ème";"128";"17,32%";"28,51%";"";"8";"";"";"";"";"";"";"";"";"";"";"";""
"13";"Bouches-du-Rhône";"13055SR04";"Marseille Secteur 4";"0662";"1159";"682";"58,84%";"477";"41,16%";"676";"58,33%";"99,12%";"1";"0,09%";"0,15%";"5";"0,43%";"0,73%";"3";"FORTIN";"Olivia";"F";"LUG";"Pour Marseille";"Pour Marseille, 6e et 8e arrondissements, la gauche, les écologistes et les citoyens rassemblés";"370";"31,92%";"54,73%";"";"32";"4";"PILA";"Catherine";"F";"LDVD";"je t'aime 6e et 8e";"Marseille je t'aime 6e et 8e avec Catherine Pila";"66";"5,69%";"9,76%";"";"2";"5";"RIVOALLAN";"Jean-Baptiste";"M";"LUDR";"MARSEILLE EN ORDRE 6ème et 8ème";"MARSEILLE EN ORDRE 6ème et 8ème";"240";"20,71%";"35,50%";"";"8";"";"";"";"";"";"";"";"";"";"";"";""
"13";"Bouches-du-Rhône";"13055SR04";"Marseille Secteur 4";"0663";"1502";"904";"60,19%";"598";"39,81%";"894";"59,52%";"98,89%";"6";"0,40%";"0,66%";"4";"0,27%";"0,44%";"3";"FORTIN";"Olivia";"F";"LUG";"Pour Marseille";"Pour Marseille, 6e et 8e arrondissements, la gauche, les écologistes et les citoyens rassemblés";"494";"32,89%";"55,26%";"";"32";"4";"PILA";"Catherine";"F";"LDVD";"je t'aime 6e et 8e";"Marseille je t'aime 6e et 8e avec Catherine Pila";"102";"6,79%";"11,41%";"";"2";"5";"RIVOALLAN";"Jean-Baptiste";"M";"LUDR";"MARSEILLE EN ORDRE 6ème et 8ème";"MARSEILLE EN ORDRE 6ème et 8ème";"298";"19,84%";"33,33%";"";"8";"";"";"";"";"";"";"";"";"";"";"";""
"13";"Bouches-du-Rhône";"13055SR04";"Marseille Secteur 4";"0664";"1287";"806";"62,63%";"481";"37,37%";"788";"61,23%";"97,77%";"8";"0,62%";"0,99%";"10";"0,78%";"1,24%";"3";"FORTIN";"Olivia";"F";"LUG";"Pour Marseille";"Pour Marseille, 6e et 8e arrondissements, la gauche, les écologistes et les citoyens rassemblés";"415";"32,25%";"52,66%";"";"32";"4";"PILA";"Catherine";"F";"LDVD";"je t'aime 6e et 8e";"Marseille je t'aime 6e et 8e avec Catherine Pila";"78";"6,06%";"9,90%";"";"2";"5";"RIVOALLAN";"Jean-Baptiste";"M";"LUDR";"MARSEILLE EN ORDRE 6ème et 8ème";"MARSEILLE EN ORDRE 6ème et 8ème";"295";"22,92%";"37,44%";"";"8";"";"";"";"";"";"";"";"";"";"";"";""
"13";"Bouches-du-Rhône";"13055SR04";"Marseille Secteur 4";"0671";"1449";"901";"62,18%";"548";"37,82%";"889";"61,35%";"98,67%";"3";"0,21%";"0,33%";"9";"0,62%";"1,00%";"3";"FORTIN";"Olivia";"F";"LUG";"Pour Marseille";"Pour Marseille, 6e et 8e arrondissements, la gauche, les écologistes et les citoyens rassemblés";"527";"36,37%";"59,28%";"";"32";"4";"PILA";"Catherine";"F";"LDVD";"je t'aime 6e et 8e";"Marseille je t'aime 6e et 8e avec Catherine Pila";"84";"5,80%";"9,45%";"";"2";"5";"RIVOALLAN";"Jean-Baptiste";"M";"LUDR";"MARSEILLE EN ORDRE 6ème et 8ème";"MARSEILLE EN ORDRE 6ème et 8ème";"278";"19,19%";"31,27%";"";"8";"";"";"";"";"";"";"";"";"";"";"";""
"13";"Bouches-du-Rhône";"13055SR04";"Marseille Secteur 4";"0672";"1078";"709";"65,77%";"369";"34,23%";"699";"64,84%";"98,59%";"6";"0,56%";"0,85%";"4";"0,37%";"0,56%";"3";"FORTIN";"Olivia";"F";"LUG";"Pour Marseille";"Pour Marseille, 6e et 8e arrondissements, la gauche, les écologistes et les citoyens rassemblés";"410";"38,03%";"58,66%";"";"32";"4";"PILA";"Catherine";"F";"LDVD";"je t'aime 6e et 8e";"Marseille je t'aime 6e et 8e avec Catherine Pila";"55";"5,10%";"7,87%";"";"2";"5";"RIVOALLAN";"Jean-Baptiste";"M";"LUDR";"MARSEILLE EN ORDRE 6ème et 8ème";"MARSEILLE EN ORDRE 6ème et 8ème";"234";"21,71%";"33,48%";"";"8";"";"";"";"";"";"";"";"";"";"";"";""
"13";"Bouches-du-Rhône";"13055SR04";"Marseille Secteur 4";"0673";"741";"495";"66,80%";"246";"33,20%";"479";"64,64%";"96,77%";"8";"1,08%";"1,62%";"8";"1,08%";"1,62%";"3";"FORTIN";"Olivia";"F";"LUG";"Pour Marseille";"Pour Marseille, 6e et 8e arrondissements, la gauche, les écologistes et les citoyens rassemblés";"282";"38,06%";"58,87%";"";"32";"4";"PILA";"Catherine";"F";"LDVD";"je t'aime 6e et 8e";"Marseille je t'aime 6e et 8e avec Catherine Pila";"58";"7,83%";"12,11%";"";"2";"5";"RIVOALLAN";"Jean-Baptiste";"M";"LUDR";"MARSEILLE EN ORDRE 6ème et 8ème";"MARSEILLE EN ORDRE 6ème et 8ème";"139";"18,76%";"29,02%";"";"8";"";"";"";"";"";"";"";"";"";"";"";""
"13";"Bouches-du-Rhône";"13055SR04";"Marseille Secteur 4";"0674";"858";"521";"60,72%";"337";"39,28%";"513";"59,79%";"98,46%";"3";"0,35%";"0,58%";"5";"0,58%";"0,96%";"3";"FORTIN";"Olivia";"F";"LUG";"Pour Marseille";"Pour Marseille, 6e et 8e arrondissements, la gauche, les écologistes et les citoyens rassemblés";"351";"40,91%";"68,42%";"";"32";"4";"PILA";"Catherine";"F";"LDVD";"je t'aime 6e et 8e";"Marseille je t'aime 6e et 8e avec Catherine Pila";"41";"4,78%";"7,99%";"";"2";"5";"RIVOALLAN";"Jean-Baptiste";"M";"LUDR";"MARSEILLE EN ORDRE 6ème et 8ème";"MARSEILLE EN ORDRE 6ème et 8ème";"121";"14,10%";"23,59%";"";"8";"";"";"";"";"";"";"";"";"";"";"";""
"13";"Bouches-du-Rhône";"13055SR04";"Marseille Secteur 4";"0801";"1312";"864";"65,85%";"448";"34,15%";"848";"64,63%";"98,15%";"9";"0,69%";"1,04%";"7";"0,53%";"0,81%";"3";"FORTIN";"Olivia";"F";"LUG";"Pour Marseille";"Pour Marseille, 6e et 8e arrondissements, la gauche, les écologistes et les citoyens rassemblés";"356";"27,13%";"41,98%";"";"32";"4";"PILA";"Catherine";"F";"LDVD";"je t'aime 6e et 8e";"Marseille je t'aime 6e et 8e avec Catherine Pila";"109";"8,31%";"12,85%";"";"2";"5";"RIVOALLAN";"Jean-Baptiste";"M";"LUDR";"MARSEILLE EN ORDRE 6ème et 8ème";"MARSEILLE EN ORDRE 6ème et 8ème";"383";"29,19%";"45,17%";"";"8";"";"";"";"";"";"";"";"";"";"";"";""
"13";"Bouches-du-Rhône";"13055SR04";"Marseille Secteur 4";"0802";"1270";"813";"64,02%";"457";"35,98%";"802";"63,15%";"98,65%";"8";"0,63%";"0,98%";"3";"0,24%";"0,37%";"3";"FORTIN";"Olivia";"F";"LUG";"Pour Marseille";"Pour Marseille, 6e et 8e arrondissements, la gauche, les écologistes et les citoyens rassemblés";"354";"27,87%";"44,14%";"";"32";"4";"PILA";"Catherine";"F";"LDVD";"je t'aime 6e et 8e";"Marseille je t'aime 6e et 8e avec Catherine Pila";"133";"10,47%";"16,58%";"";"2";"5";"RIVOALLAN";"Jean-Baptiste";"M";"LUDR";"MARSEILLE EN ORDRE 6ème et 8ème";"MARSEILLE EN ORDRE 6ème et 8ème";"315";"24,80%";"39,28%";"";"8";"";"";"";"";"";"";"";"";"";"";"";""
"13";"Bouches-du-Rhône";"13055SR04";"Marseille Secteur 4";"0803";"1368";"855";"62,50%";"513";"37,50%";"849";"62,06%";"99,30%";"3";"0,22%";"0,35%";"3";"0,22%";"0,35%";"3";"FORTIN";"Olivia";"F";"LUG";"Pour Marseille";"Pour Marseille, 6e et 8e arrondissements, la gauche, les écologistes et les citoyens rassemblés";"262";"19,15%";"30,86%";"";"32";"4";"PILA";"Catherine";"F";"LDVD";"je t'aime 6e et 8e";"Marseille je t'aime 6e et 8e avec Catherine Pila";"129";"9,43%";"15,19%";"";"2";"5";"RIVOALLAN";"Jean-Baptiste";"M";"LUDR";"MARSEILLE EN ORDRE 6ème et 8ème";"MARSEILLE EN ORDRE 6ème et 8ème";"458";"33,48%";"53,95%";"";"8";"";"";"";"";"";"";"";"";"";"";"";""
"13";"Bouches-du-Rhône";"13055SR04";"Marseille Secteur 4";"0804";"1391";"784";"56,36%";"607";"43,64%";"775";"55,72%";"98,85%";"2";"0,14%";"0,26%";"7";"0,50%";"0,89%";"3";"FORTIN";"Olivia";"F";"LUG";"Pour Marseille";"Pour Marseille, 6e et 8e arrondissements, la gauche, les écologistes et les citoyens rassemblés";"271";"19,48%";"34,97%";"";"32";"4";"PILA";"Catherine";"F";"LDVD";"je t'aime 6e et 8e";"Marseille je t'aime 6e et 8e avec Catherine Pila";"96";"6,90%";"12,39%";"";"2";"5";"RIVOALLAN";"Jean-Baptiste";"M";"LUDR";"MARSEILLE EN ORDRE 6ème et 8ème";"MARSEILLE EN ORDRE 6ème et 8ème";"408";"29,33%";"52,65%";"";"8";"";"";"";"";"";"";"";"";"";"";"";""
"13";"Bouches-du-Rhône";"13055SR04";"Marseille Secteur 4";"0805";"1017";"662";"65,09%";"355";"34,91%";"652";"64,11%";"98,49%";"6";"0,59%";"0,91%";"4";"0,39%";"0,60%";"3";"FORTIN";"Olivia";"F";"LUG";"Pour Marseille";"Pour Marseille, 6e et 8e arrondissements, la gauche, les écologistes et les citoyens rassemblés";"227";"22,32%";"34,82%";"";"32";"4";"PILA";"Catherine";"F";"LDVD";"je t'aime 6e et 8e";"Marseille je t'aime 6e et 8e avec Catherine Pila";"113";"11,11%";"17,33%";"";"2";"5";"RIVOALLAN";"Jean-Baptiste";"M";"LUDR";"MARSEILLE EN ORDRE 6ème et 8ème";"MARSEILLE EN ORDRE 6ème et 8ème";"312";"30,68%";"47,85%";"";"8";"";"";"";"";"";"";"";"";"";"";"";""
"13";"Bouches-du-Rhône";"13055SR04";"Marseille Secteur 4";"0806";"1198";"765";"63,86%";"433";"36,14%";"758";"63,27%";"99,08%";"4";"0,33%";"0,52%";"3";"0,25%";"0,39%";"3";"FORTIN";"Olivia";"F";"LUG";"Pour Marseille";"Pour Marseille, 6e et 8e arrondissements, la gauche, les écologistes et les citoyens rassemblés";"217";"18,11%";"28,63%";"";"32";"4";"PILA";"Catherine";"F";"LDVD";"je t'aime 6e et 8e";"Marseille je t'aime 6e et 8e avec Catherine Pila";"134";"11,19%";"17,68%";"";"2";"5";"RIVOALLAN";"Jean-Baptiste";"M";"LUDR";"MARSEILLE EN ORDRE 6ème et 8ème";"MARSEILLE EN ORDRE 6ème et 8ème";"407";"33,97%";"53,69%";"";"8";"";"";"";"";"";"";"";"";"";"";"";""
"13";"Bouches-du-Rhône";"13055SR04";"Marseille Secteur 4";"0807";"1220";"799";"65,49%";"421";"34,51%";"784";"64,26%";"98,12%";"9";"0,74%";"1,13%";"6";"0,49%";"0,75%";"3";"FORTIN";"Olivia";"F";"LUG";"Pour Marseille";"Pour Marseille, 6e et 8e arrondissements, la gauche, les écologistes et les citoyens rassemblés";"217";"17,79%";"27,68%";"";"32";"4";"PILA";"Catherine";"F";"LDVD";"je t'aime 6e et 8e";"Marseille je t'aime 6e et 8e avec Catherine Pila";"123";"10,08%";"15,69%";"";"2";"5";"RIVOALLAN";"Jean-Baptiste";"M";"LUDR";"MARSEILLE EN ORDRE 6ème et 8ème";"MARSEILLE EN ORDRE 6ème et 8ème";"444";"36,39%";"56,63%";"";"8";"";"";"";"";"";"";"";"";"";"";"";""
"13";"Bouches-du-Rhône";"13055SR04";"Marseille Secteur 4";"0808";"1156";"731";"63,24%";"425";"36,76%";"722";"62,46%";"98,77%";"7";"0,61%";"0,96%";"2";"0,17%";"0,27%";"3";"FORTIN";"Olivia";"F";"LUG";"Pour Marseille";"Pour Marseille, 6e et 8e arrondissements, la gauche, les écologistes et les citoyens rassemblés";"207";"17,91%";"28,67%";"";"32";"4";"PILA";"Catherine";"F";"LDVD";"je t'aime 6e et 8e";"Marseille je t'aime 6e et 8e avec Catherine Pila";"109";"9,43%";"15,10%";"";"2";"5";"RIVOALLAN";"Jean-Baptiste";"M";"LUDR";"MARSEILLE EN ORDRE 6ème et 8ème";"MARSEILLE EN ORDRE 6ème et 8ème";"406";"35,12%";"56,23%";"";"8";"";"";"";"";"";"";"";"";"";"";"";""
"13";"Bouches-du-Rhône";"13055SR04";"Marseille Secteur 4";"0809";"1500";"981";"65,40%";"519";"34,60%";"973";"64,87%";"99,18%";"4";"0,27%";"0,41%";"4";"0,27%";"0,41%";"3";"FORTIN";"Olivia";"F";"LUG";"Pour Marseille";"Pour Marseille, 6e et 8e arrondissements, la gauche, les écologistes et les citoyens rassemblés";"360";"24,00%";"37,00%";"";"32";"4";"PILA";"Catherine";"F";"LDVD";"je t'aime 6e et 8e";"Marseille je t'aime 6e et 8e avec Catherine Pila";"146";"9,73%";"15,01%";"";"2";"5";"RIVOALLAN";"Jean-Baptiste";"M";"LUDR";"MARSEILLE EN ORDRE 6ème et 8ème";"MARSEILLE EN ORDRE 6ème et 8ème";"467";"31,13%";"48,00%";"";"8";"";"";"";"";"";"";"";"";"";"";"";""
"13";"Bouches-du-Rhône";"13055SR04";"Marseille Secteur 4";"0810";"1056";"591";"55,97%";"465";"44,03%";"584";"55,30%";"98,82%";"3";"0,28%";"0,51%";"4";"0,38%";"0,68%";"3";"FORTIN";"Olivia";"F";"LUG";"Pour Marseille";"Pour Marseille, 6e et 8e arrondissements, la gauche, les écologistes et les citoyens rassemblés";"251";"23,77%";"42,98%";"";"32";"4";"PILA";"Catherine";"F";"LDVD";"je t'aime 6e et 8e";"Marseille je t'aime 6e et 8e avec Catherine Pila";"61";"5,78%";"10,45%";"";"2";"5";"RIVOALLAN";"Jean-Baptiste";"M";"LUDR";"MARSEILLE EN ORDRE 6ème et 8ème";"MARSEILLE EN ORDRE 6ème et 8ème";"272";"25,76%";"46,58%";"";"8";"";"";"";"";"";"";"";"";"";"";"";""
"13";"Bouches-du-Rhône";"13055SR04";"Marseille Secteur 4";"0811";"1228";"734";"59,77%";"494";"40,23%";"721";"58,71%";"98,23%";"5";"0,41%";"0,68%";"8";"0,65%";"1,09%";"3";"FORTIN";"Olivia";"F";"LUG";"Pour Marseille";"Pour Marseille, 6e et 8e arrondissements, la gauche, les écologistes et les citoyens rassemblés";"351";"28,58%";"48,68%";"";"32";"4";"PILA";"Catherine";"F";"LDVD";"je t'aime 6e et 8e";"Marseille je t'aime 6e et 8e avec Catherine Pila";"66";"5,37%";"9,15%";"";"2";"5";"RIVOALLAN";"Jean-Baptiste";"M";"LUDR";"MARSEILLE EN ORDRE 6ème et 8ème";"MARSEILLE EN ORDRE 6ème et 8ème";"304";"24,76%";"42,16%";"";"8";"";"";"";"";"";"";"";"";"";"";"";""
"13";"Bouches-du-Rhône";"13055SR04";"Marseille Secteur 4";"0812";"925";"519";"56,11%";"406";"43,89%";"503";"54,38%";"96,92%";"10";"1,08%";"1,93%";"6";"0,65%";"1,16%";"3";"FORTIN";"Olivia";"F";"LUG";"Pour Marseille";"Pour Marseille, 6e et 8e arrondissements, la gauche, les écologistes et les citoyens rassemblés";"240";"25,95%";"47,71%";"";"32";"4";"PILA";"Catherine";"F";"LDVD";"je t'aime 6e et 8e";"Marseille je t'aime 6e et 8e avec Catherine Pila";"55";"5,95%";"10,93%";"";"2";"5";"RIVOALLAN";"Jean-Baptiste";"M";"LUDR";"MARSEILLE EN ORDRE 6ème et 8ème";"MARSEILLE EN ORDRE 6ème et 8ème";"208";"22,49%";"41,35%";"";"8";"";"";"";"";"";"";"";"";"";"";"";""
"13";"Bouches-du-Rhône";"13055SR04";"Marseille Secteur 4";"0813";"1044";"581";"55,65%";"463";"44,35%";"572";"54,79%";"98,45%";"4";"0,38%";"0,69%";"5";"0,48%";"0,86%";"3";"FORTIN";"Olivia";"F";"LUG";"Pour Marseille";"Pour Marseille, 6e et 8e arrondissements, la gauche, les écologistes et les citoyens rassemblés";"256";"24,52%";"44,76%";"";"32";"4";"PILA";"Catherine";"F";"LDVD";"je t'aime 6e et 8e";"Marseille je t'aime 6e et 8e avec Catherine Pila";"68";"6,51%";"11,89%";"";"2";"5";"RIVOALLAN";"Jean-Baptiste";"M";"LUDR";"MARSEILLE EN ORDRE 6ème et 8ème";"MARSEILLE EN ORDRE 6ème et 8ème";"248";"23,75%";"43,36%";"";"8";"";"";"";"";"";"";"";"";"";"";"";""
"13";"Bouches-du-Rhône";"13055SR04";"Marseille Secteur 4";"0814";"1774";"1043";"58,79%";"731";"41,21%";"1027";"57,89%";"98,47%";"9";"0,51%";"0,86%";"7";"0,39%";"0,67%";"3";"FORTIN";"Olivia";"F";"LUG";"Pour Marseille";"Pour Marseille, 6e et 8e arrondissements, la gauche, les écologistes et les citoyens rassemblés";"561";"31,62%";"54,63%";"";"32";"4";"PILA";"Catherine";"F";"LDVD";"je t'aime 6e et 8e";"Marseille je t'aime 6e et 8e avec Catherine Pila";"97";"5,47%";"9,44%";"";"2";"5";"RIVOALLAN";"Jean-Baptiste";"M";"LUDR";"MARSEILLE EN ORDRE 6ème et 8ème";"MARSEILLE EN ORDRE 6ème et 8ème";"369";"20,80%";"35,93%";"";"8";"";"";"";"";"";"";"";"";"";"";"";""
"13";"Bouches-du-Rhône";"13055SR04";"Marseille Secteur 4";"0815";"1321";"772";"58,44%";"549";"41,56%";"762";"57,68%";"98,70%";"7";"0,53%";"0,91%";"3";"0,23%";"0,39%";"3";"FORTIN";"Olivia";"F";"LUG";"Pour Marseille";"Pour Marseille, 6e et 8e arrondissements, la gauche, les écologistes et les citoyens rassemblés";"347";"26,27%";"45,54%";"";"32";"4";"PILA";"Catherine";"F";"LDVD";"je t'aime 6e et 8e";"Marseille je t'aime 6e et 8e avec Catherine Pila";"94";"7,12%";"12,34%";"";"2";"5";"RIVOALLAN";"Jean-Baptiste";"M";"LUDR";"MARSEILLE EN ORDRE 6ème et 8ème";"MARSEILLE EN ORDRE 6ème et 8ème";"321";"24,30%";"42,13%";"";"8";"";"";"";"";"";"";"";"";"";"";"";""
"13";"Bouches-du-Rhône";"13055SR04";"Marseille Secteur 4";"0816";"1798";"1063";"59,12%";"735";"40,88%";"1051";"58,45%";"98,87%";"8";"0,44%";"0,75%";"4";"0,22%";"0,38%";"3";"FORTIN";"Olivia";"F";"LUG";"Pour Marseille";"Pour Marseille, 6e et 8e arrondissements, la gauche, les écologistes et les citoyens rassemblés";"613";"34,09%";"58,33%";"";"32";"4";"PILA";"Catherine";"F";"LDVD";"je t'aime 6e et 8e";"Marseille je t'aime 6e et 8e avec Catherine Pila";"82";"4,56%";"7,80%";"";"2";"5";"RIVOALLAN";"Jean-Baptiste";"M";"LUDR";"MARSEILLE EN ORDRE 6ème et 8ème";"MARSEILLE EN ORDRE 6ème et 8ème";"356";"19,80%";"33,87%";"";"8";"";"";"";"";"";"";"";"";"";"";"";""
"13";"Bouches-du-Rhône";"13055SR04";"Marseille Secteur 4";"0817";"1421";"782";"55,03%";"639";"44,97%";"777";"54,68%";"99,36%";"4";"0,28%";"0,51%";"1";"0,07%";"0,13%";"3";"FORTIN";"Olivia";"F";"LUG";"Pour Marseille";"Pour Marseille, 6e et 8e arrondissements, la gauche, les écologistes et les citoyens rassemblés";"336";"23,65%";"43,24%";"";"32";"4";"PILA";"Catherine";"F";"LDVD";"je t'aime 6e et 8e";"Marseille je t'aime 6e et 8e avec Catherine Pila";"80";"5,63%";"10,30%";"";"2";"5";"RIVOALLAN";"Jean-Baptiste";"M";"LUDR";"MARSEILLE EN ORDRE 6ème et 8ème";"MARSEILLE EN ORDRE 6ème et 8ème";"361";"25,40%";"46,46%";"";"8";"";"";"";"";"";"";"";"";"";"";"";""
"13";"Bouches-du-Rhône";"13055SR04";"Marseille Secteur 4";"0818";"1605";"780";"48,60%";"825";"51,40%";"762";"47,48%";"97,69%";"11";"0,69%";"1,41%";"7";"0,44%";"0,90%";"3";"FORTIN";"Olivia";"F";"LUG";"Pour Marseille";"Pour Marseille, 6e et 8e arrondissements, la gauche, les écologistes et les citoyens rassemblés";"353";"21,99%";"46,33%";"";"32";"4";"PILA";"Catherine";"F";"LDVD";"je t'aime 6e et 8e";"Marseille je t'aime 6e et 8e avec Catherine Pila";"45";"2,80%";"5,91%";"";"2";"5";"RIVOALLAN";"Jean-Baptiste";"M";"LUDR";"MARSEILLE EN ORDRE 6ème et 8ème";"MARSEILLE EN ORDRE 6ème et 8ème";"364";"22,68%";"47,77%";"";"8";"";"";"";"";"";"";"";"";"";"";"";""
"13";"Bouches-du-Rhône";"13055SR04";"Marseille Secteur 4";"0823";"883";"584";"66,14%";"299";"33,86%";"568";"64,33%";"97,26%";"2";"0,23%";"0,34%";"14";"1,59%";"2,40%";"3";"FORTIN";"Olivia";"F";"LUG";"Pour Marseille";"Pour Marseille, 6e et 8e arrondissements, la gauche, les écologistes et les citoyens rassemblés";"308";"34,88%";"54,23%";"";"32";"4";"PILA";"Catherine";"F";"LDVD";"je t'aime 6e et 8e";"Marseille je t'aime 6e et 8e avec Catherine Pila";"51";"5,78%";"8,98%";"";"2";"5";"RIVOALLAN";"Jean-Baptiste";"M";"LUDR";"MARSEILLE EN ORDRE 6ème et 8ème";"MARSEILLE EN ORDRE 6ème et 8ème";"209";"23,67%";"36,80%";"";"8";"";"";"";"";"";"";"";"";"";"";"";""
"13";"Bouches-du-Rhône";"13055SR04";"Marseille Secteur 4";"0830";"794";"491";"61,84%";"303";"38,16%";"486";"61,21%";"98,98%";"2";"0,25%";"0,41%";"3";"0,38%";"0,61%";"3";"FORTIN";"Olivia";"F";"LUG";"Pour Marseille";"Pour Marseille, 6e et 8e arrondissements, la gauche, les écologistes et les citoyens rassemblés";"235";"29,60%";"48,35%";"";"32";"4";"PILA";"Catherine";"F";"LDVD";"je t'aime 6e et 8e";"Marseille je t'aime 6e et 8e avec Catherine Pila";"36";"4,53%";"7,41%";"";"2";"5";"RIVOALLAN";"Jean-Baptiste";"M";"LUDR";"MARSEILLE EN ORDRE 6ème et 8ème";"MARSEILLE EN ORDRE 6ème et 8ème";"215";"27,08%";"44,24%";"";"8";"";"";"";"";"";"";"";"";"";"";"";""
"13";"Bouches-du-Rhône";"13055SR04";"Marseille Secteur 4";"0831";"923";"567";"61,43%";"356";"38,57%";"559";"60,56%";"98,59%";"2";"0,22%";"0,35%";"6";"0,65%";"1,06%";"3";"FORTIN";"Olivia";"F";"LUG";"Pour Marseille";"Pour Marseille, 6e et 8e arrondissements, la gauche, les écologistes et les citoyens rassemblés";"242";"26,22%";"43,29%";"";"32";"4";"PILA";"Catherine";"F";"LDVD";"je t'aime 6e et 8e";"Marseille je t'aime 6e et 8e avec Catherine Pila";"71";"7,69%";"12,70%";"";"2";"5";"RIVOALLAN";"Jean-Baptiste";"M";"LUDR";"MARSEILLE EN ORDRE 6ème et 8ème";"MARSEILLE EN ORDRE 6ème et 8ème";"246";"26,65%";"44,01%";"";"8";"";"";"";"";"";"";"";"";"";"";"";""
"13";"Bouches-du-Rhône";"13055SR04";"Marseille Secteur 4";"0832";"1353";"827";"61,12%";"526";"38,88%";"814";"60,16%";"98,43%";"9";"0,67%";"1,09%";"4";"0,30%";"0,48%";"3";"FORTIN";"Olivia";"F";"LUG";"Pour Marseille";"Pour Marseille, 6e et 8e arrondissements, la gauche, les écologistes et les citoyens rassemblés";"343";"25,35%";"42,14%";"";"32";"4";"PILA";"Catherine";"F";"LDVD";"je t'aime 6e et 8e";"Marseille je t'aime 6e et 8e avec Catherine Pila";"88";"6,50%";"10,81%";"";"2";"5";"RIVOALLAN";"Jean-Baptiste";"M";"LUDR";"MARSEILLE EN ORDRE 6ème et 8ème";"MARSEILLE EN ORDRE 6ème et 8ème";"383";"28,31%";"47,05%";"";"8";"";"";"";"";"";"";"";"";"";"";"";""
"13";"Bouches-du-Rhône";"13055SR04";"Marseille Secteur 4";"0833";"884";"549";"62,10%";"335";"37,90%";"541";"61,20%";"98,54%";"5";"0,57%";"0,91%";"3";"0,34%";"0,55%";"3";"FORTIN";"Olivia";"F";"LUG";"Pour Marseille";"Pour Marseille, 6e et 8e arrondissements, la gauche, les écologistes et les citoyens rassemblés";"193";"21,83%";"35,67%";"";"32";"4";"PILA";"Catherine";"F";"LDVD";"je t'aime 6e et 8e";"Marseille je t'aime 6e et 8e avec Catherine Pila";"92";"10,41%";"17,01%";"";"2";"5";"RIVOALLAN";"Jean-Baptiste";"M";"LUDR";"MARSEILLE EN ORDRE 6ème et 8ème";"MARSEILLE EN ORDRE 6ème et 8ème";"256";"28,96%";"47,32%";"";"8";"";"";"";"";"";"";"";"";"";"";"";""
"13";"Bouches-du-Rhône";"13055SR04";"Marseille Secteur 4";"0834";"1260";"764";"60,63%";"496";"39,37%";"757";"60,08%";"99,08%";"4";"0,32%";"0,52%";"3";"0,24%";"0,39%";"3";"FORTIN";"Olivia";"F";"LUG";"Pour Marseille";"Pour Marseille, 6e et 8e arrondissements, la gauche, les écologistes et les citoyens rassemblés";"127";"10,08%";"16,78%";"";"32";"4";"PILA";"Catherine";"F";"LDVD";"je t'aime 6e et 8e";"Marseille je t'aime 6e et 8e avec Catherine Pila";"129";"10,24%";"17,04%";"";"2";"5";"RIVOALLAN";"Jean-Baptiste";"M";"LUDR";"MARSEILLE EN ORDRE 6ème et 8ème";"MARSEILLE EN ORDRE 6ème et 8ème";"501";"39,76%";"66,18%";"";"8";"";"";"";"";"";"";"";"";"";"";"";""
"13";"Bouches-du-Rhône";"13055SR04";"Marseille Secteur 4";"0835";"953";"597";"62,64%";"356";"37,36%";"589";"61,80%";"98,66%";"3";"0,31%";"0,50%";"5";"0,52%";"0,84%";"3";"FORTIN";"Olivia";"F";"LUG";"Pour Marseille";"Pour Marseille, 6e et 8e arrondissements, la gauche, les écologistes et les citoyens rassemblés";"218";"22,88%";"37,01%";"";"32";"4";"PILA";"Catherine";"F";"LDVD";"je t'aime 6e et 8e";"Marseille je t'aime 6e et 8e avec Catherine Pila";"87";"9,13%";"14,77%";"";"2";"5";"RIVOALLAN";"Jean-Baptiste";"M";"LUDR";"MARSEILLE EN ORDRE 6ème et 8ème";"MARSEILLE EN ORDRE 6ème et 8ème";"284";"29,80%";"48,22%";"";"8";"";"";"";"";"";"";"";"";"";"";"";""
"13";"Bouches-du-Rhône";"13055SR04";"Marseille Secteur 4";"0836";"741";"468";"63,16%";"273";"36,84%";"455";"61,40%";"97,22%";"6";"0,81%";"1,28%";"7";"0,94%";"1,50%";"3";"FORTIN";"Olivia";"F";"LUG";"Pour Marseille";"Pour Marseille, 6e et 8e arrondissements, la gauche, les écologistes et les citoyens rassemblés";"151";"20,38%";"33,19%";"";"32";"4";"PILA";"Catherine";"F";"LDVD";"je t'aime 6e et 8e";"Marseille je t'aime 6e et 8e avec Catherine Pila";"58";"7,83%";"12,75%";"";"2";"5";"RIVOALLAN";"Jean-Baptiste";"M";"LUDR";"MARSEILLE EN ORDRE 6ème et 8ème";"MARSEILLE EN ORDRE 6ème et 8ème";"246";"33,20%";"54,07%";"";"8";"";"";"";"";"";"";"";"";"";"";"";""
"13";"Bouches-du-Rhône";"13055SR04";"Marseille Secteur 4";"0850";"1466";"879";"59,96%";"587";"40,04%";"866";"59,07%";"98,52%";"9";"0,61%";"1,02%";"4";"0,27%";"0,46%";"3";"FORTIN";"Olivia";"F";"LUG";"Pour Marseille";"Pour Marseille, 6e et 8e arrondissements, la gauche, les écologistes et les citoyens rassemblés";"359";"24,49%";"41,45%";"";"32";"4";"PILA";"Catherine";"F";"LDVD";"je t'aime 6e et 8e";"Marseille je t'aime 6e et 8e avec Catherine Pila";"80";"5,46%";"9,24%";"";"2";"5";"RIVOALLAN";"Jean-Baptiste";"M";"LUDR";"MARSEILLE EN ORDRE 6ème et 8ème";"MARSEILLE EN ORDRE 6ème et 8ème";"427";"29,13%";"49,31%";"";"8";"";"";"";"";"";"";"";"";"";"";"";""
"13";"Bouches-du-Rhône";"13055SR04";"Marseille Secteur 4";"0851";"1111";"702";"63,19%";"409";"36,81%";"694";"62,47%";"98,86%";"4";"0,36%";"0,57%";"4";"0,36%";"0,57%";"3";"FORTIN";"Olivia";"F";"LUG";"Pour Marseille";"Pour Marseille, 6e et 8e arrondissements, la gauche, les écologistes et les citoyens rassemblés";"427";"38,43%";"61,53%";"";"32";"4";"PILA";"Catherine";"F";"LDVD";"je t'aime 6e et 8e";"Marseille je t'aime 6e et 8e avec Catherine Pila";"52";"4,68%";"7,49%";"";"2";"5";"RIVOALLAN";"Jean-Baptiste";"M";"LUDR";"MARSEILLE EN ORDRE 6ème et 8ème";"MARSEILLE EN ORDRE 6ème et 8ème";"215";"19,35%";"30,98%";"";"8";"";"";"";"";"";"";"";"";"";"";"";""
"13";"Bouches-du-Rhône";"13055SR04";"Marseille Secteur 4";"0852";"1560";"1027";"65,83%";"533";"34,17%";"1001";"64,17%";"97,47%";"20";"1,28%";"1,95%";"6";"0,38%";"0,58%";"3";"FORTIN";"Olivia";"F";"LUG";"Pour Marseille";"Pour Marseille, 6e et 8e arrondissements, la gauche, les écologistes et les citoyens rassemblés";"517";"33,14%";"51,65%";"";"32";"4";"PILA";"Catherine";"F";"LDVD";"je t'aime 6e et 8e";"Marseille je t'aime 6e et 8e avec Catherine Pila";"101";"6,47%";"10,09%";"";"2";"5";"RIVOALLAN";"Jean-Baptiste";"M";"LUDR";"MARSEILLE EN ORDRE 6ème et 8ème";"MARSEILLE EN ORDRE 6ème et 8ème";"383";"24,55%";"38,26%";"";"8";"";"";"";"";"";"";"";"";"";"";"";""
"13";"Bouches-du-Rhône";"13055SR04";"Marseille Secteur 4";"0853";"781";"527";"67,48%";"254";"32,52%";"516";"66,07%";"97,91%";"7";"0,90%";"1,33%";"4";"0,51%";"0,76%";"3";"FORTIN";"Olivia";"F";"LUG";"Pour Marseille";"Pour Marseille, 6e et 8e arrondissements, la gauche, les écologistes et les citoyens rassemblés";"229";"29,32%";"44,38%";"";"32";"4";"PILA";"Catherine";"F";"LDVD";"je t'aime 6e et 8e";"Marseille je t'aime 6e et 8e avec Catherine Pila";"48";"6,15%";"9,30%";"";"2";"5";"RIVOALLAN";"Jean-Baptiste";"M";"LUDR";"MARSEILLE EN ORDRE 6ème et 8ème";"MARSEILLE EN ORDRE 6ème et 8ème";"239";"30,60%";"46,32%";"";"8";"";"";"";"";"";"";"";"";"";"";"";""
"13";"Bouches-du-Rhône";"13055SR04";"Marseille Secteur 4";"0854";"998";"672";"67,33%";"326";"32,67%";"664";"66,53%";"98,81%";"6";"0,60%";"0,89%";"2";"0,20%";"0,30%";"3";"FORTIN";"Olivia";"F";"LUG";"Pour Marseille";"Pour Marseille, 6e et 8e arrondissements, la gauche, les écologistes et les citoyens rassemblés";"310";"31,06%";"46,69%";"";"32";"4";"PILA";"Catherine";"F";"LDVD";"je t'aime 6e et 8e";"Marseille je t'aime 6e et 8e avec Catherine Pila";"76";"7,62%";"11,45%";"";"2";"5";"RIVOALLAN";"Jean-Baptiste";"M";"LUDR";"MARSEILLE EN ORDRE 6ème et 8ème";"MARSEILLE EN ORDRE 6ème et 8ème";"278";"27,86%";"41,87%";"";"8";"";"";"";"";"";"";"";"";"";"";"";""
"13";"Bouches-du-Rhône";"13055SR04";"Marseille Secteur 4";"0855";"1166";"742";"63,64%";"424";"36,36%";"725";"62,18%";"97,71%";"9";"0,77%";"1,21%";"8";"0,69%";"1,08%";"3";"FORTIN";"Olivia";"F";"LUG";"Pour Marseille";"Pour Marseille, 6e et 8e arrondissements, la gauche, les écologistes et les citoyens rassemblés";"308";"26,42%";"42,48%";"";"32";"4";"PILA";"Catherine";"F";"LDVD";"je t'aime 6e et 8e";"Marseille je t'aime 6e et 8e avec Catherine Pila";"99";"8,49%";"13,66%";"";"2";"5";"RIVOALLAN";"Jean-Baptiste";"M";"LUDR";"MARSEILLE EN ORDRE 6ème et 8ème";"MARSEILLE EN ORDRE 6ème et 8ème";"318";"27,27%";"43,86%";"";"8";"";"";"";"";"";"";"";"";"";"";"";""
"13";"Bouches-du-Rhône";"13055SR04";"Marseille Secteur 4";"0856";"1631";"1024";"62,78%";"607";"37,22%";"1007";"61,74%";"98,34%";"8";"0,49%";"0,78%";"9";"0,55%";"0,88%";"3";"FORTIN";"Olivia";"F";"LUG";"Pour Marseille";"Pour Marseille, 6e et 8e arrondissements, la gauche, les écologistes et les citoyens rassemblés";"477";"29,25%";"47,37%";"";"32";"4";"PILA";"Catherine";"F";"LDVD";"je t'aime 6e et 8e";"Marseille je t'aime 6e et 8e avec Catherine Pila";"89";"5,46%";"8,84%";"";"2";"5";"RIVOALLAN";"Jean-Baptiste";"M";"LUDR";"MARSEILLE EN ORDRE 6ème et 8ème";"MARSEILLE EN ORDRE 6ème et 8ème";"441";"27,04%";"43,79%";"";"8";"";"";"";"";"";"";"";"";"";"";"";""
"13";"Bouches-du-Rhône";"13055SR04";"Marseille Secteur 4";"0857";"1026";"650";"63,35%";"376";"36,65%";"637";"62,09%";"98,00%";"4";"0,39%";"0,62%";"9";"0,88%";"1,38%";"3";"FORTIN";"Olivia";"F";"LUG";"Pour Marseille";"Pour Marseille, 6e et 8e arrondissements, la gauche, les écologistes et les citoyens rassemblés";"275";"26,80%";"43,17%";"";"32";"4";"PILA";"Catherine";"F";"LDVD";"je t'aime 6e et 8e";"Marseille je t'aime 6e et 8e avec Catherine Pila";"58";"5,65%";"9,11%";"";"2";"5";"RIVOALLAN";"Jean-Baptiste";"M";"LUDR";"MARSEILLE EN ORDRE 6ème et 8ème";"MARSEILLE EN ORDRE 6ème et 8ème";"304";"29,63%";"47,72%";"";"8";"";"";"";"";"";"";"";"";"";"";"";""
"13";"Bouches-du-Rhône";"13055SR04";"Marseille Secteur 4";"0858";"1286";"814";"63,30%";"472";"36,70%";"802";"62,36%";"98,53%";"7";"0,54%";"0,86%";"5";"0,39%";"0,61%";"3";"FORTIN";"Olivia";"F";"LUG";"Pour Marseille";"Pour Marseille, 6e et 8e arrondissements, la gauche, les écologistes et les citoyens rassemblés";"353";"27,45%";"44,01%";"";"32";"4";"PILA";"Catherine";"F";"LDVD";"je t'aime 6e et 8e";"Marseille je t'aime 6e et 8e avec Catherine Pila";"92";"7,15%";"11,47%";"";"2";"5";"RIVOALLAN";"Jean-Baptiste";"M";"LUDR";"MARSEILLE EN ORDRE 6ème et 8ème";"MARSEILLE EN ORDRE 6ème et 8ème";"357";"27,76%";"44,51%";"";"8";"";"";"";"";"";"";"";"";"";"";"";""
"13";"Bouches-du-Rhône";"13055SR04";"Marseille Secteur 4";"0859";"1088";"672";"61,76%";"416";"38,24%";"664";"61,03%";"98,81%";"6";"0,55%";"0,89%";"2";"0,18%";"0,30%";"3";"FORTIN";"Olivia";"F";"LUG";"Pour Marseille";"Pour Marseille, 6e et 8e arrondissements, la gauche, les écologistes et les citoyens rassemblés";"304";"27,94%";"45,78%";"";"32";"4";"PILA";"Catherine";"F";"LDVD";"je t'aime 6e et 8e";"Marseille je t'aime 6e et 8e avec Catherine Pila";"71";"6,53%";"10,69%";"";"2";"5";"RIVOALLAN";"Jean-Baptiste";"M";"LUDR";"MARSEILLE EN ORDRE 6ème et 8ème";"MARSEILLE EN ORDRE 6ème et 8ème";"289";"26,56%";"43,52%";"";"8";"";"";"";"";"";"";"";"";"";"";"";""
"13";"Bouches-du-Rhône";"13055SR04";"Marseille Secteur 4";"0860";"1456";"843";"57,90%";"613";"42,10%";"830";"57,01%";"98,46%";"7";"0,48%";"0,83%";"6";"0,41%";"0,71%";"3";"FORTIN";"Olivia";"F";"LUG";"Pour Marseille";"Pour Marseille, 6e et 8e arrondissements, la gauche, les écologistes et les citoyens rassemblés";"340";"23,35%";"40,96%";"";"32";"4";"PILA";"Catherine";"F";"LDVD";"je t'aime 6e et 8e";"Marseille je t'aime 6e et 8e avec Catherine Pila";"70";"4,81%";"8,43%";"";"2";"5";"RIVOALLAN";"Jean-Baptiste";"M";"LUDR";"MARSEILLE EN ORDRE 6ème et 8ème";"MARSEILLE EN ORDRE 6ème et 8ème";"420";"28,85%";"50,60%";"";"8";"";"";"";"";"";"";"";"";"";"";"";""
"13";"Bouches-du-Rhône";"13055SR04";"Marseille Secteur 4";"0861";"1397";"825";"59,06%";"572";"40,94%";"814";"58,27%";"98,67%";"8";"0,57%";"0,97%";"3";"0,21%";"0,36%";"3";"FORTIN";"Olivia";"F";"LUG";"Pour Marseille";"Pour Marseille, 6e et 8e arrondissements, la gauche, les écologistes et les citoyens rassemblés";"365";"26,13%";"44,84%";"";"32";"4";"PILA";"Catherine";"F";"LDVD";"je t'aime 6e et 8e";"Marseille je t'aime 6e et 8e avec Catherine Pila";"91";"6,51%";"11,18%";"";"2";"5";"RIVOALLAN";"Jean-Baptiste";"M";"LUDR";"MARSEILLE EN ORDRE 6ème et 8ème";"MARSEILLE EN ORDRE 6ème et 8ème";"358";"25,63%";"43,98%";"";"8";"";"";"";"";"";"";"";"";"";"";"";""
"13";"Bouches-du-Rhône";"13055SR04";"Marseille Secteur 4";"0862";"1033";"677";"65,54%";"356";"34,46%";"665";"64,38%";"98,23%";"4";"0,39%";"0,59%";"8";"0,77%";"1,18%";"3";"FORTIN";"Olivia";"F";"LUG";"Pour Marseille";"Pour Marseille, 6e et 8e arrondissements, la gauche, les écologistes et les citoyens rassemblés";"411";"39,79%";"61,80%";"";"32";"4";"PILA";"Catherine";"F";"LDVD";"je t'aime 6e et 8e";"Marseille je t'aime 6e et 8e avec Catherine Pila";"51";"4,94%";"7,67%";"";"2";"5";"RIVOALLAN";"Jean-Baptiste";"M";"LUDR";"MARSEILLE EN ORDRE 6ème et 8ème";"MARSEILLE EN ORDRE 6ème et 8ème";"203";"19,65%";"30,53%";"";"8";"";"";"";"";"";"";"";"";"";"";"";""
"13";"Bouches-du-Rhône";"13055SR04";"Marseille Secteur 4";"0863";"1192";"742";"62,25%";"450";"37,75%";"732";"61,41%";"98,65%";"2";"0,17%";"0,27%";"8";"0,67%";"1,08%";"3";"FORTIN";"Olivia";"F";"LUG";"Pour Marseille";"Pour Marseille, 6e et 8e arrondissements, la gauche, les écologistes et les citoyens rassemblés";"426";"35,74%";"58,20%";"";"32";"4";"PILA";"Catherine";"F";"LDVD";"je t'aime 6e et 8e";"Marseille je t'aime 6e et 8e avec Catherine Pila";"39";"3,27%";"5,33%";"";"2";"5";"RIVOALLAN";"Jean-Baptiste";"M";"LUDR";"MARSEILLE EN ORDRE 6ème et 8ème";"MARSEILLE EN ORDRE 6ème et 8ème";"267";"22,40%";"36,48%";"";"8";"";"";"";"";"";"";"";"";"";"";"";""
"13";"Bouches-du-Rhône";"13055SR04";"Marseille Secteur 4";"0864";"1405";"856";"60,93%";"549";"39,07%";"838";"59,64%";"97,90%";"12";"0,85%";"1,40%";"6";"0,43%";"0,70%";"3";"FORTIN";"Olivia";"F";"LUG";"Pour Marseille";"Pour Marseille, 6e et 8e arrondissements, la gauche, les écologistes et les citoyens rassemblés";"379";"26,98%";"45,23%";"";"32";"4";"PILA";"Catherine";"F";"LDVD";"je t'aime 6e et 8e";"Marseille je t'aime 6e et 8e avec Catherine Pila";"69";"4,91%";"8,23%";"";"2";"5";"RIVOALLAN";"Jean-Baptiste";"M";"LUDR";"MARSEILLE EN ORDRE 6ème et 8ème";"MARSEILLE EN ORDRE 6ème et 8ème";"390";"27,76%";"46,54%";"";"8";"";"";"";"";"";"";"";"";"";"";"";""
"13";"Bouches-du-Rhône";"13055SR04";"Marseille Secteur 4";"0865";"1083";"713";"65,84%";"370";"34,16%";"702";"64,82%";"98,46%";"7";"0,65%";"0,98%";"4";"0,37%";"0,56%";"3";"FORTIN";"Olivia";"F";"LUG";"Pour Marseille";"Pour Marseille, 6e et 8e arrondissements, la gauche, les écologistes et les citoyens rassemblés";"304";"28,07%";"43,30%";"";"32";"4";"PILA";"Catherine";"F";"LDVD";"je t'aime 6e et 8e";"Marseille je t'aime 6e et 8e avec Catherine Pila";"58";"5,36%";"8,26%";"";"2";"5";"RIVOALLAN";"Jean-Baptiste";"M";"LUDR";"MARSEILLE EN ORDRE 6ème et 8ème";"MARSEILLE EN ORDRE 6ème et 8ème";"340";"31,39%";"48,43%";"";"8";"";"";"";"";"";"";"";"";"";"";"";""
"13";"Bouches-du-Rhône";"13055SR04";"Marseille Secteur 4";"0866";"932";"609";"65,34%";"323";"34,66%";"599";"64,27%";"98,36%";"8";"0,86%";"1,31%";"2";"0,21%";"0,33%";"3";"FORTIN";"Olivia";"F";"LUG";"Pour Marseille";"Pour Marseille, 6e et 8e arrondissements, la gauche, les écologistes et les citoyens rassemblés";"276";"29,61%";"46,08%";"";"32";"4";"PILA";"Catherine";"F";"LDVD";"je t'aime 6e et 8e";"Marseille je t'aime 6e et 8e avec Catherine Pila";"61";"6,55%";"10,18%";"";"2";"5";"RIVOALLAN";"Jean-Baptiste";"M";"LUDR";"MARSEILLE EN ORDRE 6ème et 8ème";"MARSEILLE EN ORDRE 6ème et 8ème";"262";"28,11%";"43,74%";"";"8";"";"";"";"";"";"";"";"";"";"";"";""
"13";"Bouches-du-Rhône";"13055SR04";"Marseille Secteur 4";"0867";"958";"641";"66,91%";"317";"33,09%";"637";"66,49%";"99,38%";"3";"0,31%";"0,47%";"1";"0,10%";"0,16%";"3";"FORTIN";"Olivia";"F";"LUG";"Pour Marseille";"Pour Marseille, 6e et 8e arrondissements, la gauche, les écologistes et les citoyens rassemblés";"344";"35,91%";"54,00%";"";"32";"4";"PILA";"Catherine";"F";"LDVD";"je t'aime 6e et 8e";"Marseille je t'aime 6e et 8e avec Catherine Pila";"65";"6,78%";"10,20%";"";"2";"5";"RIVOALLAN";"Jean-Baptiste";"M";"LUDR";"MARSEILLE EN ORDRE 6ème et 8ème";"MARSEILLE EN ORDRE 6ème et 8ème";"228";"23,80%";"35,79%";"";"8";"";"";"";"";"";"";"";"";"";"";"";""
"13";"Bouches-du-Rhône";"13055SR04";"Marseille Secteur 4";"0868";"1288";"805";"62,50%";"483";"37,50%";"793";"61,57%";"98,51%";"5";"0,39%";"0,62%";"7";"0,54%";"0,87%";"3";"FORTIN";"Olivia";"F";"LUG";"Pour Marseille";"Pour Marseille, 6e et 8e arrondissements, la gauche, les écologistes et les citoyens rassemblés";"325";"25,23%";"40,98%";"";"32";"4";"PILA";"Catherine";"F";"LDVD";"je t'aime 6e et 8e";"Marseille je t'aime 6e et 8e avec Catherine Pila";"100";"7,76%";"12,61%";"";"2";"5";"RIVOALLAN";"Jean-Baptiste";"M";"LUDR";"MARSEILLE EN ORDRE 6ème et 8ème";"MARSEILLE EN ORDRE 6ème et 8ème";"368";"28,57%";"46,41%";"";"8";"";"";"";"";"";"";"";"";"";"";"";""
"13";"Bouches-du-Rhône";"13055SR04";"Marseille Secteur 4";"0869";"1252";"802";"64,06%";"450";"35,94%";"783";"62,54%";"97,63%";"10";"0,80%";"1,25%";"9";"0,72%";"1,12%";"3";"FORTIN";"Olivia";"F";"LUG";"Pour Marseille";"Pour Marseille, 6e et 8e arrondissements, la gauche, les écologistes et les citoyens rassemblés";"377";"30,11%";"48,15%";"";"32";"4";"PILA";"Catherine";"F";"LDVD";"je t'aime 6e et 8e";"Marseille je t'aime 6e et 8e avec Catherine Pila";"76";"6,07%";"9,71%";"";"2";"5";"RIVOALLAN";"Jean-Baptiste";"M";"LUDR";"MARSEILLE EN ORDRE 6ème et 8ème";"MARSEILLE EN ORDRE 6ème et 8ème";"330";"26,36%";"42,15%";"";"8";"";"";"";"";"";"";"";"";"";"";"";""
"13";"Bouches-du-Rhône";"13055SR04";"Marseille Secteur 4";"0870";"1131";"667";"58,97%";"464";"41,03%";"653";"57,74%";"97,90%";"8";"0,71%";"1,20%";"6";"0,53%";"0,90%";"3";"FORTIN";"Olivia";"F";"LUG";"Pour Marseille";"Pour Marseille, 6e et 8e arrondissements, la gauche, les écologistes et les citoyens rassemblés";"240";"21,22%";"36,75%";"";"32";"4";"PILA";"Catherine";"F";"LDVD";"je t'aime 6e et 8e";"Marseille je t'aime 6e et 8e avec Catherine Pila";"48";"4,24%";"7,35%";"";"2";"5";"RIVOALLAN";"Jean-Baptiste";"M";"LUDR";"MARSEILLE EN ORDRE 6ème et 8ème";"MARSEILLE EN ORDRE 6ème et 8ème";"365";"32,27%";"55,90%";"";"8";"";"";"";"";"";"";"";"";"";"";"";""
"13";"Bouches-du-Rhône";"13055SR04";"Marseille Secteur 4";"0871";"996";"674";"67,67%";"322";"32,33%";"661";"66,37%";"98,07%";"7";"0,70%";"1,04%";"6";"0,60%";"0,89%";"3";"FORTIN";"Olivia";"F";"LUG";"Pour Marseille";"Pour Marseille, 6e et 8e arrondissements, la gauche, les écologistes et les citoyens rassemblés";"298";"29,92%";"45,08%";"";"32";"4";"PILA";"Catherine";"F";"LDVD";"je t'aime 6e et 8e";"Marseille je t'aime 6e et 8e avec Catherine Pila";"50";"5,02%";"7,56%";"";"2";"5";"RIVOALLAN";"Jean-Baptiste";"M";"LUDR";"MARSEILLE EN ORDRE 6ème et 8ème";"MARSEILLE EN ORDRE 6ème et 8ème";"313";"31,43%";"47,35%";"";"8";"";"";"";"";"";"";"";"";"";"";"";""
"13";"Bouches-du-Rhône";"13055SR04";"Marseille Secteur 4";"0872";"1041";"670";"64,36%";"371";"35,64%";"659";"63,30%";"98,36%";"8";"0,77%";"1,19%";"3";"0,29%";"0,45%";"3";"FORTIN";"Olivia";"F";"LUG";"Pour Marseille";"Pour Marseille, 6e et 8e arrondissements, la gauche, les écologistes et les citoyens rassemblés";"325";"31,22%";"49,32%";"";"32";"4";"PILA";"Catherine";"F";"LDVD";"je t'aime 6e et 8e";"Marseille je t'aime 6e et 8e avec Catherine Pila";"53";"5,09%";"8,04%";"";"2";"5";"RIVOALLAN";"Jean-Baptiste";"M";"LUDR";"MARSEILLE EN ORDRE 6ème et 8ème";"MARSEILLE EN ORDRE 6ème et 8ème";"281";"26,99%";"42,64%";"";"8";"";"";"";"";"";"";"";"";"";"";"";""
"13";"Bouches-du-Rhône";"13055SR04";"Marseille Secteur 4";"0873";"1327";"865";"65,18%";"462";"34,82%";"856";"64,51%";"98,96%";"5";"0,38%";"0,58%";"4";"0,30%";"0,46%";"3";"FORTIN";"Olivia";"F";"LUG";"Pour Marseille";"Pour Marseille, 6e et 8e arrondissements, la gauche, les écologistes et les citoyens rassemblés";"356";"26,83%";"41,59%";"";"32";"4";"PILA";"Catherine";"F";"LDVD";"je t'aime 6e et 8e";"Marseille je t'aime 6e et 8e avec Catherine Pila";"92";"6,93%";"10,75%";"";"2";"5";"RIVOALLAN";"Jean-Baptiste";"M";"LUDR";"MARSEILLE EN ORDRE 6ème et 8ème";"MARSEILLE EN ORDRE 6ème et 8ème";"408";"30,75%";"47,66%";"";"8";"";"";"";"";"";"";"";"";"";"";"";""
"13";"Bouches-du-Rhône";"13055SR05";"Marseille Secteur 5";"0901";"614";"293";"47,72%";"321";"52,28%";"288";"46,91%";"98,29%";"3";"0,49%";"1,02%";"2";"0,33%";"0,68%";"1";"BEZ";"Eléonore";"F";"LRN";"EN ORDRE 9ème & 10ème";"MARSEILLE EN ORDRE 9ème & 10ème";"136";"22,15%";"47,22%";"";"36";"2";"CARADEC";"Laure-Agnès";"F";"LDVD";"MARSEILLE JE T'AIME 9-10";"MARSEILLE JE T'AIME 9-10 AVEC LAURE-AGNES CARADEC";"20";"3,26%";"6,94%";"";"2";"4";"HUGUET";"Pierre";"M";"LUG";"POUR MARSEILLE, 9E ET 10E";"POUR MARSEILLE, 9E ET 10E ARRONDISSEMENTS, LA GAUCHE, LES ÉCOLOGISTES ET LES CITOYENS RASSEMBLÉS";"132";"21,50%";"45,83%";"";"9";"";"";"";"";"";"";"";"";"";"";"";""
"13";"Bouches-du-Rhône";"13055SR05";"Marseille Secteur 5";"0921";"900";"540";"60,00%";"360";"40,00%";"531";"59,00%";"98,33%";"5";"0,56%";"0,93%";"4";"0,44%";"0,74%";"1";"BEZ";"Eléonore";"F";"LRN";"EN ORDRE 9ème & 10ème";"MARSEILLE EN ORDRE 9ème & 10ème";"244";"27,11%";"45,95%";"";"36";"2";"CARADEC";"Laure-Agnès";"F";"LDVD";"MARSEILLE JE T'AIME 9-10";"MARSEILLE JE T'AIME 9-10 AVEC LAURE-AGNES CARADEC";"57";"6,33%";"10,73%";"";"2";"4";"HUGUET";"Pierre";"M";"LUG";"POUR MARSEILLE, 9E ET 10E";"POUR MARSEILLE, 9E ET 10E ARRONDISSEMENTS, LA GAUCHE, LES ÉCOLOGISTES ET LES CITOYENS RASSEMBLÉS";"230";"25,56%";"43,31%";"";"9";"";"";"";"";"";"";"";"";"";"";"";""
"13";"Bouches-du-Rhône";"13055SR05";"Marseille Secteur 5";"0922";"569";"328";"57,64%";"241";"42,36%";"317";"55,71%";"96,65%";"5";"0,88%";"1,52%";"6";"1,05%";"1,83%";"1";"BEZ";"Eléonore";"F";"LRN";"EN ORDRE 9ème & 10ème";"MARSEILLE EN ORDRE 9ème & 10ème";"158";"27,77%";"49,84%";"";"36";"2";"CARADEC";"Laure-Agnès";"F";"LDVD";"MARSEILLE JE T'AIME 9-10";"MARSEILLE JE T'AIME 9-10 AVEC LAURE-AGNES CARADEC";"29";"5,10%";"9,15%";"";"2";"4";"HUGUET";"Pierre";"M";"LUG";"POUR MARSEILLE, 9E ET 10E";"POUR MARSEILLE, 9E ET 10E ARRONDISSEMENTS, LA GAUCHE, LES ÉCOLOGISTES ET LES CITOYENS RASSEMBLÉS";"130";"22,85%";"41,01%";"";"9";"";"";"";"";"";"";"";"";"";"";"";""
"13";"Bouches-du-Rhône";"13055SR05";"Marseille Secteur 5";"0923";"994";"400";"40,24%";"594";"59,76%";"393";"39,54%";"98,25%";"5";"0,50%";"1,25%";"2";"0,20%";"0,50%";"1";"BEZ";"Eléonore";"F";"LRN";"EN ORDRE 9ème & 10ème";"MARSEILLE EN ORDRE 9ème & 10ème";"161";"16,20%";"40,97%";"";"36";"2";"CARADEC";"Laure-Agnès";"F";"LDVD";"MARSEILLE JE T'AIME 9-10";"MARSEILLE JE T'AIME 9-10 AVEC LAURE-AGNES CARADEC";"34";"3,42%";"8,65%";"";"2";"4";"HUGUET";"Pierre";"M";"LUG";"POUR MARSEILLE, 9E ET 10E";"POUR MARSEILLE, 9E ET 10E ARRONDISSEMENTS, LA GAUCHE, LES ÉCOLOGISTES ET LES CITOYENS RASSEMBLÉS";"198";"19,92%";"50,38%";"";"9";"";"";"";"";"";"";"";"";"";"";"";""
"13";"Bouches-du-Rhône";"13055SR05";"Marseille Secteur 5";"0924";"957";"548";"57,26%";"409";"42,74%";"542";"56,64%";"98,91%";"2";"0,21%";"0,36%";"4";"0,42%";"0,73%";"1";"BEZ";"Eléonore";"F";"LRN";"EN ORDRE 9ème & 10ème";"MARSEILLE EN ORDRE 9ème & 10ème";"253";"26,44%";"46,68%";"";"36";"2";"CARADEC";"Laure-Agnès";"F";"LDVD";"MARSEILLE JE T'AIME 9-10";"MARSEILLE JE T'AIME 9-10 AVEC LAURE-AGNES CARADEC";"62";"6,48%";"11,44%";"";"2";"4";"HUGUET";"Pierre";"M";"LUG";"POUR MARSEILLE, 9E ET 10E";"POUR MARSEILLE, 9E ET 10E ARRONDISSEMENTS, LA GAUCHE, LES ÉCOLOGISTES ET LES CITOYENS RASSEMBLÉS";"227";"23,72%";"41,88%";"";"9";"";"";"";"";"";"";"";"";"";"";"";""
"13";"Bouches-du-Rhône";"13055SR05";"Marseille Secteur 5";"0925";"857";"466";"54,38%";"391";"45,62%";"463";"54,03%";"99,36%";"1";"0,12%";"0,21%";"2";"0,23%";"0,43%";"1";"BEZ";"Eléonore";"F";"LRN";"EN ORDRE 9ème & 10ème";"MARSEILLE EN ORDRE 9ème & 10ème";"219";"25,55%";"47,30%";"";"36";"2";"CARADEC";"Laure-Agnès";"F";"LDVD";"MARSEILLE JE T'AIME 9-10";"MARSEILLE JE T'AIME 9-10 AVEC LAURE-AGNES CARADEC";"39";"4,55%";"8,42%";"";"2";"4";"HUGUET";"Pierre";"M";"LUG";"POUR MARSEILLE, 9E ET 10E";"POUR MARSEILLE, 9E ET 10E ARRONDISSEMENTS, LA GAUCHE, LES ÉCOLOGISTES ET LES CITOYENS RASSEMBLÉS";"205";"23,92%";"44,28%";"";"9";"";"";"";"";"";"";"";"";"";"";"";""
"13";"Bouches-du-Rhône";"13055SR05";"Marseille Secteur 5";"0926";"551";"301";"54,63%";"250";"45,37%";"296";"53,72%";"98,34%";"3";"0,54%";"1,00%";"2";"0,36%";"0,66%";"1";"BEZ";"Eléonore";"F";"LRN";"EN ORDRE 9ème & 10ème";"MARSEILLE EN ORDRE 9ème & 10ème";"134";"24,32%";"45,27%";"";"36";"2";"CARADEC";"Laure-Agnès";"F";"LDVD";"MARSEILLE JE T'AIME 9-10";"MARSEILLE JE T'AIME 9-10 AVEC LAURE-AGNES CARADEC";"36";"6,53%";"12,16%";"";"2";"4";"HUGUET";"Pierre";"M";"LUG";"POUR MARSEILLE, 9E ET 10E";"POUR MARSEILLE, 9E ET 10E ARRONDISSEMENTS, LA GAUCHE, LES ÉCOLOGISTES ET LES CITOYENS RASSEMBLÉS";"126";"22,87%";"42,57%";"";"9";"";"";"";"";"";"";"";"";"";"";"";""
"13";"Bouches-du-Rhône";"13055SR05";"Marseille Secteur 5";"0927";"1365";"762";"55,82%";"603";"44,18%";"745";"54,58%";"97,77%";"11";"0,81%";"1,44%";"6";"0,44%";"0,79%";"1";"BEZ";"Eléonore";"F";"LRN";"EN ORDRE 9ème & 10ème";"MARSEILLE EN ORDRE 9ème & 10ème";"365";"26,74%";"48,99%";"";"36";"2";"CARADEC";"Laure-Agnès";"F";"LDVD";"MARSEILLE JE T'AIME 9-10";"MARSEILLE JE T'AIME 9-10 AVEC LAURE-AGNES CARADEC";"68";"4,98%";"9,13%";"";"2";"4";"HUGUET";"Pierre";"M";"LUG";"POUR MARSEILLE, 9E ET 10E";"POUR MARSEILLE, 9E ET 10E ARRONDISSEMENTS, LA GAUCHE, LES ÉCOLOGISTES ET LES CITOYENS RASSEMBLÉS";"312";"22,86%";"41,88%";"";"9";"";"";"";"";"";"";"";"";"";"";"";""
"13";"Bouches-du-Rhône";"13055SR05";"Marseille Secteur 5";"0928";"1355";"780";"57,56%";"575";"42,44%";"772";"56,97%";"98,97%";"6";"0,44%";"0,77%";"2";"0,15%";"0,26%";"1";"BEZ";"Eléonore";"F";"LRN";"EN ORDRE 9ème & 10ème";"MARSEILLE EN ORDRE 9ème & 10ème";"394";"29,08%";"51,04%";"";"36";"2";"CARADEC";"Laure-Agnès";"F";"LDVD";"MARSEILLE JE T'AIME 9-10";"MARSEILLE JE T'AIME 9-10 AVEC LAURE-AGNES CARADEC";"59";"4,35%";"7,64%";"";"2";"4";"HUGUET";"Pierre";"M";"LUG";"POUR MARSEILLE, 9E ET 10E";"POUR MARSEILLE, 9E ET 10E ARRONDISSEMENTS, LA GAUCHE, LES ÉCOLOGISTES ET LES CITOYENS RASSEMBLÉS";"319";"23,54%";"41,32%";"";"9";"";"";"";"";"";"";"";"";"";"";"";""
"13";"Bouches-du-Rhône";"13055SR05";"Marseille Secteur 5";"0929";"984";"586";"59,55%";"398";"40,45%";"579";"58,84%";"98,81%";"4";"0,41%";"0,68%";"3";"0,30%";"0,51%";"1";"BEZ";"Eléonore";"F";"LRN";"EN ORDRE 9ème & 10ème";"MARSEILLE EN ORDRE 9ème & 10ème";"326";"33,13%";"56,30%";"";"36";"2";"CARADEC";"Laure-Agnès";"F";"LDVD";"MARSEILLE JE T'AIME 9-10";"MARSEILLE JE T'AIME 9-10 AVEC LAURE-AGNES CARADEC";"74";"7,52%";"12,78%";"";"2";"4";"HUGUET";"Pierre";"M";"LUG";"POUR MARSEILLE, 9E ET 10E";"POUR MARSEILLE, 9E ET 10E ARRONDISSEMENTS, LA GAUCHE, LES ÉCOLOGISTES ET LES CITOYENS RASSEMBLÉS";"179";"18,19%";"30,92%";"";"9";"";"";"";"";"";"";"";"";"";"";"";""
"13";"Bouches-du-Rhône";"13055SR05";"Marseille Secteur 5";"0930";"943";"495";"52,49%";"448";"47,51%";"485";"51,43%";"97,98%";"4";"0,42%";"0,81%";"6";"0,64%";"1,21%";"1";"BEZ";"Eléonore";"F";"LRN";"EN ORDRE 9ème & 10ème";"MARSEILLE EN ORDRE 9ème & 10ème";"218";"23,12%";"44,95%";"";"36";"2";"CARADEC";"Laure-Agnès";"F";"LDVD";"MARSEILLE JE T'AIME 9-10";"MARSEILLE JE T'AIME 9-10 AVEC LAURE-AGNES CARADEC";"46";"4,88%";"9,48%";"";"2";"4";"HUGUET";"Pierre";"M";"LUG";"POUR MARSEILLE, 9E ET 10E";"POUR MARSEILLE, 9E ET 10E ARRONDISSEMENTS, LA GAUCHE, LES ÉCOLOGISTES ET LES CITOYENS RASSEMBLÉS";"221";"23,44%";"45,57%";"";"9";"";"";"";"";"";"";"";"";"";"";"";""
"13";"Bouches-du-Rhône";"13055SR05";"Marseille Secteur 5";"0931";"1231";"590";"47,93%";"641";"52,07%";"582";"47,28%";"98,64%";"1";"0,08%";"0,17%";"7";"0,57%";"1,19%";"1";"BEZ";"Eléonore";"F";"LRN";"EN ORDRE 9ème & 10ème";"MARSEILLE EN ORDRE 9ème & 10ème";"277";"22,50%";"47,59%";"";"36";"2";"CARADEC";"Laure-Agnès";"F";"LDVD";"MARSEILLE JE T'AIME 9-10";"MARSEILLE JE T'AIME 9-10 AVEC LAURE-AGNES CARADEC";"33";"2,68%";"5,67%";"";"2";"4";"HUGUET";"Pierre";"M";"LUG";"POUR MARSEILLE, 9E ET 10E";"POUR MARSEILLE, 9E ET 10E ARRONDISSEMENTS, LA GAUCHE, LES ÉCOLOGISTES ET LES CITOYENS RASSEMBLÉS";"272";"22,10%";"46,74%";"";"9";"";"";"";"";"";"";"";"";"";"";"";""
"13";"Bouches-du-Rhône";"13055SR05";"Marseille Secteur 5";"0932";"886";"442";"49,89%";"444";"50,11%";"430";"48,53%";"97,29%";"8";"0,90%";"1,81%";"4";"0,45%";"0,90%";"1";"BEZ";"Eléonore";"F";"LRN";"EN ORDRE 9ème & 10ème";"MARSEILLE EN ORDRE 9ème & 10ème";"247";"27,88%";"57,44%";"";"36";"2";"CARADEC";"Laure-Agnès";"F";"LDVD";"MARSEILLE JE T'AIME 9-10";"MARSEILLE JE T'AIME 9-10 AVEC LAURE-AGNES CARADEC";"17";"1,92%";"3,95%";"";"2";"4";"HUGUET";"Pierre";"M";"LUG";"POUR MARSEILLE, 9E ET 10E";"POUR MARSEILLE, 9E ET 10E ARRONDISSEMENTS, LA GAUCHE, LES ÉCOLOGISTES ET LES CITOYENS RASSEMBLÉS";"166";"18,74%";"38,60%";"";"9";"";"";"";"";"";"";"";"";"";"";"";""
"13";"Bouches-du-Rhône";"13055SR05";"Marseille Secteur 5";"0934";"1033";"542";"52,47%";"491";"47,53%";"525";"50,82%";"96,86%";"8";"0,77%";"1,48%";"9";"0,87%";"1,66%";"1";"BEZ";"Eléonore";"F";"LRN";"EN ORDRE 9ème & 10ème";"MARSEILLE EN ORDRE 9ème & 10ème";"310";"30,01%";"59,05%";"";"36";"2";"CARADEC";"Laure-Agnès";"F";"LDVD";"MARSEILLE JE T'AIME 9-10";"MARSEILLE JE T'AIME 9-10 AVEC LAURE-AGNES CARADEC";"35";"3,39%";"6,67%";"";"2";"4";"HUGUET";"Pierre";"M";"LUG";"POUR MARSEILLE, 9E ET 10E";"POUR MARSEILLE, 9E ET 10E ARRONDISSEMENTS, LA GAUCHE, LES ÉCOLOGISTES ET LES CITOYENS RASSEMBLÉS";"180";"17,42%";"34,29%";"";"9";"";"";"";"";"";"";"";"";"";"";"";""
"13";"Bouches-du-Rhône";"13055SR05";"Marseille Secteur 5";"0935";"883";"529";"59,91%";"354";"40,09%";"516";"58,44%";"97,54%";"11";"1,25%";"2,08%";"2";"0,23%";"0,38%";"1";"BEZ";"Eléonore";"F";"LRN";"EN ORDRE 9ème & 10ème";"MARSEILLE EN ORDRE 9ème & 10ème";"294";"33,30%";"56,98%";"";"36";"2";"CARADEC";"Laure-Agnès";"F";"LDVD";"MARSEILLE JE T'AIME 9-10";"MARSEILLE JE T'AIME 9-10 AVEC LAURE-AGNES CARADEC";"48";"5,44%";"9,30%";"";"2";"4";"HUGUET";"Pierre";"M";"LUG";"POUR MARSEILLE, 9E ET 10E";"POUR MARSEILLE, 9E ET 10E ARRONDISSEMENTS, LA GAUCHE, LES ÉCOLOGISTES ET LES CITOYENS RASSEMBLÉS";"174";"19,71%";"33,72%";"";"9";"";"";"";"";"";"";"";"";"";"";"";""
"13";"Bouches-du-Rhône";"13055SR05";"Marseille Secteur 5";"0936";"876";"452";"51,60%";"424";"48,40%";"445";"50,80%";"98,45%";"2";"0,23%";"0,44%";"5";"0,57%";"1,11%";"1";"BEZ";"Eléonore";"F";"LRN";"EN ORDRE 9ème & 10ème";"MARSEILLE EN ORDRE 9ème & 10ème";"191";"21,80%";"42,92%";"";"36";"2";"CARADEC";"Laure-Agnès";"F";"LDVD";"MARSEILLE JE T'AIME 9-10";"MARSEILLE JE T'AIME 9-10 AVEC LAURE-AGNES CARADEC";"30";"3,42%";"6,74%";"";"2";"4";"HUGUET";"Pierre";"M";"LUG";"POUR MARSEILLE, 9E ET 10E";"POUR MARSEILLE, 9E ET 10E ARRONDISSEMENTS, LA GAUCHE, LES ÉCOLOGISTES ET LES CITOYENS RASSEMBLÉS";"224";"25,57%";"50,34%";"";"9";"";"";"";"";"";"";"";"";"";"";"";""
"13";"Bouches-du-Rhône";"13055SR05";"Marseille Secteur 5";"0948";"824";"506";"61,41%";"318";"38,59%";"490";"59,47%";"96,84%";"10";"1,21%";"1,98%";"6";"0,73%";"1,19%";"1";"BEZ";"Eléonore";"F";"LRN";"EN ORDRE 9ème & 10ème";"MARSEILLE EN ORDRE 9ème & 10ème";"227";"27,55%";"46,33%";"";"36";"2";"CARADEC";"Laure-Agnès";"F";"LDVD";"MARSEILLE JE T'AIME 9-10";"MARSEILLE JE T'AIME 9-10 AVEC LAURE-AGNES CARADEC";"44";"5,34%";"8,98%";"";"2";"4";"HUGUET";"Pierre";"M";"LUG";"POUR MARSEILLE, 9E ET 10E";"POUR MARSEILLE, 9E ET 10E ARRONDISSEMENTS, LA GAUCHE, LES ÉCOLOGISTES ET LES CITOYENS RASSEMBLÉS";"219";"26,58%";"44,69%";"";"9";"";"";"";"";"";"";"";"";"";"";"";""
"13";"Bouches-du-Rhône";"13055SR05";"Marseille Secteur 5";"0949";"675";"396";"58,67%";"279";"41,33%";"393";"58,22%";"99,24%";"0";"0,00%";"0,00%";"3";"0,44%";"0,76%";"1";"BEZ";"Eléonore";"F";"LRN";"EN ORDRE 9ème & 10ème";"MARSEILLE EN ORDRE 9ème & 10ème";"217";"32,15%";"55,22%";"";"36";"2";"CARADEC";"Laure-Agnès";"F";"LDVD";"MARSEILLE JE T'AIME 9-10";"MARSEILLE JE T'AIME 9-10 AVEC LAURE-AGNES CARADEC";"38";"5,63%";"9,67%";"";"2";"4";"HUGUET";"Pierre";"M";"LUG";"POUR MARSEILLE, 9E ET 10E";"POUR MARSEILLE, 9E ET 10E ARRONDISSEMENTS, LA GAUCHE, LES ÉCOLOGISTES ET LES CITOYENS RASSEMBLÉS";"138";"20,44%";"35,11%";"";"9";"";"";"";"";"";"";"";"";"";"";"";""
"13";"Bouches-du-Rhône";"13055SR05";"Marseille Secteur 5";"0950";"1051";"696";"66,22%";"355";"33,78%";"678";"64,51%";"97,41%";"13";"1,24%";"1,87%";"5";"0,48%";"0,72%";"1";"BEZ";"Eléonore";"F";"LRN";"EN ORDRE 9ème & 10ème";"MARSEILLE EN ORDRE 9ème & 10ème";"300";"28,54%";"44,25%";"";"36";"2";"CARADEC";"Laure-Agnès";"F";"LDVD";"MARSEILLE JE T'AIME 9-10";"MARSEILLE JE T'AIME 9-10 AVEC LAURE-AGNES CARADEC";"58";"5,52%";"8,55%";"";"2";"4";"HUGUET";"Pierre";"M";"LUG";"POUR MARSEILLE, 9E ET 10E";"POUR MARSEILLE, 9E ET 10E ARRONDISSEMENTS, LA GAUCHE, LES ÉCOLOGISTES ET LES CITOYENS RASSEMBLÉS";"320";"30,45%";"47,20%";"";"9";"";"";"";"";"";"";"";"";"";"";"";""
"13";"Bouches-du-Rhône";"13055SR05";"Marseille Secteur 5";"0951";"1030";"612";"59,42%";"418";"40,58%";"603";"58,54%";"98,53%";"6";"0,58%";"0,98%";"3";"0,29%";"0,49%";"1";"BEZ";"Eléonore";"F";"LRN";"EN ORDRE 9ème & 10ème";"MARSEILLE EN ORDRE 9ème & 10ème";"301";"29,22%";"49,92%";"";"36";"2";"CARADEC";"Laure-Agnès";"F";"LDVD";"MARSEILLE JE T'AIME 9-10";"MARSEILLE JE T'AIME 9-10 AVEC LAURE-AGNES CARADEC";"73";"7,09%";"12,11%";"";"2";"4";"HUGUET";"Pierre";"M";"LUG";"POUR MARSEILLE, 9E ET 10E";"POUR MARSEILLE, 9E ET 10E ARRONDISSEMENTS, LA GAUCHE, LES ÉCOLOGISTES ET LES CITOYENS RASSEMBLÉS";"229";"22,23%";"37,98%";"";"9";"";"";"";"";"";"";"";"";"";"";"";""
"13";"Bouches-du-Rhône";"13055SR05";"Marseille Secteur 5";"0952";"1043";"681";"65,29%";"362";"34,71%";"669";"64,14%";"98,24%";"3";"0,29%";"0,44%";"9";"0,86%";"1,32%";"1";"BEZ";"Eléonore";"F";"LRN";"EN ORDRE 9ème & 10ème";"MARSEILLE EN ORDRE 9ème & 10ème";"317";"30,39%";"47,38%";"";"36";"2";"CARADEC";"Laure-Agnès";"F";"LDVD";"MARSEILLE JE T'AIME 9-10";"MARSEILLE JE T'AIME 9-10 AVEC LAURE-AGNES CARADEC";"61";"5,85%";"9,12%";"";"2";"4";"HUGUET";"Pierre";"M";"LUG";"POUR MARSEILLE, 9E ET 10E";"POUR MARSEILLE, 9E ET 10E ARRONDISSEMENTS, LA GAUCHE, LES ÉCOLOGISTES ET LES CITOYENS RASSEMBLÉS";"291";"27,90%";"43,50%";"";"9";"";"";"";"";"";"";"";"";"";"";"";""
"13";"Bouches-du-Rhône";"13055SR05";"Marseille Secteur 5";"0953";"1317";"737";"55,96%";"580";"44,04%";"727";"55,20%";"98,64%";"3";"0,23%";"0,41%";"7";"0,53%";"0,95%";"1";"BEZ";"Eléonore";"F";"LRN";"EN ORDRE 9ème & 10ème";"MARSEILLE EN ORDRE 9ème & 10ème";"323";"24,53%";"44,43%";"";"36";"2";"CARADEC";"Laure-Agnès";"F";"LDVD";"MARSEILLE JE T'AIME 9-10";"MARSEILLE JE T'AIME 9-10 AVEC LAURE-AGNES CARADEC";"62";"4,71%";"8,53%";"";"2";"4";"HUGUET";"Pierre";"M";"LUG";"POUR MARSEILLE, 9E ET 10E";"POUR MARSEILLE, 9E ET 10E ARRONDISSEMENTS, LA GAUCHE, LES ÉCOLOGISTES ET LES CITOYENS RASSEMBLÉS";"342";"25,97%";"47,04%";"";"9";"";"";"";"";"";"";"";"";"";"";"";""
"13";"Bouches-du-Rhône";"13055SR05";"Marseille Secteur 5";"0954";"1025";"458";"44,68%";"567";"55,32%";"450";"43,90%";"98,25%";"4";"0,39%";"0,87%";"4";"0,39%";"0,87%";"1";"BEZ";"Eléonore";"F";"LRN";"EN ORDRE 9ème & 10ème";"MARSEILLE EN ORDRE 9ème & 10ème";"159";"15,51%";"35,33%";"";"36";"2";"CARADEC";"Laure-Agnès";"F";"LDVD";"MARSEILLE JE T'AIME 9-10";"MARSEILLE JE T'AIME 9-10 AVEC LAURE-AGNES CARADEC";"29";"2,83%";"6,44%";"";"2";"4";"HUGUET";"Pierre";"M";"LUG";"POUR MARSEILLE, 9E ET 10E";"POUR MARSEILLE, 9E ET 10E ARRONDISSEMENTS, LA GAUCHE, LES ÉCOLOGISTES ET LES CITOYENS RASSEMBLÉS";"262";"25,56%";"58,22%";"";"9";"";"";"";"";"";"";"";"";"";"";"";""
"13";"Bouches-du-Rhône";"13055SR05";"Marseille Secteur 5";"0955";"1176";"791";"67,26%";"385";"32,74%";"774";"65,82%";"97,85%";"7";"0,60%";"0,88%";"10";"0,85%";"1,26%";"1";"BEZ";"Eléonore";"F";"LRN";"EN ORDRE 9ème & 10ème";"MARSEILLE EN ORDRE 9ème & 10ème";"358";"30,44%";"46,25%";"";"36";"2";"CARADEC";"Laure-Agnès";"F";"LDVD";"MARSEILLE JE T'AIME 9-10";"MARSEILLE JE T'AIME 9-10 AVEC LAURE-AGNES CARADEC";"98";"8,33%";"12,66%";"";"2";"4";"HUGUET";"Pierre";"M";"LUG";"POUR MARSEILLE, 9E ET 10E";"POUR MARSEILLE, 9E ET 10E ARRONDISSEMENTS, LA GAUCHE, LES ÉCOLOGISTES ET LES CITOYENS RASSEMBLÉS";"318";"27,04%";"41,09%";"";"9";"";"";"";"";"";"";"";"";"";"";"";""
"13";"Bouches-du-Rhône";"13055SR05";"Marseille Secteur 5";"0956";"1188";"620";"52,19%";"568";"47,81%";"610";"51,35%";"98,39%";"7";"0,59%";"1,13%";"3";"0,25%";"0,48%";"1";"BEZ";"Eléonore";"F";"LRN";"EN ORDRE 9ème & 10ème";"MARSEILLE EN ORDRE 9ème & 10ème";"184";"15,49%";"30,16%";"";"36";"2";"CARADEC";"Laure-Agnès";"F";"LDVD";"MARSEILLE JE T'AIME 9-10";"MARSEILLE JE T'AIME 9-10 AVEC LAURE-AGNES CARADEC";"35";"2,95%";"5,74%";"";"2";"4";"HUGUET";"Pierre";"M";"LUG";"POUR MARSEILLE, 9E ET 10E";"POUR MARSEILLE, 9E ET 10E ARRONDISSEMENTS, LA GAUCHE, LES ÉCOLOGISTES ET LES CITOYENS RASSEMBLÉS";"391";"32,91%";"64,10%";"";"9";"";"";"";"";"";"";"";"";"";"";"";""
"13";"Bouches-du-Rhône";"13055SR05";"Marseille Secteur 5";"0957";"1352";"828";"61,24%";"524";"38,76%";"811";"59,99%";"97,95%";"10";"0,74%";"1,21%";"7";"0,52%";"0,85%";"1";"BEZ";"Eléonore";"F";"LRN";"EN ORDRE 9ème & 10ème";"MARSEILLE EN ORDRE 9ème & 10ème";"385";"28,48%";"47,47%";"";"36";"2";"CARADEC";"Laure-Agnès";"F";"LDVD";"MARSEILLE JE T'AIME 9-10";"MARSEILLE JE T'AIME 9-10 AVEC LAURE-AGNES CARADEC";"64";"4,73%";"7,89%";"";"2";"4";"HUGUET";"Pierre";"M";"LUG";"POUR MARSEILLE, 9E ET 10E";"POUR MARSEILLE, 9E ET 10E ARRONDISSEMENTS, LA GAUCHE, LES ÉCOLOGISTES ET LES CITOYENS RASSEMBLÉS";"362";"26,78%";"44,64%";"";"9";"";"";"";"";"";"";"";"";"";"";"";""
"13";"Bouches-du-Rhône";"13055SR05";"Marseille Secteur 5";"0958";"899";"584";"64,96%";"315";"35,04%";"568";"63,18%";"97,26%";"10";"1,11%";"1,71%";"6";"0,67%";"1,03%";"1";"BEZ";"Eléonore";"F";"LRN";"EN ORDRE 9ème & 10ème";"MARSEILLE EN ORDRE 9ème & 10ème";"227";"25,25%";"39,96%";"";"36";"2";"CARADEC";"Laure-Agnès";"F";"LDVD";"MARSEILLE JE T'AIME 9-10";"MARSEILLE JE T'AIME 9-10 AVEC LAURE-AGNES CARADEC";"58";"6,45%";"10,21%";"";"2";"4";"HUGUET";"Pierre";"M";"LUG";"POUR MARSEILLE, 9E ET 10E";"POUR MARSEILLE, 9E ET 10E ARRONDISSEMENTS, LA GAUCHE, LES ÉCOLOGISTES ET LES CITOYENS RASSEMBLÉS";"283";"31,48%";"49,82%";"";"9";"";"";"";"";"";"";"";"";"";"";"";""
"13";"Bouches-du-Rhône";"13055SR05";"Marseille Secteur 5";"0959";"1329";"732";"55,08%";"597";"44,92%";"714";"53,72%";"97,54%";"9";"0,68%";"1,23%";"9";"0,68%";"1,23%";"1";"BEZ";"Eléonore";"F";"LRN";"EN ORDRE 9ème & 10ème";"MARSEILLE EN ORDRE 9ème & 10ème";"334";"25,13%";"46,78%";"";"36";"2";"CARADEC";"Laure-Agnès";"F";"LDVD";"MARSEILLE JE T'AIME 9-10";"MARSEILLE JE T'AIME 9-10 AVEC LAURE-AGNES CARADEC";"71";"5,34%";"9,94%";"";"2";"4";"HUGUET";"Pierre";"M";"LUG";"POUR MARSEILLE, 9E ET 10E";"POUR MARSEILLE, 9E ET 10E ARRONDISSEMENTS, LA GAUCHE, LES ÉCOLOGISTES ET LES CITOYENS RASSEMBLÉS";"309";"23,25%";"43,28%";"";"9";"";"";"";"";"";"";"";"";"";"";"";""
"13";"Bouches-du-Rhône";"13055SR05";"Marseille Secteur 5";"0960";"1253";"810";"64,64%";"443";"35,36%";"796";"63,53%";"98,27%";"10";"0,80%";"1,23%";"4";"0,32%";"0,49%";"1";"BEZ";"Eléonore";"F";"LRN";"EN ORDRE 9ème & 10ème";"MARSEILLE EN ORDRE 9ème & 10ème";"379";"30,25%";"47,61%";"";"36";"2";"CARADEC";"Laure-Agnès";"F";"LDVD";"MARSEILLE JE T'AIME 9-10";"MARSEILLE JE T'AIME 9-10 AVEC LAURE-AGNES CARADEC";"102";"8,14%";"12,81%";"";"2";"4";"HUGUET";"Pierre";"M";"LUG";"POUR MARSEILLE, 9E ET 10E";"POUR MARSEILLE, 9E ET 10E ARRONDISSEMENTS, LA GAUCHE, LES ÉCOLOGISTES ET LES CITOYENS RASSEMBLÉS";"315";"25,14%";"39,57%";"";"9";"";"";"";"";"";"";"";"";"";"";"";""
"13";"Bouches-du-Rhône";"13055SR05";"Marseille Secteur 5";"0961";"876";"516";"58,90%";"360";"41,10%";"509";"58,11%";"98,64%";"4";"0,46%";"0,78%";"3";"0,34%";"0,58%";"1";"BEZ";"Eléonore";"F";"LRN";"EN ORDRE 9ème & 10ème";"MARSEILLE EN ORDRE 9ème & 10ème";"319";"36,42%";"62,67%";"";"36";"2";"CARADEC";"Laure-Agnès";"F";"LDVD";"MARSEILLE JE T'AIME 9-10";"MARSEILLE JE T'AIME 9-10 AVEC LAURE-AGNES CARADEC";"48";"5,48%";"9,43%";"";"2";"4";"HUGUET";"Pierre";"M";"LUG";"POUR MARSEILLE, 9E ET 10E";"POUR MARSEILLE, 9E ET 10E ARRONDISSEMENTS, LA GAUCHE, LES ÉCOLOGISTES ET LES CITOYENS RASSEMBLÉS";"142";"16,21%";"27,90%";"";"9";"";"";"";"";"";"";"";"";"";"";"";""
"13";"Bouches-du-Rhône";"13055SR05";"Marseille Secteur 5";"0962";"1043";"672";"64,43%";"371";"35,57%";"666";"63,85%";"99,11%";"1";"0,10%";"0,15%";"5";"0,48%";"0,74%";"1";"BEZ";"Eléonore";"F";"LRN";"EN ORDRE 9ème & 10ème";"MARSEILLE EN ORDRE 9ème & 10ème";"318";"30,49%";"47,75%";"";"36";"2";"CARADEC";"Laure-Agnès";"F";"LDVD";"MARSEILLE JE T'AIME 9-10";"MARSEILLE JE T'AIME 9-10 AVEC LAURE-AGNES CARADEC";"63";"6,04%";"9,46%";"";"2";"4";"HUGUET";"Pierre";"M";"LUG";"POUR MARSEILLE, 9E ET 10E";"POUR MARSEILLE, 9E ET 10E ARRONDISSEMENTS, LA GAUCHE, LES ÉCOLOGISTES ET LES CITOYENS RASSEMBLÉS";"285";"27,33%";"42,79%";"";"9";"";"";"";"";"";"";"";"";"";"";"";""
"13";"Bouches-du-Rhône";"13055SR05";"Marseille Secteur 5";"0963";"869";"536";"61,68%";"333";"38,32%";"527";"60,64%";"98,32%";"7";"0,81%";"1,31%";"2";"0,23%";"0,37%";"1";"BEZ";"Eléonore";"F";"LRN";"EN ORDRE 9ème & 10ème";"MARSEILLE EN ORDRE 9ème & 10ème";"273";"31,42%";"51,80%";"";"36";"2";"CARADEC";"Laure-Agnès";"F";"LDVD";"MARSEILLE JE T'AIME 9-10";"MARSEILLE JE T'AIME 9-10 AVEC LAURE-AGNES CARADEC";"72";"8,29%";"13,66%";"";"2";"4";"HUGUET";"Pierre";"M";"LUG";"POUR MARSEILLE, 9E ET 10E";"POUR MARSEILLE, 9E ET 10E ARRONDISSEMENTS, LA GAUCHE, LES ÉCOLOGISTES ET LES CITOYENS RASSEMBLÉS";"182";"20,94%";"34,54%";"";"9";"";"";"";"";"";"";"";"";"";"";"";""
"13";"Bouches-du-Rhône";"13055SR05";"Marseille Secteur 5";"0964";"1023";"670";"65,49%";"353";"34,51%";"662";"64,71%";"98,81%";"5";"0,49%";"0,75%";"3";"0,29%";"0,45%";"1";"BEZ";"Eléonore";"F";"LRN";"EN ORDRE 9ème & 10ème";"MARSEILLE EN ORDRE 9ème & 10ème";"392";"38,32%";"59,21%";"";"36";"2";"CARADEC";"Laure-Agnès";"F";"LDVD";"MARSEILLE JE T'AIME 9-10";"MARSEILLE JE T'AIME 9-10 AVEC LAURE-AGNES CARADEC";"78";"7,62%";"11,78%";"";"2";"4";"HUGUET";"Pierre";"M";"LUG";"POUR MARSEILLE, 9E ET 10E";"POUR MARSEILLE, 9E ET 10E ARRONDISSEMENTS, LA GAUCHE, LES ÉCOLOGISTES ET LES CITOYENS RASSEMBLÉS";"192";"18,77%";"29,00%";"";"9";"";"";"";"";"";"";"";"";"";"";"";""
"13";"Bouches-du-Rhône";"13055SR05";"Marseille Secteur 5";"0965";"1139";"734";"64,44%";"405";"35,56%";"717";"62,95%";"97,68%";"5";"0,44%";"0,68%";"12";"1,05%";"1,63%";"1";"BEZ";"Eléonore";"F";"LRN";"EN ORDRE 9ème & 10ème";"MARSEILLE EN ORDRE 9ème & 10ème";"399";"35,03%";"55,65%";"";"36";"2";"CARADEC";"Laure-Agnès";"F";"LDVD";"MARSEILLE JE T'AIME 9-10";"MARSEILLE JE T'AIME 9-10 AVEC LAURE-AGNES CARADEC";"74";"6,50%";"10,32%";"";"2";"4";"HUGUET";"Pierre";"M";"LUG";"POUR MARSEILLE, 9E ET 10E";"POUR MARSEILLE, 9E ET 10E ARRONDISSEMENTS, LA GAUCHE, LES ÉCOLOGISTES ET LES CITOYENS RASSEMBLÉS";"244";"21,42%";"34,03%";"";"9";"";"";"";"";"";"";"";"";"";"";"";""
"13";"Bouches-du-Rhône";"13055SR05";"Marseille Secteur 5";"0966";"1071";"713";"66,57%";"358";"33,43%";"694";"64,80%";"97,34%";"9";"0,84%";"1,26%";"10";"0,93%";"1,40%";"1";"BEZ";"Eléonore";"F";"LRN";"EN ORDRE 9ème & 10ème";"MARSEILLE EN ORDRE 9ème & 10ème";"370";"34,55%";"53,31%";"";"36";"2";"CARADEC";"Laure-Agnès";"F";"LDVD";"MARSEILLE JE T'AIME 9-10";"MARSEILLE JE T'AIME 9-10 AVEC LAURE-AGNES CARADEC";"76";"7,10%";"10,95%";"";"2";"4";"HUGUET";"Pierre";"M";"LUG";"POUR MARSEILLE, 9E ET 10E";"POUR MARSEILLE, 9E ET 10E ARRONDISSEMENTS, LA GAUCHE, LES ÉCOLOGISTES ET LES CITOYENS RASSEMBLÉS";"248";"23,16%";"35,73%";"";"9";"";"";"";"";"";"";"";"";"";"";"";""
"13";"Bouches-du-Rhône";"13055SR05";"Marseille Secteur 5";"0967";"625";"389";"62,24%";"236";"37,76%";"377";"60,32%";"96,92%";"6";"0,96%";"1,54%";"6";"0,96%";"1,54%";"1";"BEZ";"Eléonore";"F";"LRN";"EN ORDRE 9ème & 10ème";"MARSEILLE EN ORDRE 9ème & 10ème";"186";"29,76%";"49,34%";"";"36";"2";"CARADEC";"Laure-Agnès";"F";"LDVD";"MARSEILLE JE T'AIME 9-10";"MARSEILLE JE T'AIME 9-10 AVEC LAURE-AGNES CARADEC";"27";"4,32%";"7,16%";"";"2";"4";"HUGUET";"Pierre";"M";"LUG";"POUR MARSEILLE, 9E ET 10E";"POUR MARSEILLE, 9E ET 10E ARRONDISSEMENTS, LA GAUCHE, LES ÉCOLOGISTES ET LES CITOYENS RASSEMBLÉS";"164";"26,24%";"43,50%";"";"9";"";"";"";"";"";"";"";"";"";"";"";""
"13";"Bouches-du-Rhône";"13055SR05";"Marseille Secteur 5";"0968";"1403";"814";"58,02%";"589";"41,98%";"795";"56,66%";"97,67%";"10";"0,71%";"1,23%";"9";"0,64%";"1,11%";"1";"BEZ";"Eléonore";"F";"LRN";"EN ORDRE 9ème & 10ème";"MARSEILLE EN ORDRE 9ème & 10ème";"400";"28,51%";"50,31%";"";"36";"2";"CARADEC";"Laure-Agnès";"F";"LDVD";"MARSEILLE JE T'AIME 9-10";"MARSEILLE JE T'AIME 9-10 AVEC LAURE-AGNES CARADEC";"63";"4,49%";"7,92%";"";"2";"4";"HUGUET";"Pierre";"M";"LUG";"POUR MARSEILLE, 9E ET 10E";"POUR MARSEILLE, 9E ET 10E ARRONDISSEMENTS, LA GAUCHE, LES ÉCOLOGISTES ET LES CITOYENS RASSEMBLÉS";"332";"23,66%";"41,76%";"";"9";"";"";"";"";"";"";"";"";"";"";"";""
"13";"Bouches-du-Rhône";"13055SR05";"Marseille Secteur 5";"0969";"819";"436";"53,24%";"383";"46,76%";"432";"52,75%";"99,08%";"2";"0,24%";"0,46%";"2";"0,24%";"0,46%";"1";"BEZ";"Eléonore";"F";"LRN";"EN ORDRE 9ème & 10ème";"MARSEILLE EN ORDRE 9ème & 10ème";"269";"32,84%";"62,27%";"";"36";"2";"CARADEC";"Laure-Agnès";"F";"LDVD";"MARSEILLE JE T'AIME 9-10";"MARSEILLE JE T'AIME 9-10 AVEC LAURE-AGNES CARADEC";"32";"3,91%";"7,41%";"";"2";"4";"HUGUET";"Pierre";"M";"LUG";"POUR MARSEILLE, 9E ET 10E";"POUR MARSEILLE, 9E ET 10E ARRONDISSEMENTS, LA GAUCHE, LES ÉCOLOGISTES ET LES CITOYENS RASSEMBLÉS";"131";"16,00%";"30,32%";"";"9";"";"";"";"";"";"";"";"";"";"";"";""
"13";"Bouches-du-Rhône";"13055SR05";"Marseille Secteur 5";"0970";"857";"518";"60,44%";"339";"39,56%";"502";"58,58%";"96,91%";"9";"1,05%";"1,74%";"7";"0,82%";"1,35%";"1";"BEZ";"Eléonore";"F";"LRN";"EN ORDRE 9ème & 10ème";"MARSEILLE EN ORDRE 9ème & 10ème";"265";"30,92%";"52,79%";"";"36";"2";"CARADEC";"Laure-Agnès";"F";"LDVD";"MARSEILLE JE T'AIME 9-10";"MARSEILLE JE T'AIME 9-10 AVEC LAURE-AGNES CARADEC";"45";"5,25%";"8,96%";"";"2";"4";"HUGUET";"Pierre";"M";"LUG";"POUR MARSEILLE, 9E ET 10E";"POUR MARSEILLE, 9E ET 10E ARRONDISSEMENTS, LA GAUCHE, LES ÉCOLOGISTES ET LES CITOYENS RASSEMBLÉS";"192";"22,40%";"38,25%";"";"9";"";"";"";"";"";"";"";"";"";"";"";""
"13";"Bouches-du-Rhône";"13055SR05";"Marseille Secteur 5";"0971";"1186";"733";"61,80%";"453";"38,20%";"723";"60,96%";"98,64%";"6";"0,51%";"0,82%";"4";"0,34%";"0,55%";"1";"BEZ";"Eléonore";"F";"LRN";"EN ORDRE 9ème & 10ème";"MARSEILLE EN ORDRE 9ème & 10ème";"402";"33,90%";"55,60%";"";"36";"2";"CARADEC";"Laure-Agnès";"F";"LDVD";"MARSEILLE JE T'AIME 9-10";"MARSEILLE JE T'AIME 9-10 AVEC LAURE-AGNES CARADEC";"54";"4,55%";"7,47%";"";"2";"4";"HUGUET";"Pierre";"M";"LUG";"POUR MARSEILLE, 9E ET 10E";"POUR MARSEILLE, 9E ET 10E ARRONDISSEMENTS, LA GAUCHE, LES ÉCOLOGISTES ET LES CITOYENS RASSEMBLÉS";"267";"22,51%";"36,93%";"";"9";"";"";"";"";"";"";"";"";"";"";"";""
"13";"Bouches-du-Rhône";"13055SR05";"Marseille Secteur 5";"0972";"1682";"994";"59,10%";"688";"40,90%";"979";"58,20%";"98,49%";"8";"0,48%";"0,80%";"7";"0,42%";"0,70%";"1";"BEZ";"Eléonore";"F";"LRN";"EN ORDRE 9ème & 10ème";"MARSEILLE EN ORDRE 9ème & 10ème";"567";"33,71%";"57,92%";"";"36";"2";"CARADEC";"Laure-Agnès";"F";"LDVD";"MARSEILLE JE T'AIME 9-10";"MARSEILLE JE T'AIME 9-10 AVEC LAURE-AGNES CARADEC";"77";"4,58%";"7,87%";"";"2";"4";"HUGUET";"Pierre";"M";"LUG";"POUR MARSEILLE, 9E ET 10E";"POUR MARSEILLE, 9E ET 10E ARRONDISSEMENTS, LA GAUCHE, LES ÉCOLOGISTES ET LES CITOYENS RASSEMBLÉS";"335";"19,92%";"34,22%";"";"9";"";"";"";"";"";"";"";"";"";"";"";""
"13";"Bouches-du-Rhône";"13055SR05";"Marseille Secteur 5";"0973";"896";"527";"58,82%";"369";"41,18%";"519";"57,92%";"98,48%";"5";"0,56%";"0,95%";"3";"0,33%";"0,57%";"1";"BEZ";"Eléonore";"F";"LRN";"EN ORDRE 9ème & 10ème";"MARSEILLE EN ORDRE 9ème & 10ème";"269";"30,02%";"51,83%";"";"36";"2";"CARADEC";"Laure-Agnès";"F";"LDVD";"MARSEILLE JE T'AIME 9-10";"MARSEILLE JE T'AIME 9-10 AVEC LAURE-AGNES CARADEC";"48";"5,36%";"9,25%";"";"2";"4";"HUGUET";"Pierre";"M";"LUG";"POUR MARSEILLE, 9E ET 10E";"POUR MARSEILLE, 9E ET 10E ARRONDISSEMENTS, LA GAUCHE, LES ÉCOLOGISTES ET LES CITOYENS RASSEMBLÉS";"202";"22,54%";"38,92%";"";"9";"";"";"";"";"";"";"";"";"";"";"";""
"13";"Bouches-du-Rhône";"13055SR05";"Marseille Secteur 5";"0974";"1426";"924";"64,80%";"502";"35,20%";"910";"63,81%";"98,48%";"5";"0,35%";"0,54%";"9";"0,63%";"0,97%";"1";"BEZ";"Eléonore";"F";"LRN";"EN ORDRE 9ème & 10ème";"MARSEILLE EN ORDRE 9ème & 10ème";"435";"30,50%";"47,80%";"";"36";"2";"CARADEC";"Laure-Agnès";"F";"LDVD";"MARSEILLE JE T'AIME 9-10";"MARSEILLE JE T'AIME 9-10 AVEC LAURE-AGNES CARADEC";"112";"7,85%";"12,31%";"";"2";"4";"HUGUET";"Pierre";"M";"LUG";"POUR MARSEILLE, 9E ET 10E";"POUR MARSEILLE, 9E ET 10E ARRONDISSEMENTS, LA GAUCHE, LES ÉCOLOGISTES ET LES CITOYENS RASSEMBLÉS";"363";"25,46%";"39,89%";"";"9";"";"";"";"";"";"";"";"";"";"";"";""
"13";"Bouches-du-Rhône";"13055SR05";"Marseille Secteur 5";"0975";"509";"245";"48,13%";"264";"51,87%";"240";"47,15%";"97,96%";"2";"0,39%";"0,82%";"3";"0,59%";"1,22%";"1";"BEZ";"Eléonore";"F";"LRN";"EN ORDRE 9ème & 10ème";"MARSEILLE EN ORDRE 9ème & 10ème";"145";"28,49%";"60,42%";"";"36";"2";"CARADEC";"Laure-Agnès";"F";"LDVD";"MARSEILLE JE T'AIME 9-10";"MARSEILLE JE T'AIME 9-10 AVEC LAURE-AGNES CARADEC";"12";"2,36%";"5,00%";"";"2";"4";"HUGUET";"Pierre";"M";"LUG";"POUR MARSEILLE, 9E ET 10E";"POUR MARSEILLE, 9E ET 10E ARRONDISSEMENTS, LA GAUCHE, LES ÉCOLOGISTES ET LES CITOYENS RASSEMBLÉS";"83";"16,31%";"34,58%";"";"9";"";"";"";"";"";"";"";"";"";"";"";""
"13";"Bouches-du-Rhône";"13055SR05";"Marseille Secteur 5";"0976";"1530";"807";"52,75%";"723";"47,25%";"795";"51,96%";"98,51%";"8";"0,52%";"0,99%";"4";"0,26%";"0,50%";"1";"BEZ";"Eléonore";"F";"LRN";"EN ORDRE 9ème & 10ème";"MARSEILLE EN ORDRE 9ème & 10ème";"413";"26,99%";"51,95%";"";"36";"2";"CARADEC";"Laure-Agnès";"F";"LDVD";"MARSEILLE JE T'AIME 9-10";"MARSEILLE JE T'AIME 9-10 AVEC LAURE-AGNES CARADEC";"52";"3,40%";"6,54%";"";"2";"4";"HUGUET";"Pierre";"M";"LUG";"POUR MARSEILLE, 9E ET 10E";"POUR MARSEILLE, 9E ET 10E ARRONDISSEMENTS, LA GAUCHE, LES ÉCOLOGISTES ET LES CITOYENS RASSEMBLÉS";"330";"21,57%";"41,51%";"";"9";"";"";"";"";"";"";"";"";"";"";"";""
"13";"Bouches-du-Rhône";"13055SR05";"Marseille Secteur 5";"0977";"1245";"812";"65,22%";"433";"34,78%";"800";"64,26%";"98,52%";"9";"0,72%";"1,11%";"3";"0,24%";"0,37%";"1";"BEZ";"Eléonore";"F";"LRN";"EN ORDRE 9ème & 10ème";"MARSEILLE EN ORDRE 9ème & 10ème";"403";"32,37%";"50,38%";"";"36";"2";"CARADEC";"Laure-Agnès";"F";"LDVD";"MARSEILLE JE T'AIME 9-10";"MARSEILLE JE T'AIME 9-10 AVEC LAURE-AGNES CARADEC";"96";"7,71%";"12,00%";"";"2";"4";"HUGUET";"Pierre";"M";"LUG";"POUR MARSEILLE, 9E ET 10E";"POUR MARSEILLE, 9E ET 10E ARRONDISSEMENTS, LA GAUCHE, LES ÉCOLOGISTES ET LES CITOYENS RASSEMBLÉS";"301";"24,18%";"37,63%";"";"9";"";"";"";"";"";"";"";"";"";"";"";""
"13";"Bouches-du-Rhône";"13055SR05";"Marseille Secteur 5";"0978";"1130";"694";"61,42%";"436";"38,58%";"683";"60,44%";"98,41%";"6";"0,53%";"0,86%";"5";"0,44%";"0,72%";"1";"BEZ";"Eléonore";"F";"LRN";"EN ORDRE 9ème & 10ème";"MARSEILLE EN ORDRE 9ème & 10ème";"329";"29,12%";"48,17%";"";"36";"2";"CARADEC";"Laure-Agnès";"F";"LDVD";"MARSEILLE JE T'AIME 9-10";"MARSEILLE JE T'AIME 9-10 AVEC LAURE-AGNES CARADEC";"48";"4,25%";"7,03%";"";"2";"4";"HUGUET";"Pierre";"M";"LUG";"POUR MARSEILLE, 9E ET 10E";"POUR MARSEILLE, 9E ET 10E ARRONDISSEMENTS, LA GAUCHE, LES ÉCOLOGISTES ET LES CITOYENS RASSEMBLÉS";"306";"27,08%";"44,80%";"";"9";"";"";"";"";"";"";"";"";"";"";"";""
"13";"Bouches-du-Rhône";"13055SR05";"Marseille Secteur 5";"0979";"984";"577";"58,64%";"407";"41,36%";"571";"58,03%";"98,96%";"3";"0,30%";"0,52%";"3";"0,30%";"0,52%";"1";"BEZ";"Eléonore";"F";"LRN";"EN ORDRE 9ème & 10ème";"MARSEILLE EN ORDRE 9ème & 10ème";"292";"29,67%";"51,14%";"";"36";"2";"CARADEC";"Laure-Agnès";"F";"LDVD";"MARSEILLE JE T'AIME 9-10";"MARSEILLE JE T'AIME 9-10 AVEC LAURE-AGNES CARADEC";"25";"2,54%";"4,38%";"";"2";"4";"HUGUET";"Pierre";"M";"LUG";"POUR MARSEILLE, 9E ET 10E";"POUR MARSEILLE, 9E ET 10E ARRONDISSEMENTS, LA GAUCHE, LES ÉCOLOGISTES ET LES CITOYENS RASSEMBLÉS";"254";"25,81%";"44,48%";"";"9";"";"";"";"";"";"";"";"";"";"";"";""
"13";"Bouches-du-Rhône";"13055SR05";"Marseille Secteur 5";"0980";"1354";"873";"64,48%";"481";"35,52%";"863";"63,74%";"98,85%";"4";"0,30%";"0,46%";"6";"0,44%";"0,69%";"1";"BEZ";"Eléonore";"F";"LRN";"EN ORDRE 9ème & 10ème";"MARSEILLE EN ORDRE 9ème & 10ème";"425";"31,39%";"49,25%";"";"36";"2";"CARADEC";"Laure-Agnès";"F";"LDVD";"MARSEILLE JE T'AIME 9-10";"MARSEILLE JE T'AIME 9-10 AVEC LAURE-AGNES CARADEC";"148";"10,93%";"17,15%";"";"2";"4";"HUGUET";"Pierre";"M";"LUG";"POUR MARSEILLE, 9E ET 10E";"POUR MARSEILLE, 9E ET 10E ARRONDISSEMENTS, LA GAUCHE, LES ÉCOLOGISTES ET LES CITOYENS RASSEMBLÉS";"290";"21,42%";"33,60%";"";"9";"";"";"";"";"";"";"";"";"";"";"";""
"13";"Bouches-du-Rhône";"13055SR05";"Marseille Secteur 5";"0981";"1206";"672";"55,72%";"534";"44,28%";"662";"54,89%";"98,51%";"8";"0,66%";"1,19%";"2";"0,17%";"0,30%";"1";"BEZ";"Eléonore";"F";"LRN";"EN ORDRE 9ème & 10ème";"MARSEILLE EN ORDRE 9ème & 10ème";"261";"21,64%";"39,43%";"";"36";"2";"CARADEC";"Laure-Agnès";"F";"LDVD";"MARSEILLE JE T'AIME 9-10";"MARSEILLE JE T'AIME 9-10 AVEC LAURE-AGNES CARADEC";"43";"3,57%";"6,50%";"";"2";"4";"HUGUET";"Pierre";"M";"LUG";"POUR MARSEILLE, 9E ET 10E";"POUR MARSEILLE, 9E ET 10E ARRONDISSEMENTS, LA GAUCHE, LES ÉCOLOGISTES ET LES CITOYENS RASSEMBLÉS";"358";"29,68%";"54,08%";"";"9";"";"";"";"";"";"";"";"";"";"";"";""
"13";"Bouches-du-Rhône";"13055SR05";"Marseille Secteur 5";"1001";"663";"326";"49,17%";"337";"50,83%";"324";"48,87%";"99,39%";"1";"0,15%";"0,31%";"1";"0,15%";"0,31%";"1";"BEZ";"Eléonore";"F";"LRN";"EN ORDRE 9ème & 10ème";"MARSEILLE EN ORDRE 9ème & 10ème";"140";"21,12%";"43,21%";"";"36";"2";"CARADEC";"Laure-Agnès";"F";"LDVD";"MARSEILLE JE T'AIME 9-10";"MARSEILLE JE T'AIME 9-10 AVEC LAURE-AGNES CARADEC";"24";"3,62%";"7,41%";"";"2";"4";"HUGUET";"Pierre";"M";"LUG";"POUR MARSEILLE, 9E ET 10E";"POUR MARSEILLE, 9E ET 10E ARRONDISSEMENTS, LA GAUCHE, LES ÉCOLOGISTES ET LES CITOYENS RASSEMBLÉS";"160";"24,13%";"49,38%";"";"9";"";"";"";"";"";"";"";"";"";"";"";""
"13";"Bouches-du-Rhône";"13055SR05";"Marseille Secteur 5";"1002";"974";"427";"43,84%";"547";"56,16%";"423";"43,43%";"99,06%";"3";"0,31%";"0,70%";"1";"0,10%";"0,23%";"1";"BEZ";"Eléonore";"F";"LRN";"EN ORDRE 9ème & 10ème";"MARSEILLE EN ORDRE 9ème & 10ème";"177";"18,17%";"41,84%";"";"36";"2";"CARADEC";"Laure-Agnès";"F";"LDVD";"MARSEILLE JE T'AIME 9-10";"MARSEILLE JE T'AIME 9-10 AVEC LAURE-AGNES CARADEC";"19";"1,95%";"4,49%";"";"2";"4";"HUGUET";"Pierre";"M";"LUG";"POUR MARSEILLE, 9E ET 10E";"POUR MARSEILLE, 9E ET 10E ARRONDISSEMENTS, LA GAUCHE, LES ÉCOLOGISTES ET LES CITOYENS RASSEMBLÉS";"227";"23,31%";"53,66%";"";"9";"";"";"";"";"";"";"";"";"";"";"";""
"13";"Bouches-du-Rhône";"13055SR05";"Marseille Secteur 5";"1003";"1341";"691";"51,53%";"650";"48,47%";"679";"50,63%";"98,26%";"4";"0,30%";"0,58%";"8";"0,60%";"1,16%";"1";"BEZ";"Eléonore";"F";"LRN";"EN ORDRE 9ème & 10ème";"MARSEILLE EN ORDRE 9ème & 10ème";"352";"26,25%";"51,84%";"";"36";"2";"CARADEC";"Laure-Agnès";"F";"LDVD";"MARSEILLE JE T'AIME 9-10";"MARSEILLE JE T'AIME 9-10 AVEC LAURE-AGNES CARADEC";"42";"3,13%";"6,19%";"";"2";"4";"HUGUET";"Pierre";"M";"LUG";"POUR MARSEILLE, 9E ET 10E";"POUR MARSEILLE, 9E ET 10E ARRONDISSEMENTS, LA GAUCHE, LES ÉCOLOGISTES ET LES CITOYENS RASSEMBLÉS";"285";"21,25%";"41,97%";"";"9";"";"";"";"";"";"";"";"";"";"";"";""
"13";"Bouches-du-Rhône";"13055SR05";"Marseille Secteur 5";"1004";"949";"577";"60,80%";"372";"39,20%";"567";"59,75%";"98,27%";"7";"0,74%";"1,21%";"3";"0,32%";"0,52%";"1";"BEZ";"Eléonore";"F";"LRN";"EN ORDRE 9ème & 10ème";"MARSEILLE EN ORDRE 9ème & 10ème";"342";"36,04%";"60,32%";"";"36";"2";"CARADEC";"Laure-Agnès";"F";"LDVD";"MARSEILLE JE T'AIME 9-10";"MARSEILLE JE T'AIME 9-10 AVEC LAURE-AGNES CARADEC";"24";"2,53%";"4,23%";"";"2";"4";"HUGUET";"Pierre";"M";"LUG";"POUR MARSEILLE, 9E ET 10E";"POUR MARSEILLE, 9E ET 10E ARRONDISSEMENTS, LA GAUCHE, LES ÉCOLOGISTES ET LES CITOYENS RASSEMBLÉS";"201";"21,18%";"35,45%";"";"9";"";"";"";"";"";"";"";"";"";"";"";""
"13";"Bouches-du-Rhône";"13055SR05";"Marseille Secteur 5";"1005";"1235";"623";"50,45%";"612";"49,55%";"605";"48,99%";"97,11%";"8";"0,65%";"1,28%";"10";"0,81%";"1,61%";"1";"BEZ";"Eléonore";"F";"LRN";"EN ORDRE 9ème & 10ème";"MARSEILLE EN ORDRE 9ème & 10ème";"280";"22,67%";"46,28%";"";"36";"2";"CARADEC";"Laure-Agnès";"F";"LDVD";"MARSEILLE JE T'AIME 9-10";"MARSEILLE JE T'AIME 9-10 AVEC LAURE-AGNES CARADEC";"35";"2,83%";"5,79%";"";"2";"4";"HUGUET";"Pierre";"M";"LUG";"POUR MARSEILLE, 9E ET 10E";"POUR MARSEILLE, 9E ET 10E ARRONDISSEMENTS, LA GAUCHE, LES ÉCOLOGISTES ET LES CITOYENS RASSEMBLÉS";"290";"23,48%";"47,93%";"";"9";"";"";"";"";"";"";"";"";"";"";"";""
"13";"Bouches-du-Rhône";"13055SR05";"Marseille Secteur 5";"1006";"1454";"663";"45,60%";"791";"54,40%";"654";"44,98%";"98,64%";"3";"0,21%";"0,45%";"6";"0,41%";"0,90%";"1";"BEZ";"Eléonore";"F";"LRN";"EN ORDRE 9ème & 10ème";"MARSEILLE EN ORDRE 9ème & 10ème";"275";"18,91%";"42,05%";"";"36";"2";"CARADEC";"Laure-Agnès";"F";"LDVD";"MARSEILLE JE T'AIME 9-10";"MARSEILLE JE T'AIME 9-10 AVEC LAURE-AGNES CARADEC";"34";"2,34%";"5,20%";"";"2";"4";"HUGUET";"Pierre";"M";"LUG";"POUR MARSEILLE, 9E ET 10E";"POUR MARSEILLE, 9E ET 10E ARRONDISSEMENTS, LA GAUCHE, LES ÉCOLOGISTES ET LES CITOYENS RASSEMBLÉS";"345";"23,73%";"52,75%";"";"9";"";"";"";"";"";"";"";"";"";"";"";""
"13";"Bouches-du-Rhône";"13055SR05";"Marseille Secteur 5";"1007";"860";"421";"48,95%";"439";"51,05%";"412";"47,91%";"97,86%";"1";"0,12%";"0,24%";"8";"0,93%";"1,90%";"1";"BEZ";"Eléonore";"F";"LRN";"EN ORDRE 9ème & 10ème";"MARSEILLE EN ORDRE 9ème & 10ème";"206";"23,95%";"50,00%";"";"36";"2";"CARADEC";"Laure-Agnès";"F";"LDVD";"MARSEILLE JE T'AIME 9-10";"MARSEILLE JE T'AIME 9-10 AVEC LAURE-AGNES CARADEC";"25";"2,91%";"6,07%";"";"2";"4";"HUGUET";"Pierre";"M";"LUG";"POUR MARSEILLE, 9E ET 10E";"POUR MARSEILLE, 9E ET 10E ARRONDISSEMENTS, LA GAUCHE, LES ÉCOLOGISTES ET LES CITOYENS RASSEMBLÉS";"181";"21,05%";"43,93%";"";"9";"";"";"";"";"";"";"";"";"";"";"";""
"13";"Bouches-du-Rhône";"13055SR05";"Marseille Secteur 5";"1008";"803";"453";"56,41%";"350";"43,59%";"444";"55,29%";"98,01%";"2";"0,25%";"0,44%";"7";"0,87%";"1,55%";"1";"BEZ";"Eléonore";"F";"LRN";"EN ORDRE 9ème & 10ème";"MARSEILLE EN ORDRE 9ème & 10ème";"244";"30,39%";"54,95%";"";"36";"2";"CARADEC";"Laure-Agnès";"F";"LDVD";"MARSEILLE JE T'AIME 9-10";"MARSEILLE JE T'AIME 9-10 AVEC LAURE-AGNES CARADEC";"28";"3,49%";"6,31%";"";"2";"4";"HUGUET";"Pierre";"M";"LUG";"POUR MARSEILLE, 9E ET 10E";"POUR MARSEILLE, 9E ET 10E ARRONDISSEMENTS, LA GAUCHE, LES ÉCOLOGISTES ET LES CITOYENS RASSEMBLÉS";"172";"21,42%";"38,74%";"";"9";"";"";"";"";"";"";"";"";"";"";"";""
"13";"Bouches-du-Rhône";"13055SR05";"Marseille Secteur 5";"1009";"412";"192";"46,60%";"220";"53,40%";"191";"46,36%";"99,48%";"1";"0,24%";"0,52%";"0";"0,00%";"0,00%";"1";"BEZ";"Eléonore";"F";"LRN";"EN ORDRE 9ème & 10ème";"MARSEILLE EN ORDRE 9ème & 10ème";"75";"18,20%";"39,27%";"";"36";"2";"CARADEC";"Laure-Agnès";"F";"LDVD";"MARSEILLE JE T'AIME 9-10";"MARSEILLE JE T'AIME 9-10 AVEC LAURE-AGNES CARADEC";"3";"0,73%";"1,57%";"";"2";"4";"HUGUET";"Pierre";"M";"LUG";"POUR MARSEILLE, 9E ET 10E";"POUR MARSEILLE, 9E ET 10E ARRONDISSEMENTS, LA GAUCHE, LES ÉCOLOGISTES ET LES CITOYENS RASSEMBLÉS";"113";"27,43%";"59,16%";"";"9";"";"";"";"";"";"";"";"";"";"";"";""
"13";"Bouches-du-Rhône";"13055SR05";"Marseille Secteur 5";"1010";"920";"491";"53,37%";"429";"46,63%";"477";"51,85%";"97,15%";"4";"0,43%";"0,81%";"10";"1,09%";"2,04%";"1";"BEZ";"Eléonore";"F";"LRN";"EN ORDRE 9ème & 10ème";"MARSEILLE EN ORDRE 9ème & 10ème";"206";"22,39%";"43,19%";"";"36";"2";"CARADEC";"Laure-Agnès";"F";"LDVD";"MARSEILLE JE T'AIME 9-10";"MARSEILLE JE T'AIME 9-10 AVEC LAURE-AGNES CARADEC";"29";"3,15%";"6,08%";"";"2";"4";"HUGUET";"Pierre";"M";"LUG";"POUR MARSEILLE, 9E ET 10E";"POUR MARSEILLE, 9E ET 10E ARRONDISSEMENTS, LA GAUCHE, LES ÉCOLOGISTES ET LES CITOYENS RASSEMBLÉS";"242";"26,30%";"50,73%";"";"9";"";"";"";"";"";"";"";"";"";"";"";""
"13";"Bouches-du-Rhône";"13055SR05";"Marseille Secteur 5";"1021";"1021";"577";"56,51%";"444";"43,49%";"568";"55,63%";"98,44%";"5";"0,49%";"0,87%";"4";"0,39%";"0,69%";"1";"BEZ";"Eléonore";"F";"LRN";"EN ORDRE 9ème & 10ème";"MARSEILLE EN ORDRE 9ème & 10ème";"232";"22,72%";"40,85%";"";"36";"2";"CARADEC";"Laure-Agnès";"F";"LDVD";"MARSEILLE JE T'AIME 9-10";"MARSEILLE JE T'AIME 9-10 AVEC LAURE-AGNES CARADEC";"51";"5,00%";"8,98%";"";"2";"4";"HUGUET";"Pierre";"M";"LUG";"POUR MARSEILLE, 9E ET 10E";"POUR MARSEILLE, 9E ET 10E ARRONDISSEMENTS, LA GAUCHE, LES ÉCOLOGISTES ET LES CITOYENS RASSEMBLÉS";"285";"27,91%";"50,18%";"";"9";"";"";"";"";"";"";"";"";"";"";"";""
"13";"Bouches-du-Rhône";"13055SR05";"Marseille Secteur 5";"1022";"1195";"703";"58,83%";"492";"41,17%";"697";"58,33%";"99,15%";"3";"0,25%";"0,43%";"3";"0,25%";"0,43%";"1";"BEZ";"Eléonore";"F";"LRN";"EN ORDRE 9ème & 10ème";"MARSEILLE EN ORDRE 9ème & 10ème";"296";"24,77%";"42,47%";"";"36";"2";"CARADEC";"Laure-Agnès";"F";"LDVD";"MARSEILLE JE T'AIME 9-10";"MARSEILLE JE T'AIME 9-10 AVEC LAURE-AGNES CARADEC";"63";"5,27%";"9,04%";"";"2";"4";"HUGUET";"Pierre";"M";"LUG";"POUR MARSEILLE, 9E ET 10E";"POUR MARSEILLE, 9E ET 10E ARRONDISSEMENTS, LA GAUCHE, LES ÉCOLOGISTES ET LES CITOYENS RASSEMBLÉS";"338";"28,28%";"48,49%";"";"9";"";"";"";"";"";"";"";"";"";"";"";""
"13";"Bouches-du-Rhône";"13055SR05";"Marseille Secteur 5";"1041";"898";"498";"55,46%";"400";"44,54%";"491";"54,68%";"98,59%";"2";"0,22%";"0,40%";"5";"0,56%";"1,00%";"1";"BEZ";"Eléonore";"F";"LRN";"EN ORDRE 9ème & 10ème";"MARSEILLE EN ORDRE 9ème & 10ème";"297";"33,07%";"60,49%";"";"36";"2";"CARADEC";"Laure-Agnès";"F";"LDVD";"MARSEILLE JE T'AIME 9-10";"MARSEILLE JE T'AIME 9-10 AVEC LAURE-AGNES CARADEC";"39";"4,34%";"7,94%";"";"2";"4";"HUGUET";"Pierre";"M";"LUG";"POUR MARSEILLE, 9E ET 10E";"POUR MARSEILLE, 9E ET 10E ARRONDISSEMENTS, LA GAUCHE, LES ÉCOLOGISTES ET LES CITOYENS RASSEMBLÉS";"155";"17,26%";"31,57%";"";"9";"";"";"";"";"";"";"";"";"";"";"";""
"13";"Bouches-du-Rhône";"13055SR05";"Marseille Secteur 5";"1061";"1240";"652";"52,58%";"588";"47,42%";"645";"52,02%";"98,93%";"4";"0,32%";"0,61%";"3";"0,24%";"0,46%";"1";"BEZ";"Eléonore";"F";"LRN";"EN ORDRE 9ème & 10ème";"MARSEILLE EN ORDRE 9ème & 10ème";"374";"30,16%";"57,98%";"";"36";"2";"CARADEC";"Laure-Agnès";"F";"LDVD";"MARSEILLE JE T'AIME 9-10";"MARSEILLE JE T'AIME 9-10 AVEC LAURE-AGNES CARADEC";"47";"3,79%";"7,29%";"";"2";"4";"HUGUET";"Pierre";"M";"LUG";"POUR MARSEILLE, 9E ET 10E";"POUR MARSEILLE, 9E ET 10E ARRONDISSEMENTS, LA GAUCHE, LES ÉCOLOGISTES ET LES CITOYENS RASSEMBLÉS";"224";"18,06%";"34,73%";"";"9";"";"";"";"";"";"";"";"";"";"";"";""
"13";"Bouches-du-Rhône";"13055SR05";"Marseille Secteur 5";"1062";"1541";"667";"43,28%";"874";"56,72%";"649";"42,12%";"97,30%";"9";"0,58%";"1,35%";"9";"0,58%";"1,35%";"1";"BEZ";"Eléonore";"F";"LRN";"EN ORDRE 9ème & 10ème";"MARSEILLE EN ORDRE 9ème & 10ème";"274";"17,78%";"42,22%";"";"36";"2";"CARADEC";"Laure-Agnès";"F";"LDVD";"MARSEILLE JE T'AIME 9-10";"MARSEILLE JE T'AIME 9-10 AVEC LAURE-AGNES CARADEC";"41";"2,66%";"6,32%";"";"2";"4";"HUGUET";"Pierre";"M";"LUG";"POUR MARSEILLE, 9E ET 10E";"POUR MARSEILLE, 9E ET 10E ARRONDISSEMENTS, LA GAUCHE, LES ÉCOLOGISTES ET LES CITOYENS RASSEMBLÉS";"334";"21,67%";"51,46%";"";"9";"";"";"";"";"";"";"";"";"";"";"";""
"13";"Bouches-du-Rhône";"13055SR05";"Marseille Secteur 5";"1063";"967";"448";"46,33%";"519";"53,67%";"442";"45,71%";"98,66%";"3";"0,31%";"0,67%";"3";"0,31%";"0,67%";"1";"BEZ";"Eléonore";"F";"LRN";"EN ORDRE 9ème & 10ème";"MARSEILLE EN ORDRE 9ème & 10ème";"213";"22,03%";"48,19%";"";"36";"2";"CARADEC";"Laure-Agnès";"F";"LDVD";"MARSEILLE JE T'AIME 9-10";"MARSEILLE JE T'AIME 9-10 AVEC LAURE-AGNES CARADEC";"24";"2,48%";"5,43%";"";"2";"4";"HUGUET";"Pierre";"M";"LUG";"POUR MARSEILLE, 9E ET 10E";"POUR MARSEILLE, 9E ET 10E ARRONDISSEMENTS, LA GAUCHE, LES ÉCOLOGISTES ET LES CITOYENS RASSEMBLÉS";"205";"21,20%";"46,38%";"";"9";"";"";"";"";"";"";"";"";"";"";"";""
"13";"Bouches-du-Rhône";"13055SR05";"Marseille Secteur 5";"1064";"1187";"591";"49,79%";"596";"50,21%";"580";"48,86%";"98,14%";"11";"0,93%";"1,86%";"0";"0,00%";"0,00%";"1";"BEZ";"Eléonore";"F";"LRN";"EN ORDRE 9ème & 10ème";"MARSEILLE EN ORDRE 9ème & 10ème";"323";"27,21%";"55,69%";"";"36";"2";"CARADEC";"Laure-Agnès";"F";"LDVD";"MARSEILLE JE T'AIME 9-10";"MARSEILLE JE T'AIME 9-10 AVEC LAURE-AGNES CARADEC";"58";"4,89%";"10,00%";"";"2";"4";"HUGUET";"Pierre";"M";"LUG";"POUR MARSEILLE, 9E ET 10E";"POUR MARSEILLE, 9E ET 10E ARRONDISSEMENTS, LA GAUCHE, LES ÉCOLOGISTES ET LES CITOYENS RASSEMBLÉS";"199";"16,76%";"34,31%";"";"9";"";"";"";"";"";"";"";"";"";"";"";""
"13";"Bouches-du-Rhône";"13055SR05";"Marseille Secteur 5";"1065";"1298";"537";"41,37%";"761";"58,63%";"530";"40,83%";"98,70%";"5";"0,39%";"0,93%";"2";"0,15%";"0,37%";"1";"BEZ";"Eléonore";"F";"LRN";"EN ORDRE 9ème & 10ème";"MARSEILLE EN ORDRE 9ème & 10ème";"169";"13,02%";"31,89%";"";"36";"2";"CARADEC";"Laure-Agnès";"F";"LDVD";"MARSEILLE JE T'AIME 9-10";"MARSEILLE JE T'AIME 9-10 AVEC LAURE-AGNES CARADEC";"24";"1,85%";"4,53%";"";"2";"4";"HUGUET";"Pierre";"M";"LUG";"POUR MARSEILLE, 9E ET 10E";"POUR MARSEILLE, 9E ET 10E ARRONDISSEMENTS, LA GAUCHE, LES ÉCOLOGISTES ET LES CITOYENS RASSEMBLÉS";"337";"25,96%";"63,58%";"";"9";"";"";"";"";"";"";"";"";"";"";"";""
"13";"Bouches-du-Rhône";"13055SR05";"Marseille Secteur 5";"1066";"1257";"733";"58,31%";"524";"41,69%";"727";"57,84%";"99,18%";"3";"0,24%";"0,41%";"3";"0,24%";"0,41%";"1";"BEZ";"Eléonore";"F";"LRN";"EN ORDRE 9ème & 10ème";"MARSEILLE EN ORDRE 9ème & 10ème";"451";"35,88%";"62,04%";"";"36";"2";"CARADEC";"Laure-Agnès";"F";"LDVD";"MARSEILLE JE T'AIME 9-10";"MARSEILLE JE T'AIME 9-10 AVEC LAURE-AGNES CARADEC";"66";"5,25%";"9,08%";"";"2";"4";"HUGUET";"Pierre";"M";"LUG";"POUR MARSEILLE, 9E ET 10E";"POUR MARSEILLE, 9E ET 10E ARRONDISSEMENTS, LA GAUCHE, LES ÉCOLOGISTES ET LES CITOYENS RASSEMBLÉS";"210";"16,71%";"28,89%";"";"9";"";"";"";"";"";"";"";"";"";"";"";""
"13";"Bouches-du-Rhône";"13055SR05";"Marseille Secteur 5";"1067";"1429";"743";"51,99%";"686";"48,01%";"726";"50,80%";"97,71%";"2";"0,14%";"0,27%";"15";"1,05%";"2,02%";"1";"BEZ";"Eléonore";"F";"LRN";"EN ORDRE 9ème & 10ème";"MARSEILLE EN ORDRE 9ème & 10ème";"420";"29,39%";"57,85%";"";"36";"2";"CARADEC";"Laure-Agnès";"F";"LDVD";"MARSEILLE JE T'AIME 9-10";"MARSEILLE JE T'AIME 9-10 AVEC LAURE-AGNES CARADEC";"65";"4,55%";"8,95%";"";"2";"4";"HUGUET";"Pierre";"M";"LUG";"POUR MARSEILLE, 9E ET 10E";"POUR MARSEILLE, 9E ET 10E ARRONDISSEMENTS, LA GAUCHE, LES ÉCOLOGISTES ET LES CITOYENS RASSEMBLÉS";"241";"16,86%";"33,20%";"";"9";"";"";"";"";"";"";"";"";"";"";"";""
"13";"Bouches-du-Rhône";"13055SR05";"Marseille Secteur 5";"1068";"1220";"698";"57,21%";"522";"42,79%";"680";"55,74%";"97,42%";"11";"0,90%";"1,58%";"7";"0,57%";"1,00%";"1";"BEZ";"Eléonore";"F";"LRN";"EN ORDRE 9ème & 10ème";"MARSEILLE EN ORDRE 9ème & 10ème";"419";"34,34%";"61,62%";"";"36";"2";"CARADEC";"Laure-Agnès";"F";"LDVD";"MARSEILLE JE T'AIME 9-10";"MARSEILLE JE T'AIME 9-10 AVEC LAURE-AGNES CARADEC";"68";"5,57%";"10,00%";"";"2";"4";"HUGUET";"Pierre";"M";"LUG";"POUR MARSEILLE, 9E ET 10E";"POUR MARSEILLE, 9E ET 10E ARRONDISSEMENTS, LA GAUCHE, LES ÉCOLOGISTES ET LES CITOYENS RASSEMBLÉS";"193";"15,82%";"28,38%";"";"9";"";"";"";"";"";"";"";"";"";"";"";""
"13";"Bouches-du-Rhône";"13055SR05";"Marseille Secteur 5";"1069";"1123";"656";"58,41%";"467";"41,59%";"647";"57,61%";"98,63%";"3";"0,27%";"0,46%";"6";"0,53%";"0,91%";"1";"BEZ";"Eléonore";"F";"LRN";"EN ORDRE 9ème & 10ème";"MARSEILLE EN ORDRE 9ème & 10ème";"404";"35,98%";"62,44%";"";"36";"2";"CARADEC";"Laure-Agnès";"F";"LDVD";"MARSEILLE JE T'AIME 9-10";"MARSEILLE JE T'AIME 9-10 AVEC LAURE-AGNES CARADEC";"65";"5,79%";"10,05%";"";"2";"4";"HUGUET";"Pierre";"M";"LUG";"POUR MARSEILLE, 9E ET 10E";"POUR MARSEILLE, 9E ET 10E ARRONDISSEMENTS, LA GAUCHE, LES ÉCOLOGISTES ET LES CITOYENS RASSEMBLÉS";"178";"15,85%";"27,51%";"";"9";"";"";"";"";"";"";"";"";"";"";"";""
"13";"Bouches-du-Rhône";"13055SR05";"Marseille Secteur 5";"1070";"1159";"643";"55,48%";"516";"44,52%";"632";"54,53%";"98,29%";"5";"0,43%";"0,78%";"6";"0,52%";"0,93%";"1";"BEZ";"Eléonore";"F";"LRN";"EN ORDRE 9ème & 10ème";"MARSEILLE EN ORDRE 9ème & 10ème";"360";"31,06%";"56,96%";"";"36";"2";"CARADEC";"Laure-Agnès";"F";"LDVD";"MARSEILLE JE T'AIME 9-10";"MARSEILLE JE T'AIME 9-10 AVEC LAURE-AGNES CARADEC";"63";"5,44%";"9,97%";"";"2";"4";"HUGUET";"Pierre";"M";"LUG";"POUR MARSEILLE, 9E ET 10E";"POUR MARSEILLE, 9E ET 10E ARRONDISSEMENTS, LA GAUCHE, LES ÉCOLOGISTES ET LES CITOYENS RASSEMBLÉS";"209";"18,03%";"33,07%";"";"9";"";"";"";"";"";"";"";"";"";"";"";""
"13";"Bouches-du-Rhône";"13055SR05";"Marseille Secteur 5";"1071";"850";"439";"51,65%";"411";"48,35%";"431";"50,71%";"98,18%";"1";"0,12%";"0,23%";"7";"0,82%";"1,59%";"1";"BEZ";"Eléonore";"F";"LRN";"EN ORDRE 9ème & 10ème";"MARSEILLE EN ORDRE 9ème & 10ème";"242";"28,47%";"56,15%";"";"36";"2";"CARADEC";"Laure-Agnès";"F";"LDVD";"MARSEILLE JE T'AIME 9-10";"MARSEILLE JE T'AIME 9-10 AVEC LAURE-AGNES CARADEC";"41";"4,82%";"9,51%";"";"2";"4";"HUGUET";"Pierre";"M";"LUG";"POUR MARSEILLE, 9E ET 10E";"POUR MARSEILLE, 9E ET 10E ARRONDISSEMENTS, LA GAUCHE, LES ÉCOLOGISTES ET LES CITOYENS RASSEMBLÉS";"148";"17,41%";"34,34%";"";"9";"";"";"";"";"";"";"";"";"";"";"";""
"13";"Bouches-du-Rhône";"13055SR05";"Marseille Secteur 5";"1072";"1039";"520";"50,05%";"519";"49,95%";"510";"49,09%";"98,08%";"7";"0,67%";"1,35%";"3";"0,29%";"0,58%";"1";"BEZ";"Eléonore";"F";"LRN";"EN ORDRE 9ème & 10ème";"MARSEILLE EN ORDRE 9ème & 10ème";"291";"28,01%";"57,06%";"";"36";"2";"CARADEC";"Laure-Agnès";"F";"LDVD";"MARSEILLE JE T'AIME 9-10";"MARSEILLE JE T'AIME 9-10 AVEC LAURE-AGNES CARADEC";"55";"5,29%";"10,78%";"";"2";"4";"HUGUET";"Pierre";"M";"LUG";"POUR MARSEILLE, 9E ET 10E";"POUR MARSEILLE, 9E ET 10E ARRONDISSEMENTS, LA GAUCHE, LES ÉCOLOGISTES ET LES CITOYENS RASSEMBLÉS";"164";"15,78%";"32,16%";"";"9";"";"";"";"";"";"";"";"";"";"";"";""
"13";"Bouches-du-Rhône";"13055SR05";"Marseille Secteur 5";"1073";"1257";"712";"56,64%";"545";"43,36%";"706";"56,17%";"99,16%";"0";"0,00%";"0,00%";"6";"0,48%";"0,84%";"1";"BEZ";"Eléonore";"F";"LRN";"EN ORDRE 9ème & 10ème";"MARSEILLE EN ORDRE 9ème & 10ème";"348";"27,68%";"49,29%";"";"36";"2";"CARADEC";"Laure-Agnès";"F";"LDVD";"MARSEILLE JE T'AIME 9-10";"MARSEILLE JE T'AIME 9-10 AVEC LAURE-AGNES CARADEC";"55";"4,38%";"7,79%";"";"2";"4";"HUGUET";"Pierre";"M";"LUG";"POUR MARSEILLE, 9E ET 10E";"POUR MARSEILLE, 9E ET 10E ARRONDISSEMENTS, LA GAUCHE, LES ÉCOLOGISTES ET LES CITOYENS RASSEMBLÉS";"303";"24,11%";"42,92%";"";"9";"";"";"";"";"";"";"";"";"";"";"";""
"13";"Bouches-du-Rhône";"13055SR05";"Marseille Secteur 5";"1074";"1148";"548";"47,74%";"600";"52,26%";"542";"47,21%";"98,91%";"6";"0,52%";"1,09%";"0";"0,00%";"0,00%";"1";"BEZ";"Eléonore";"F";"LRN";"EN ORDRE 9ème & 10ème";"MARSEILLE EN ORDRE 9ème & 10ème";"313";"27,26%";"57,75%";"";"36";"2";"CARADEC";"Laure-Agnès";"F";"LDVD";"MARSEILLE JE T'AIME 9-10";"MARSEILLE JE T'AIME 9-10 AVEC LAURE-AGNES CARADEC";"42";"3,66%";"7,75%";"";"2";"4";"HUGUET";"Pierre";"M";"LUG";"POUR MARSEILLE, 9E ET 10E";"POUR MARSEILLE, 9E ET 10E ARRONDISSEMENTS, LA GAUCHE, LES ÉCOLOGISTES ET LES CITOYENS RASSEMBLÉS";"187";"16,29%";"34,50%";"";"9";"";"";"";"";"";"";"";"";"";"";"";""
"13";"Bouches-du-Rhône";"13055SR05";"Marseille Secteur 5";"1075";"1092";"638";"58,42%";"454";"41,58%";"630";"57,69%";"98,75%";"7";"0,64%";"1,10%";"1";"0,09%";"0,16%";"1";"BEZ";"Eléonore";"F";"LRN";"EN ORDRE 9ème & 10ème";"MARSEILLE EN ORDRE 9ème & 10ème";"344";"31,50%";"54,60%";"";"36";"2";"CARADEC";"Laure-Agnès";"F";"LDVD";"MARSEILLE JE T'AIME 9-10";"MARSEILLE JE T'AIME 9-10 AVEC LAURE-AGNES CARADEC";"70";"6,41%";"11,11%";"";"2";"4";"HUGUET";"Pierre";"M";"LUG";"POUR MARSEILLE, 9E ET 10E";"POUR MARSEILLE, 9E ET 10E ARRONDISSEMENTS, LA GAUCHE, LES ÉCOLOGISTES ET LES CITOYENS RASSEMBLÉS";"216";"19,78%";"34,29%";"";"9";"";"";"";"";"";"";"";"";"";"";"";""
"13";"Bouches-du-Rhône";"13055SR05";"Marseille Secteur 5";"1076";"1168";"665";"56,93%";"503";"43,07%";"648";"55,48%";"97,44%";"12";"1,03%";"1,80%";"5";"0,43%";"0,75%";"1";"BEZ";"Eléonore";"F";"LRN";"EN ORDRE 9ème & 10ème";"MARSEILLE EN ORDRE 9ème & 10ème";"357";"30,57%";"55,09%";"";"36";"2";"CARADEC";"Laure-Agnès";"F";"LDVD";"MARSEILLE JE T'AIME 9-10";"MARSEILLE JE T'AIME 9-10 AVEC LAURE-AGNES CARADEC";"57";"4,88%";"8,80%";"";"2";"4";"HUGUET";"Pierre";"M";"LUG";"POUR MARSEILLE, 9E ET 10E";"POUR MARSEILLE, 9E ET 10E ARRONDISSEMENTS, LA GAUCHE, LES ÉCOLOGISTES ET LES CITOYENS RASSEMBLÉS";"234";"20,03%";"36,11%";"";"9";"";"";"";"";"";"";"";"";"";"";"";""
"13";"Bouches-du-Rhône";"13055SR05";"Marseille Secteur 5";"1077";"1128";"573";"50,80%";"555";"49,20%";"570";"50,53%";"99,48%";"1";"0,09%";"0,17%";"2";"0,18%";"0,35%";"1";"BEZ";"Eléonore";"F";"LRN";"EN ORDRE 9ème & 10ème";"MARSEILLE EN ORDRE 9ème & 10ème";"192";"17,02%";"33,68%";"";"36";"2";"CARADEC";"Laure-Agnès";"F";"LDVD";"MARSEILLE JE T'AIME 9-10";"MARSEILLE JE T'AIME 9-10 AVEC LAURE-AGNES CARADEC";"31";"2,75%";"5,44%";"";"2";"4";"HUGUET";"Pierre";"M";"LUG";"POUR MARSEILLE, 9E ET 10E";"POUR MARSEILLE, 9E ET 10E ARRONDISSEMENTS, LA GAUCHE, LES ÉCOLOGISTES ET LES CITOYENS RASSEMBLÉS";"347";"30,76%";"60,88%";"";"9";"";"";"";"";"";"";"";"";"";"";"";""
"13";"Bouches-du-Rhône";"13055SR05";"Marseille Secteur 5";"1078";"755";"406";"53,77%";"349";"46,23%";"401";"53,11%";"98,77%";"3";"0,40%";"0,74%";"2";"0,26%";"0,49%";"1";"BEZ";"Eléonore";"F";"LRN";"EN ORDRE 9ème & 10ème";"MARSEILLE EN ORDRE 9ème & 10ème";"250";"33,11%";"62,34%";"";"36";"2";"CARADEC";"Laure-Agnès";"F";"LDVD";"MARSEILLE JE T'AIME 9-10";"MARSEILLE JE T'AIME 9-10 AVEC LAURE-AGNES CARADEC";"27";"3,58%";"6,73%";"";"2";"4";"HUGUET";"Pierre";"M";"LUG";"POUR MARSEILLE, 9E ET 10E";"POUR MARSEILLE, 9E ET 10E ARRONDISSEMENTS, LA GAUCHE, LES ÉCOLOGISTES ET LES CITOYENS RASSEMBLÉS";"124";"16,42%";"30,92%";"";"9";"";"";"";"";"";"";"";"";"";"";"";""
"13";"Bouches-du-Rhône";"13055SR05";"Marseille Secteur 5";"1079";"946";"511";"54,02%";"435";"45,98%";"495";"52,33%";"96,87%";"7";"0,74%";"1,37%";"9";"0,95%";"1,76%";"1";"BEZ";"Eléonore";"F";"LRN";"EN ORDRE 9ème & 10ème";"MARSEILLE EN ORDRE 9ème & 10ème";"279";"29,49%";"56,36%";"";"36";"2";"CARADEC";"Laure-Agnès";"F";"LDVD";"MARSEILLE JE T'AIME 9-10";"MARSEILLE JE T'AIME 9-10 AVEC LAURE-AGNES CARADEC";"22";"2,33%";"4,44%";"";"2";"4";"HUGUET";"Pierre";"M";"LUG";"POUR MARSEILLE, 9E ET 10E";"POUR MARSEILLE, 9E ET 10E ARRONDISSEMENTS, LA GAUCHE, LES ÉCOLOGISTES ET LES CITOYENS RASSEMBLÉS";"194";"20,51%";"39,19%";"";"9";"";"";"";"";"";"";"";"";"";"";"";""
"13";"Bouches-du-Rhône";"13055SR05";"Marseille Secteur 5";"1080";"1258";"715";"56,84%";"543";"43,16%";"706";"56,12%";"98,74%";"4";"0,32%";"0,56%";"5";"0,40%";"0,70%";"1";"BEZ";"Eléonore";"F";"LRN";"EN ORDRE 9ème & 10ème";"MARSEILLE EN ORDRE 9ème & 10ème";"408";"32,43%";"57,79%";"";"36";"2";"CARADEC";"Laure-Agnès";"F";"LDVD";"MARSEILLE JE T'AIME 9-10";"MARSEILLE JE T'AIME 9-10 AVEC LAURE-AGNES CARADEC";"55";"4,37%";"7,79%";"";"2";"4";"HUGUET";"Pierre";"M";"LUG";"POUR MARSEILLE, 9E ET 10E";"POUR MARSEILLE, 9E ET 10E ARRONDISSEMENTS, LA GAUCHE, LES ÉCOLOGISTES ET LES CITOYENS RASSEMBLÉS";"243";"19,32%";"34,42%";"";"9";"";"";"";"";"";"";"";"";"";"";"";""
"13";"Bouches-du-Rhône";"13055SR06";"Marseille Secteur 6";"1101";"1302";"717";"55,07%";"585";"44,93%";"673";"51,69%";"93,86%";"12";"0,92%";"1,67%";"32";"2,46%";"4,46%";"1";"OHANESSIAN";"Yannick";"M";"LUG";"POUR MARSEILLE";"POUR MARSEILLE, 11e ET12e ARRONDISSEMENTS, la gauche,les ecologistes et les citoyens rassemblés";"321";"24,65%";"47,70%";"";"8";"2";"RIOULT";"Olivier";"M";"LRN";"Marseille en ordre";"MARSEILLE EN ORDRE 11ème & 12ème";"280";"21,51%";"41,60%";"";"32";"4";"SOUVESTRE";"Sylvain";"M";"LDVD";"MARSEILLE JE T'AIME";"MARSEILLE JE T'AIME 11-12 AVEC SYLVAIN SOUVESTRE";"72";"5,53%";"10,70%";"";"3";"";"";"";"";"";"";"";"";"";"";"";""
"13";"Bouches-du-Rhône";"13055SR06";"Marseille Secteur 6";"1102";"1081";"564";"52,17%";"517";"47,83%";"558";"51,62%";"98,94%";"1";"0,09%";"0,18%";"5";"0,46%";"0,89%";"1";"OHANESSIAN";"Yannick";"M";"LUG";"POUR MARSEILLE";"POUR MARSEILLE, 11e ET12e ARRONDISSEMENTS, la gauche,les ecologistes et les citoyens rassemblés";"205";"18,96%";"36,74%";"";"8";"2";"RIOULT";"Olivier";"M";"LRN";"Marseille en ordre";"MARSEILLE EN ORDRE 11ème & 12ème";"314";"29,05%";"56,27%";"";"32";"4";"SOUVESTRE";"Sylvain";"M";"LDVD";"MARSEILLE JE T'AIME";"MARSEILLE JE T'AIME 11-12 AVEC SYLVAIN SOUVESTRE";"39";"3,61%";"6,99%";"";"3";"";"";"";"";"";"";"";"";"";"";"";""
"13";"Bouches-du-Rhône";"13055SR06";"Marseille Secteur 6";"1103";"1151";"504";"43,79%";"647";"56,21%";"497";"43,18%";"98,61%";"2";"0,17%";"0,40%";"5";"0,43%";"0,99%";"1";"OHANESSIAN";"Yannick";"M";"LUG";"POUR MARSEILLE";"POUR MARSEILLE, 11e ET12e ARRONDISSEMENTS, la gauche,les ecologistes et les citoyens rassemblés";"392";"34,06%";"78,87%";"";"8";"2";"RIOULT";"Olivier";"M";"LRN";"Marseille en ordre";"MARSEILLE EN ORDRE 11ème & 12ème";"72";"6,26%";"14,49%";"";"32";"4";"SOUVESTRE";"Sylvain";"M";"LDVD";"MARSEILLE JE T'AIME";"MARSEILLE JE T'AIME 11-12 AVEC SYLVAIN SOUVESTRE";"33";"2,87%";"6,64%";"";"3";"";"";"";"";"";"";"";"";"";"";"";""
"13";"Bouches-du-Rhône";"13055SR06";"Marseille Secteur 6";"1150";"837";"397";"47,43%";"440";"52,57%";"394";"47,07%";"99,24%";"1";"0,12%";"0,25%";"2";"0,24%";"0,50%";"1";"OHANESSIAN";"Yannick";"M";"LUG";"POUR MARSEILLE";"POUR MARSEILLE, 11e ET12e ARRONDISSEMENTS, la gauche,les ecologistes et les citoyens rassemblés";"149";"17,80%";"37,82%";"";"8";"2";"RIOULT";"Olivier";"M";"LRN";"Marseille en ordre";"MARSEILLE EN ORDRE 11ème & 12ème";"219";"26,16%";"55,58%";"";"32";"4";"SOUVESTRE";"Sylvain";"M";"LDVD";"MARSEILLE JE T'AIME";"MARSEILLE JE T'AIME 11-12 AVEC SYLVAIN SOUVESTRE";"26";"3,11%";"6,60%";"";"3";"";"";"";"";"";"";"";"";"";"";"";""
"13";"Bouches-du-Rhône";"13055SR06";"Marseille Secteur 6";"1151";"747";"424";"56,76%";"323";"43,24%";"414";"55,42%";"97,64%";"5";"0,67%";"1,18%";"5";"0,67%";"1,18%";"1";"OHANESSIAN";"Yannick";"M";"LUG";"POUR MARSEILLE";"POUR MARSEILLE, 11e ET12e ARRONDISSEMENTS, la gauche,les ecologistes et les citoyens rassemblés";"125";"16,73%";"30,19%";"";"8";"2";"RIOULT";"Olivier";"M";"LRN";"Marseille en ordre";"MARSEILLE EN ORDRE 11ème & 12ème";"234";"31,33%";"56,52%";"";"32";"4";"SOUVESTRE";"Sylvain";"M";"LDVD";"MARSEILLE JE T'AIME";"MARSEILLE JE T'AIME 11-12 AVEC SYLVAIN SOUVESTRE";"55";"7,36%";"13,29%";"";"3";"";"";"";"";"";"";"";"";"";"";"";""
"13";"Bouches-du-Rhône";"13055SR06";"Marseille Secteur 6";"1152";"832";"374";"44,95%";"458";"55,05%";"370";"44,47%";"98,93%";"2";"0,24%";"0,53%";"2";"0,24%";"0,53%";"1";"OHANESSIAN";"Yannick";"M";"LUG";"POUR MARSEILLE";"POUR MARSEILLE, 11e ET12e ARRONDISSEMENTS, la gauche,les ecologistes et les citoyens rassemblés";"149";"17,91%";"40,27%";"";"8";"2";"RIOULT";"Olivier";"M";"LRN";"Marseille en ordre";"MARSEILLE EN ORDRE 11ème & 12ème";"189";"22,72%";"51,08%";"";"32";"4";"SOUVESTRE";"Sylvain";"M";"LDVD";"MARSEILLE JE T'AIME";"MARSEILLE JE T'AIME 11-12 AVEC SYLVAIN SOUVESTRE";"32";"3,85%";"8,65%";"";"3";"";"";"";"";"";"";"";"";"";"";"";""
"13";"Bouches-du-Rhône";"13055SR06";"Marseille Secteur 6";"1153";"1138";"496";"43,59%";"642";"56,41%";"489";"42,97%";"98,59%";"2";"0,18%";"0,40%";"5";"0,44%";"1,01%";"1";"OHANESSIAN";"Yannick";"M";"LUG";"POUR MARSEILLE";"POUR MARSEILLE, 11e ET12e ARRONDISSEMENTS, la gauche,les ecologistes et les citoyens rassemblés";"437";"38,40%";"89,37%";"";"8";"2";"RIOULT";"Olivier";"M";"LRN";"Marseille en ordre";"MARSEILLE EN ORDRE 11ème & 12ème";"36";"3,16%";"7,36%";"";"32";"4";"SOUVESTRE";"Sylvain";"M";"LDVD";"MARSEILLE JE T'AIME";"MARSEILLE JE T'AIME 11-12 AVEC SYLVAIN SOUVESTRE";"16";"1,41%";"3,27%";"";"3";"";"";"";"";"";"";"";"";"";"";"";""
"13";"Bouches-du-Rhône";"13055SR06";"Marseille Secteur 6";"1154";"874";"415";"47,48%";"459";"52,52%";"407";"46,57%";"98,07%";"5";"0,57%";"1,20%";"3";"0,34%";"0,72%";"1";"OHANESSIAN";"Yannick";"M";"LUG";"POUR MARSEILLE";"POUR MARSEILLE, 11e ET12e ARRONDISSEMENTS, la gauche,les ecologistes et les citoyens rassemblés";"207";"23,68%";"50,86%";"";"8";"2";"RIOULT";"Olivier";"M";"LRN";"Marseille en ordre";"MARSEILLE EN ORDRE 11ème & 12ème";"161";"18,42%";"39,56%";"";"32";"4";"SOUVESTRE";"Sylvain";"M";"LDVD";"MARSEILLE JE T'AIME";"MARSEILLE JE T'AIME 11-12 AVEC SYLVAIN SOUVESTRE";"39";"4,46%";"9,58%";"";"3";"";"";"";"";"";"";"";"";"";"";"";""
"13";"Bouches-du-Rhône";"13055SR06";"Marseille Secteur 6";"1155";"1059";"607";"57,32%";"452";"42,68%";"591";"55,81%";"97,36%";"9";"0,85%";"1,48%";"7";"0,66%";"1,15%";"1";"OHANESSIAN";"Yannick";"M";"LUG";"POUR MARSEILLE";"POUR MARSEILLE, 11e ET12e ARRONDISSEMENTS, la gauche,les ecologistes et les citoyens rassemblés";"201";"18,98%";"34,01%";"";"8";"2";"RIOULT";"Olivier";"M";"LRN";"Marseille en ordre";"MARSEILLE EN ORDRE 11ème & 12ème";"314";"29,65%";"53,13%";"";"32";"4";"SOUVESTRE";"Sylvain";"M";"LDVD";"MARSEILLE JE T'AIME";"MARSEILLE JE T'AIME 11-12 AVEC SYLVAIN SOUVESTRE";"76";"7,18%";"12,86%";"";"3";"";"";"";"";"";"";"";"";"";"";"";""
"13";"Bouches-du-Rhône";"13055SR06";"Marseille Secteur 6";"1156";"1465";"758";"51,74%";"707";"48,26%";"727";"49,62%";"95,91%";"6";"0,41%";"0,79%";"25";"1,71%";"3,30%";"1";"OHANESSIAN";"Yannick";"M";"LUG";"POUR MARSEILLE";"POUR MARSEILLE, 11e ET12e ARRONDISSEMENTS, la gauche,les ecologistes et les citoyens rassemblés";"263";"17,95%";"36,18%";"";"8";"2";"RIOULT";"Olivier";"M";"LRN";"Marseille en ordre";"MARSEILLE EN ORDRE 11ème & 12ème";"380";"25,94%";"52,27%";"";"32";"4";"SOUVESTRE";"Sylvain";"M";"LDVD";"MARSEILLE JE T'AIME";"MARSEILLE JE T'AIME 11-12 AVEC SYLVAIN SOUVESTRE";"84";"5,73%";"11,55%";"";"3";"";"";"";"";"";"";"";"";"";"";"";""
"13";"Bouches-du-Rhône";"13055SR06";"Marseille Secteur 6";"1157";"1162";"630";"54,22%";"532";"45,78%";"613";"52,75%";"97,30%";"5";"0,43%";"0,79%";"12";"1,03%";"1,90%";"1";"OHANESSIAN";"Yannick";"M";"LUG";"POUR MARSEILLE";"POUR MARSEILLE, 11e ET12e ARRONDISSEMENTS, la gauche,les ecologistes et les citoyens rassemblés";"224";"19,28%";"36,54%";"";"8";"2";"RIOULT";"Olivier";"M";"LRN";"Marseille en ordre";"MARSEILLE EN ORDRE 11ème & 12ème";"326";"28,06%";"53,18%";"";"32";"4";"SOUVESTRE";"Sylvain";"M";"LDVD";"MARSEILLE JE T'AIME";"MARSEILLE JE T'AIME 11-12 AVEC SYLVAIN SOUVESTRE";"63";"5,42%";"10,28%";"";"3";"";"";"";"";"";"";"";"";"";"";"";""
"13";"Bouches-du-Rhône";"13055SR06";"Marseille Secteur 6";"1158";"880";"462";"52,50%";"418";"47,50%";"453";"51,48%";"98,05%";"7";"0,80%";"1,52%";"2";"0,23%";"0,43%";"1";"OHANESSIAN";"Yannick";"M";"LUG";"POUR MARSEILLE";"POUR MARSEILLE, 11e ET12e ARRONDISSEMENTS, la gauche,les ecologistes et les citoyens rassemblés";"149";"16,93%";"32,89%";"";"8";"2";"RIOULT";"Olivier";"M";"LRN";"Marseille en ordre";"MARSEILLE EN ORDRE 11ème & 12ème";"247";"28,07%";"54,53%";"";"32";"4";"SOUVESTRE";"Sylvain";"M";"LDVD";"MARSEILLE JE T'AIME";"MARSEILLE JE T'AIME 11-12 AVEC SYLVAIN SOUVESTRE";"57";"6,48%";"12,58%";"";"3";"";"";"";"";"";"";"";"";"";"";"";""
"13";"Bouches-du-Rhône";"13055SR06";"Marseille Secteur 6";"1159";"1027";"523";"50,93%";"504";"49,07%";"511";"49,76%";"97,71%";"7";"0,68%";"1,34%";"5";"0,49%";"0,96%";"1";"OHANESSIAN";"Yannick";"M";"LUG";"POUR MARSEILLE";"POUR MARSEILLE, 11e ET12e ARRONDISSEMENTS, la gauche,les ecologistes et les citoyens rassemblés";"243";"23,66%";"47,55%";"";"8";"2";"RIOULT";"Olivier";"M";"LRN";"Marseille en ordre";"MARSEILLE EN ORDRE 11ème & 12ème";"209";"20,35%";"40,90%";"";"32";"4";"SOUVESTRE";"Sylvain";"M";"LDVD";"MARSEILLE JE T'AIME";"MARSEILLE JE T'AIME 11-12 AVEC SYLVAIN SOUVESTRE";"59";"5,74%";"11,55%";"";"3";"";"";"";"";"";"";"";"";"";"";"";""
"13";"Bouches-du-Rhône";"13055SR06";"Marseille Secteur 6";"1160";"1259";"663";"52,66%";"596";"47,34%";"647";"51,39%";"97,59%";"11";"0,87%";"1,66%";"5";"0,40%";"0,75%";"1";"OHANESSIAN";"Yannick";"M";"LUG";"POUR MARSEILLE";"POUR MARSEILLE, 11e ET12e ARRONDISSEMENTS, la gauche,les ecologistes et les citoyens rassemblés";"250";"19,86%";"38,64%";"";"8";"2";"RIOULT";"Olivier";"M";"LRN";"Marseille en ordre";"MARSEILLE EN ORDRE 11ème & 12ème";"316";"25,10%";"48,84%";"";"32";"4";"SOUVESTRE";"Sylvain";"M";"LDVD";"MARSEILLE JE T'AIME";"MARSEILLE JE T'AIME 11-12 AVEC SYLVAIN SOUVESTRE";"81";"6,43%";"12,52%";"";"3";"";"";"";"";"";"";"";"";"";"";"";""
"13";"Bouches-du-Rhône";"13055SR06";"Marseille Secteur 6";"1161";"1350";"677";"50,15%";"673";"49,85%";"666";"49,33%";"98,38%";"10";"0,74%";"1,48%";"1";"0,07%";"0,15%";"1";"OHANESSIAN";"Yannick";"M";"LUG";"POUR MARSEILLE";"POUR MARSEILLE, 11e ET12e ARRONDISSEMENTS, la gauche,les ecologistes et les citoyens rassemblés";"222";"16,44%";"33,33%";"";"8";"2";"RIOULT";"Olivier";"M";"LRN";"Marseille en ordre";"MARSEILLE EN ORDRE 11ème & 12ème";"363";"26,89%";"54,50%";"";"32";"4";"SOUVESTRE";"Sylvain";"M";"LDVD";"MARSEILLE JE T'AIME";"MARSEILLE JE T'AIME 11-12 AVEC SYLVAIN SOUVESTRE";"81";"6,00%";"12,16%";"";"3";"";"";"";"";"";"";"";"";"";"";"";""
"13";"Bouches-du-Rhône";"13055SR06";"Marseille Secteur 6";"1162";"722";"417";"57,76%";"305";"42,24%";"406";"56,23%";"97,36%";"4";"0,55%";"0,96%";"7";"0,97%";"1,68%";"1";"OHANESSIAN";"Yannick";"M";"LUG";"POUR MARSEILLE";"POUR MARSEILLE, 11e ET12e ARRONDISSEMENTS, la gauche,les ecologistes et les citoyens rassemblés";"119";"16,48%";"29,31%";"";"8";"2";"RIOULT";"Olivier";"M";"LRN";"Marseille en ordre";"MARSEILLE EN ORDRE 11ème & 12ème";"230";"31,86%";"56,65%";"";"32";"4";"SOUVESTRE";"Sylvain";"M";"LDVD";"MARSEILLE JE T'AIME";"MARSEILLE JE T'AIME 11-12 AVEC SYLVAIN SOUVESTRE";"57";"7,89%";"14,04%";"";"3";"";"";"";"";"";"";"";"";"";"";"";""
"13";"Bouches-du-Rhône";"13055SR06";"Marseille Secteur 6";"1163";"1445";"777";"53,77%";"668";"46,23%";"757";"52,39%";"97,43%";"6";"0,42%";"0,77%";"14";"0,97%";"1,80%";"1";"OHANESSIAN";"Yannick";"M";"LUG";"POUR MARSEILLE";"POUR MARSEILLE, 11e ET12e ARRONDISSEMENTS, la gauche,les ecologistes et les citoyens rassemblés";"316";"21,87%";"41,74%";"";"8";"2";"RIOULT";"Olivier";"M";"LRN";"Marseille en ordre";"MARSEILLE EN ORDRE 11ème & 12ème";"364";"25,19%";"48,08%";"";"32";"4";"SOUVESTRE";"Sylvain";"M";"LDVD";"MARSEILLE JE T'AIME";"MARSEILLE JE T'AIME 11-12 AVEC SYLVAIN SOUVESTRE";"77";"5,33%";"10,17%";"";"3";"";"";"";"";"";"";"";"";"";"";"";""
"13";"Bouches-du-Rhône";"13055SR06";"Marseille Secteur 6";"1164";"1216";"534";"43,91%";"682";"56,09%";"516";"42,43%";"96,63%";"8";"0,66%";"1,50%";"10";"0,82%";"1,87%";"1";"OHANESSIAN";"Yannick";"M";"LUG";"POUR MARSEILLE";"POUR MARSEILLE, 11e ET12e ARRONDISSEMENTS, la gauche,les ecologistes et les citoyens rassemblés";"312";"25,66%";"60,47%";"";"8";"2";"RIOULT";"Olivier";"M";"LRN";"Marseille en ordre";"MARSEILLE EN ORDRE 11ème & 12ème";"171";"14,06%";"33,14%";"";"32";"4";"SOUVESTRE";"Sylvain";"M";"LDVD";"MARSEILLE JE T'AIME";"MARSEILLE JE T'AIME 11-12 AVEC SYLVAIN SOUVESTRE";"33";"2,71%";"6,40%";"";"3";"";"";"";"";"";"";"";"";"";"";"";""
"13";"Bouches-du-Rhône";"13055SR06";"Marseille Secteur 6";"1165";"1485";"830";"55,89%";"655";"44,11%";"820";"55,22%";"98,80%";"6";"0,40%";"0,72%";"4";"0,27%";"0,48%";"1";"OHANESSIAN";"Yannick";"M";"LUG";"POUR MARSEILLE";"POUR MARSEILLE, 11e ET12e ARRONDISSEMENTS, la gauche,les ecologistes et les citoyens rassemblés";"276";"18,59%";"33,66%";"";"8";"2";"RIOULT";"Olivier";"M";"LRN";"Marseille en ordre";"MARSEILLE EN ORDRE 11ème & 12ème";"426";"28,69%";"51,95%";"";"32";"4";"SOUVESTRE";"Sylvain";"M";"LDVD";"MARSEILLE JE T'AIME";"MARSEILLE JE T'AIME 11-12 AVEC SYLVAIN SOUVESTRE";"118";"7,95%";"14,39%";"";"3";"";"";"";"";"";"";"";"";"";"";"";""
"13";"Bouches-du-Rhône";"13055SR06";"Marseille Secteur 6";"1166";"1058";"572";"54,06%";"486";"45,94%";"550";"51,98%";"96,15%";"7";"0,66%";"1,22%";"15";"1,42%";"2,62%";"1";"OHANESSIAN";"Yannick";"M";"LUG";"POUR MARSEILLE";"POUR MARSEILLE, 11e ET12e ARRONDISSEMENTS, la gauche,les ecologistes et les citoyens rassemblés";"187";"17,67%";"34,00%";"";"8";"2";"RIOULT";"Olivier";"M";"LRN";"Marseille en ordre";"MARSEILLE EN ORDRE 11ème & 12ème";"321";"30,34%";"58,36%";"";"32";"4";"SOUVESTRE";"Sylvain";"M";"LDVD";"MARSEILLE JE T'AIME";"MARSEILLE JE T'AIME 11-12 AVEC SYLVAIN SOUVESTRE";"42";"3,97%";"7,64%";"";"3";"";"";"";"";"";"";"";"";"";"";"";""
"13";"Bouches-du-Rhône";"13055SR06";"Marseille Secteur 6";"1167";"1174";"743";"63,29%";"431";"36,71%";"732";"62,35%";"98,52%";"5";"0,43%";"0,67%";"6";"0,51%";"0,81%";"1";"OHANESSIAN";"Yannick";"M";"LUG";"POUR MARSEILLE";"POUR MARSEILLE, 11e ET12e ARRONDISSEMENTS, la gauche,les ecologistes et les citoyens rassemblés";"183";"15,59%";"25,00%";"";"8";"2";"RIOULT";"Olivier";"M";"LRN";"Marseille en ordre";"MARSEILLE EN ORDRE 11ème & 12ème";"424";"36,12%";"57,92%";"";"32";"4";"SOUVESTRE";"Sylvain";"M";"LDVD";"MARSEILLE JE T'AIME";"MARSEILLE JE T'AIME 11-12 AVEC SYLVAIN SOUVESTRE";"125";"10,65%";"17,08%";"";"3";"";"";"";"";"";"";"";"";"";"";"";""
"13";"Bouches-du-Rhône";"13055SR06";"Marseille Secteur 6";"1168";"1440";"895";"62,15%";"545";"37,85%";"886";"61,53%";"98,99%";"5";"0,35%";"0,56%";"4";"0,28%";"0,45%";"1";"OHANESSIAN";"Yannick";"M";"LUG";"POUR MARSEILLE";"POUR MARSEILLE, 11e ET12e ARRONDISSEMENTS, la gauche,les ecologistes et les citoyens rassemblés";"196";"13,61%";"22,12%";"";"8";"2";"RIOULT";"Olivier";"M";"LRN";"Marseille en ordre";"MARSEILLE EN ORDRE 11ème & 12ème";"575";"39,93%";"64,90%";"";"32";"4";"SOUVESTRE";"Sylvain";"M";"LDVD";"MARSEILLE JE T'AIME";"MARSEILLE JE T'AIME 11-12 AVEC SYLVAIN SOUVESTRE";"115";"7,99%";"12,98%";"";"3";"";"";"";"";"";"";"";"";"";"";"";""
"13";"Bouches-du-Rhône";"13055SR06";"Marseille Secteur 6";"1169";"1129";"735";"65,10%";"394";"34,90%";"714";"63,24%";"97,14%";"7";"0,62%";"0,95%";"14";"1,24%";"1,90%";"1";"OHANESSIAN";"Yannick";"M";"LUG";"POUR MARSEILLE";"POUR MARSEILLE, 11e ET12e ARRONDISSEMENTS, la gauche,les ecologistes et les citoyens rassemblés";"196";"17,36%";"27,45%";"";"8";"2";"RIOULT";"Olivier";"M";"LRN";"Marseille en ordre";"MARSEILLE EN ORDRE 11ème & 12ème";"401";"35,52%";"56,16%";"";"32";"4";"SOUVESTRE";"Sylvain";"M";"LDVD";"MARSEILLE JE T'AIME";"MARSEILLE JE T'AIME 11-12 AVEC SYLVAIN SOUVESTRE";"117";"10,36%";"16,39%";"";"3";"";"";"";"";"";"";"";"";"";"";"";""
"13";"Bouches-du-Rhône";"13055SR06";"Marseille Secteur 6";"1170";"1530";"960";"62,75%";"570";"37,25%";"941";"61,50%";"98,02%";"11";"0,72%";"1,15%";"8";"0,52%";"0,83%";"1";"OHANESSIAN";"Yannick";"M";"LUG";"POUR MARSEILLE";"POUR MARSEILLE, 11e ET12e ARRONDISSEMENTS, la gauche,les ecologistes et les citoyens rassemblés";"250";"16,34%";"26,57%";"";"8";"2";"RIOULT";"Olivier";"M";"LRN";"Marseille en ordre";"MARSEILLE EN ORDRE 11ème & 12ème";"565";"36,93%";"60,04%";"";"32";"4";"SOUVESTRE";"Sylvain";"M";"LDVD";"MARSEILLE JE T'AIME";"MARSEILLE JE T'AIME 11-12 AVEC SYLVAIN SOUVESTRE";"126";"8,24%";"13,39%";"";"3";"";"";"";"";"";"";"";"";"";"";"";""
"13";"Bouches-du-Rhône";"13055SR06";"Marseille Secteur 6";"1171";"1412";"889";"62,96%";"523";"37,04%";"872";"61,76%";"98,09%";"7";"0,50%";"0,79%";"10";"0,71%";"1,12%";"1";"OHANESSIAN";"Yannick";"M";"LUG";"POUR MARSEILLE";"POUR MARSEILLE, 11e ET12e ARRONDISSEMENTS, la gauche,les ecologistes et les citoyens rassemblés";"270";"19,12%";"30,96%";"";"8";"2";"RIOULT";"Olivier";"M";"LRN";"Marseille en ordre";"MARSEILLE EN ORDRE 11ème & 12ème";"441";"31,23%";"50,57%";"";"32";"4";"SOUVESTRE";"Sylvain";"M";"LDVD";"MARSEILLE JE T'AIME";"MARSEILLE JE T'AIME 11-12 AVEC SYLVAIN SOUVESTRE";"161";"11,40%";"18,46%";"";"3";"";"";"";"";"";"";"";"";"";"";"";""
"13";"Bouches-du-Rhône";"13055SR06";"Marseille Secteur 6";"1172";"1527";"1030";"67,45%";"497";"32,55%";"1012";"66,27%";"98,25%";"11";"0,72%";"1,07%";"7";"0,46%";"0,68%";"1";"OHANESSIAN";"Yannick";"M";"LUG";"POUR MARSEILLE";"POUR MARSEILLE, 11e ET12e ARRONDISSEMENTS, la gauche,les ecologistes et les citoyens rassemblés";"292";"19,12%";"28,85%";"";"8";"2";"RIOULT";"Olivier";"M";"LRN";"Marseille en ordre";"MARSEILLE EN ORDRE 11ème & 12ème";"567";"37,13%";"56,03%";"";"32";"4";"SOUVESTRE";"Sylvain";"M";"LDVD";"MARSEILLE JE T'AIME";"MARSEILLE JE T'AIME 11-12 AVEC SYLVAIN SOUVESTRE";"153";"10,02%";"15,12%";"";"3";"";"";"";"";"";"";"";"";"";"";"";""
"13";"Bouches-du-Rhône";"13055SR06";"Marseille Secteur 6";"1173";"992";"649";"65,42%";"343";"34,58%";"639";"64,42%";"98,46%";"6";"0,60%";"0,92%";"4";"0,40%";"0,62%";"1";"OHANESSIAN";"Yannick";"M";"LUG";"POUR MARSEILLE";"POUR MARSEILLE, 11e ET12e ARRONDISSEMENTS, la gauche,les ecologistes et les citoyens rassemblés";"166";"16,73%";"25,98%";"";"8";"2";"RIOULT";"Olivier";"M";"LRN";"Marseille en ordre";"MARSEILLE EN ORDRE 11ème & 12ème";"382";"38,51%";"59,78%";"";"32";"4";"SOUVESTRE";"Sylvain";"M";"LDVD";"MARSEILLE JE T'AIME";"MARSEILLE JE T'AIME 11-12 AVEC SYLVAIN SOUVESTRE";"91";"9,17%";"14,24%";"";"3";"";"";"";"";"";"";"";"";"";"";"";""
"13";"Bouches-du-Rhône";"13055SR06";"Marseille Secteur 6";"1174";"1075";"653";"60,74%";"422";"39,26%";"647";"60,19%";"99,08%";"5";"0,47%";"0,77%";"1";"0,09%";"0,15%";"1";"OHANESSIAN";"Yannick";"M";"LUG";"POUR MARSEILLE";"POUR MARSEILLE, 11e ET12e ARRONDISSEMENTS, la gauche,les ecologistes et les citoyens rassemblés";"194";"18,05%";"29,98%";"";"8";"2";"RIOULT";"Olivier";"M";"LRN";"Marseille en ordre";"MARSEILLE EN ORDRE 11ème & 12ème";"347";"32,28%";"53,63%";"";"32";"4";"SOUVESTRE";"Sylvain";"M";"LDVD";"MARSEILLE JE T'AIME";"MARSEILLE JE T'AIME 11-12 AVEC SYLVAIN SOUVESTRE";"106";"9,86%";"16,38%";"";"3";"";"";"";"";"";"";"";"";"";"";"";""
"13";"Bouches-du-Rhône";"13055SR06";"Marseille Secteur 6";"1175";"1115";"646";"57,94%";"469";"42,06%";"639";"57,31%";"98,92%";"3";"0,27%";"0,46%";"4";"0,36%";"0,62%";"1";"OHANESSIAN";"Yannick";"M";"LUG";"POUR MARSEILLE";"POUR MARSEILLE, 11e ET12e ARRONDISSEMENTS, la gauche,les ecologistes et les citoyens rassemblés";"223";"20,00%";"34,90%";"";"8";"2";"RIOULT";"Olivier";"M";"LRN";"Marseille en ordre";"MARSEILLE EN ORDRE 11ème & 12ème";"321";"28,79%";"50,23%";"";"32";"4";"SOUVESTRE";"Sylvain";"M";"LDVD";"MARSEILLE JE T'AIME";"MARSEILLE JE T'AIME 11-12 AVEC SYLVAIN SOUVESTRE";"95";"8,52%";"14,87%";"";"3";"";"";"";"";"";"";"";"";"";"";"";""
"13";"Bouches-du-Rhône";"13055SR06";"Marseille Secteur 6";"1176";"1175";"557";"47,40%";"618";"52,60%";"539";"45,87%";"96,77%";"3";"0,26%";"0,54%";"15";"1,28%";"2,69%";"1";"OHANESSIAN";"Yannick";"M";"LUG";"POUR MARSEILLE";"POUR MARSEILLE, 11e ET12e ARRONDISSEMENTS, la gauche,les ecologistes et les citoyens rassemblés";"239";"20,34%";"44,34%";"";"8";"2";"RIOULT";"Olivier";"M";"LRN";"Marseille en ordre";"MARSEILLE EN ORDRE 11ème & 12ème";"258";"21,96%";"47,87%";"";"32";"4";"SOUVESTRE";"Sylvain";"M";"LDVD";"MARSEILLE JE T'AIME";"MARSEILLE JE T'AIME 11-12 AVEC SYLVAIN SOUVESTRE";"42";"3,57%";"7,79%";"";"3";"";"";"";"";"";"";"";"";"";"";"";""
"13";"Bouches-du-Rhône";"13055SR06";"Marseille Secteur 6";"1177";"1709";"1062";"62,14%";"647";"37,86%";"1040";"60,85%";"97,93%";"16";"0,94%";"1,51%";"6";"0,35%";"0,56%";"1";"OHANESSIAN";"Yannick";"M";"LUG";"POUR MARSEILLE";"POUR MARSEILLE, 11e ET12e ARRONDISSEMENTS, la gauche,les ecologistes et les citoyens rassemblés";"267";"15,62%";"25,67%";"";"8";"2";"RIOULT";"Olivier";"M";"LRN";"Marseille en ordre";"MARSEILLE EN ORDRE 11ème & 12ème";"636";"37,21%";"61,15%";"";"32";"4";"SOUVESTRE";"Sylvain";"M";"LDVD";"MARSEILLE JE T'AIME";"MARSEILLE JE T'AIME 11-12 AVEC SYLVAIN SOUVESTRE";"137";"8,02%";"13,17%";"";"3";"";"";"";"";"";"";"";"";"";"";"";""
"13";"Bouches-du-Rhône";"13055SR06";"Marseille Secteur 6";"1178";"1037";"532";"51,30%";"505";"48,70%";"522";"50,34%";"98,12%";"5";"0,48%";"0,94%";"5";"0,48%";"0,94%";"1";"OHANESSIAN";"Yannick";"M";"LUG";"POUR MARSEILLE";"POUR MARSEILLE, 11e ET12e ARRONDISSEMENTS, la gauche,les ecologistes et les citoyens rassemblés";"177";"17,07%";"33,91%";"";"8";"2";"RIOULT";"Olivier";"M";"LRN";"Marseille en ordre";"MARSEILLE EN ORDRE 11ème & 12ème";"282";"27,19%";"54,02%";"";"32";"4";"SOUVESTRE";"Sylvain";"M";"LDVD";"MARSEILLE JE T'AIME";"MARSEILLE JE T'AIME 11-12 AVEC SYLVAIN SOUVESTRE";"63";"6,08%";"12,07%";"";"3";"";"";"";"";"";"";"";"";"";"";"";""
"13";"Bouches-du-Rhône";"13055SR06";"Marseille Secteur 6";"1179";"1210";"543";"44,88%";"667";"55,12%";"521";"43,06%";"95,95%";"3";"0,25%";"0,55%";"19";"1,57%";"3,50%";"1";"OHANESSIAN";"Yannick";"M";"LUG";"POUR MARSEILLE";"POUR MARSEILLE, 11e ET12e ARRONDISSEMENTS, la gauche,les ecologistes et les citoyens rassemblés";"475";"39,26%";"91,17%";"";"8";"2";"RIOULT";"Olivier";"M";"LRN";"Marseille en ordre";"MARSEILLE EN ORDRE 11ème & 12ème";"35";"2,89%";"6,72%";"";"32";"4";"SOUVESTRE";"Sylvain";"M";"LDVD";"MARSEILLE JE T'AIME";"MARSEILLE JE T'AIME 11-12 AVEC SYLVAIN SOUVESTRE";"11";"0,91%";"2,11%";"";"3";"";"";"";"";"";"";"";"";"";"";"";""
"13";"Bouches-du-Rhône";"13055SR06";"Marseille Secteur 6";"1180";"1295";"858";"66,25%";"437";"33,75%";"850";"65,64%";"99,07%";"6";"0,46%";"0,70%";"2";"0,15%";"0,23%";"1";"OHANESSIAN";"Yannick";"M";"LUG";"POUR MARSEILLE";"POUR MARSEILLE, 11e ET12e ARRONDISSEMENTS, la gauche,les ecologistes et les citoyens rassemblés";"185";"14,29%";"21,76%";"";"8";"2";"RIOULT";"Olivier";"M";"LRN";"Marseille en ordre";"MARSEILLE EN ORDRE 11ème & 12ème";"498";"38,46%";"58,59%";"";"32";"4";"SOUVESTRE";"Sylvain";"M";"LDVD";"MARSEILLE JE T'AIME";"MARSEILLE JE T'AIME 11-12 AVEC SYLVAIN SOUVESTRE";"167";"12,90%";"19,65%";"";"3";"";"";"";"";"";"";"";"";"";"";"";""
"13";"Bouches-du-Rhône";"13055SR06";"Marseille Secteur 6";"1184";"677";"370";"54,65%";"307";"45,35%";"360";"53,18%";"97,30%";"5";"0,74%";"1,35%";"5";"0,74%";"1,35%";"1";"OHANESSIAN";"Yannick";"M";"LUG";"POUR MARSEILLE";"POUR MARSEILLE, 11e ET12e ARRONDISSEMENTS, la gauche,les ecologistes et les citoyens rassemblés";"87";"12,85%";"24,17%";"";"8";"2";"RIOULT";"Olivier";"M";"LRN";"Marseille en ordre";"MARSEILLE EN ORDRE 11ème & 12ème";"237";"35,01%";"65,83%";"";"32";"4";"SOUVESTRE";"Sylvain";"M";"LDVD";"MARSEILLE JE T'AIME";"MARSEILLE JE T'AIME 11-12 AVEC SYLVAIN SOUVESTRE";"36";"5,32%";"10,00%";"";"3";"";"";"";"";"";"";"";"";"";"";"";""
"13";"Bouches-du-Rhône";"13055SR06";"Marseille Secteur 6";"1201";"619";"342";"55,25%";"277";"44,75%";"341";"55,09%";"99,71%";"1";"0,16%";"0,29%";"0";"0,00%";"0,00%";"1";"OHANESSIAN";"Yannick";"M";"LUG";"POUR MARSEILLE";"POUR MARSEILLE, 11e ET12e ARRONDISSEMENTS, la gauche,les ecologistes et les citoyens rassemblés";"144";"23,26%";"42,23%";"";"8";"2";"RIOULT";"Olivier";"M";"LRN";"Marseille en ordre";"MARSEILLE EN ORDRE 11ème & 12ème";"156";"25,20%";"45,75%";"";"32";"4";"SOUVESTRE";"Sylvain";"M";"LDVD";"MARSEILLE JE T'AIME";"MARSEILLE JE T'AIME 11-12 AVEC SYLVAIN SOUVESTRE";"41";"6,62%";"12,02%";"";"3";"";"";"";"";"";"";"";"";"";"";"";""
"13";"Bouches-du-Rhône";"13055SR06";"Marseille Secteur 6";"1202";"1129";"720";"63,77%";"409";"36,23%";"710";"62,89%";"98,61%";"3";"0,27%";"0,42%";"7";"0,62%";"0,97%";"1";"OHANESSIAN";"Yannick";"M";"LUG";"POUR MARSEILLE";"POUR MARSEILLE, 11e ET12e ARRONDISSEMENTS, la gauche,les ecologistes et les citoyens rassemblés";"307";"27,19%";"43,24%";"";"8";"2";"RIOULT";"Olivier";"M";"LRN";"Marseille en ordre";"MARSEILLE EN ORDRE 11ème & 12ème";"296";"26,22%";"41,69%";"";"32";"4";"SOUVESTRE";"Sylvain";"M";"LDVD";"MARSEILLE JE T'AIME";"MARSEILLE JE T'AIME 11-12 AVEC SYLVAIN SOUVESTRE";"107";"9,48%";"15,07%";"";"3";"";"";"";"";"";"";"";"";"";"";"";""
"13";"Bouches-du-Rhône";"13055SR06";"Marseille Secteur 6";"1203";"1600";"942";"58,88%";"658";"41,13%";"912";"57,00%";"96,82%";"14";"0,88%";"1,49%";"16";"1,00%";"1,70%";"1";"OHANESSIAN";"Yannick";"M";"LUG";"POUR MARSEILLE";"POUR MARSEILLE, 11e ET12e ARRONDISSEMENTS, la gauche,les ecologistes et les citoyens rassemblés";"381";"23,81%";"41,78%";"";"8";"2";"RIOULT";"Olivier";"M";"LRN";"Marseille en ordre";"MARSEILLE EN ORDRE 11ème & 12ème";"375";"23,44%";"41,12%";"";"32";"4";"SOUVESTRE";"Sylvain";"M";"LDVD";"MARSEILLE JE T'AIME";"MARSEILLE JE T'AIME 11-12 AVEC SYLVAIN SOUVESTRE";"156";"9,75%";"17,11%";"";"3";"";"";"";"";"";"";"";"";"";"";"";""
"13";"Bouches-du-Rhône";"13055SR06";"Marseille Secteur 6";"1204";"995";"660";"66,33%";"335";"33,67%";"655";"65,83%";"99,24%";"3";"0,30%";"0,45%";"2";"0,20%";"0,30%";"1";"OHANESSIAN";"Yannick";"M";"LUG";"POUR MARSEILLE";"POUR MARSEILLE, 11e ET12e ARRONDISSEMENTS, la gauche,les ecologistes et les citoyens rassemblés";"238";"23,92%";"36,34%";"";"8";"2";"RIOULT";"Olivier";"M";"LRN";"Marseille en ordre";"MARSEILLE EN ORDRE 11ème & 12ème";"269";"27,04%";"41,07%";"";"32";"4";"SOUVESTRE";"Sylvain";"M";"LDVD";"MARSEILLE JE T'AIME";"MARSEILLE JE T'AIME 11-12 AVEC SYLVAIN SOUVESTRE";"148";"14,87%";"22,60%";"";"3";"";"";"";"";"";"";"";"";"";"";"";""
"13";"Bouches-du-Rhône";"13055SR06";"Marseille Secteur 6";"1205";"1336";"748";"55,99%";"588";"44,01%";"744";"55,69%";"99,47%";"1";"0,07%";"0,13%";"3";"0,22%";"0,40%";"1";"OHANESSIAN";"Yannick";"M";"LUG";"POUR MARSEILLE";"POUR MARSEILLE, 11e ET12e ARRONDISSEMENTS, la gauche,les ecologistes et les citoyens rassemblés";"310";"23,20%";"41,67%";"";"8";"2";"RIOULT";"Olivier";"M";"LRN";"Marseille en ordre";"MARSEILLE EN ORDRE 11ème & 12ème";"341";"25,52%";"45,83%";"";"32";"4";"SOUVESTRE";"Sylvain";"M";"LDVD";"MARSEILLE JE T'AIME";"MARSEILLE JE T'AIME 11-12 AVEC SYLVAIN SOUVESTRE";"93";"6,96%";"12,50%";"";"3";"";"";"";"";"";"";"";"";"";"";"";""
"13";"Bouches-du-Rhône";"13055SR06";"Marseille Secteur 6";"1206";"967";"695";"71,87%";"272";"28,13%";"681";"70,42%";"97,99%";"10";"1,03%";"1,44%";"4";"0,41%";"0,58%";"1";"OHANESSIAN";"Yannick";"M";"LUG";"POUR MARSEILLE";"POUR MARSEILLE, 11e ET12e ARRONDISSEMENTS, la gauche,les ecologistes et les citoyens rassemblés";"271";"28,02%";"39,79%";"";"8";"2";"RIOULT";"Olivier";"M";"LRN";"Marseille en ordre";"MARSEILLE EN ORDRE 11ème & 12ème";"282";"29,16%";"41,41%";"";"32";"4";"SOUVESTRE";"Sylvain";"M";"LDVD";"MARSEILLE JE T'AIME";"MARSEILLE JE T'AIME 11-12 AVEC SYLVAIN SOUVESTRE";"128";"13,24%";"18,80%";"";"3";"";"";"";"";"";"";"";"";"";"";"";""
"13";"Bouches-du-Rhône";"13055SR06";"Marseille Secteur 6";"1207";"611";"380";"62,19%";"231";"37,81%";"375";"61,37%";"98,68%";"4";"0,65%";"1,05%";"1";"0,16%";"0,26%";"1";"OHANESSIAN";"Yannick";"M";"LUG";"POUR MARSEILLE";"POUR MARSEILLE, 11e ET12e ARRONDISSEMENTS, la gauche,les ecologistes et les citoyens rassemblés";"142";"23,24%";"37,87%";"";"8";"2";"RIOULT";"Olivier";"M";"LRN";"Marseille en ordre";"MARSEILLE EN ORDRE 11ème & 12ème";"178";"29,13%";"47,47%";"";"32";"4";"SOUVESTRE";"Sylvain";"M";"LDVD";"MARSEILLE JE T'AIME";"MARSEILLE JE T'AIME 11-12 AVEC SYLVAIN SOUVESTRE";"55";"9,00%";"14,67%";"";"3";"";"";"";"";"";"";"";"";"";"";"";""
"13";"Bouches-du-Rhône";"13055SR06";"Marseille Secteur 6";"1208";"1453";"976";"67,17%";"477";"32,83%";"962";"66,21%";"98,57%";"8";"0,55%";"0,82%";"6";"0,41%";"0,61%";"1";"OHANESSIAN";"Yannick";"M";"LUG";"POUR MARSEILLE";"POUR MARSEILLE, 11e ET12e ARRONDISSEMENTS, la gauche,les ecologistes et les citoyens rassemblés";"353";"24,29%";"36,69%";"";"8";"2";"RIOULT";"Olivier";"M";"LRN";"Marseille en ordre";"MARSEILLE EN ORDRE 11ème & 12ème";"452";"31,11%";"46,99%";"";"32";"4";"SOUVESTRE";"Sylvain";"M";"LDVD";"MARSEILLE JE T'AIME";"MARSEILLE JE T'AIME 11-12 AVEC SYLVAIN SOUVESTRE";"157";"10,81%";"16,32%";"";"3";"";"";"";"";"";"";"";"";"";"";"";""
"13";"Bouches-du-Rhône";"13055SR06";"Marseille Secteur 6";"1209";"1202";"753";"62,65%";"449";"37,35%";"740";"61,56%";"98,27%";"7";"0,58%";"0,93%";"6";"0,50%";"0,80%";"1";"OHANESSIAN";"Yannick";"M";"LUG";"POUR MARSEILLE";"POUR MARSEILLE, 11e ET12e ARRONDISSEMENTS, la gauche,les ecologistes et les citoyens rassemblés";"300";"24,96%";"40,54%";"";"8";"2";"RIOULT";"Olivier";"M";"LRN";"Marseille en ordre";"MARSEILLE EN ORDRE 11ème & 12ème";"338";"28,12%";"45,68%";"";"32";"4";"SOUVESTRE";"Sylvain";"M";"LDVD";"MARSEILLE JE T'AIME";"MARSEILLE JE T'AIME 11-12 AVEC SYLVAIN SOUVESTRE";"102";"8,49%";"13,78%";"";"3";"";"";"";"";"";"";"";"";"";"";"";""
"13";"Bouches-du-Rhône";"13055SR06";"Marseille Secteur 6";"1210";"638";"420";"65,83%";"218";"34,17%";"414";"64,89%";"98,57%";"6";"0,94%";"1,43%";"0";"0,00%";"0,00%";"1";"OHANESSIAN";"Yannick";"M";"LUG";"POUR MARSEILLE";"POUR MARSEILLE, 11e ET12e ARRONDISSEMENTS, la gauche,les ecologistes et les citoyens rassemblés";"160";"25,08%";"38,65%";"";"8";"2";"RIOULT";"Olivier";"M";"LRN";"Marseille en ordre";"MARSEILLE EN ORDRE 11ème & 12ème";"193";"30,25%";"46,62%";"";"32";"4";"SOUVESTRE";"Sylvain";"M";"LDVD";"MARSEILLE JE T'AIME";"MARSEILLE JE T'AIME 11-12 AVEC SYLVAIN SOUVESTRE";"61";"9,56%";"14,73%";"";"3";"";"";"";"";"";"";"";"";"";"";"";""
"13";"Bouches-du-Rhône";"13055SR06";"Marseille Secteur 6";"1211";"1255";"850";"67,73%";"405";"32,27%";"833";"66,37%";"98,00%";"13";"1,04%";"1,53%";"4";"0,32%";"0,47%";"1";"OHANESSIAN";"Yannick";"M";"LUG";"POUR MARSEILLE";"POUR MARSEILLE, 11e ET12e ARRONDISSEMENTS, la gauche,les ecologistes et les citoyens rassemblés";"256";"20,40%";"30,73%";"";"8";"2";"RIOULT";"Olivier";"M";"LRN";"Marseille en ordre";"MARSEILLE EN ORDRE 11ème & 12ème";"431";"34,34%";"51,74%";"";"32";"4";"SOUVESTRE";"Sylvain";"M";"LDVD";"MARSEILLE JE T'AIME";"MARSEILLE JE T'AIME 11-12 AVEC SYLVAIN SOUVESTRE";"146";"11,63%";"17,53%";"";"3";"";"";"";"";"";"";"";"";"";"";"";""
"13";"Bouches-du-Rhône";"13055SR06";"Marseille Secteur 6";"1212";"1183";"741";"62,64%";"442";"37,36%";"735";"62,13%";"99,19%";"5";"0,42%";"0,67%";"1";"0,08%";"0,13%";"1";"OHANESSIAN";"Yannick";"M";"LUG";"POUR MARSEILLE";"POUR MARSEILLE, 11e ET12e ARRONDISSEMENTS, la gauche,les ecologistes et les citoyens rassemblés";"285";"24,09%";"38,78%";"";"8";"2";"RIOULT";"Olivier";"M";"LRN";"Marseille en ordre";"MARSEILLE EN ORDRE 11ème & 12ème";"319";"26,97%";"43,40%";"";"32";"4";"SOUVESTRE";"Sylvain";"M";"LDVD";"MARSEILLE JE T'AIME";"MARSEILLE JE T'AIME 11-12 AVEC SYLVAIN SOUVESTRE";"131";"11,07%";"17,82%";"";"3";"";"";"";"";"";"";"";"";"";"";"";""
"13";"Bouches-du-Rhône";"13055SR06";"Marseille Secteur 6";"1213";"686";"451";"65,74%";"235";"34,26%";"445";"64,87%";"98,67%";"2";"0,29%";"0,44%";"4";"0,58%";"0,89%";"1";"OHANESSIAN";"Yannick";"M";"LUG";"POUR MARSEILLE";"POUR MARSEILLE, 11e ET12e ARRONDISSEMENTS, la gauche,les ecologistes et les citoyens rassemblés";"190";"27,70%";"42,70%";"";"8";"2";"RIOULT";"Olivier";"M";"LRN";"Marseille en ordre";"MARSEILLE EN ORDRE 11ème & 12ème";"179";"26,09%";"40,22%";"";"32";"4";"SOUVESTRE";"Sylvain";"M";"LDVD";"MARSEILLE JE T'AIME";"MARSEILLE JE T'AIME 11-12 AVEC SYLVAIN SOUVESTRE";"76";"11,08%";"17,08%";"";"3";"";"";"";"";"";"";"";"";"";"";"";""
"13";"Bouches-du-Rhône";"13055SR06";"Marseille Secteur 6";"1214";"899";"598";"66,52%";"301";"33,48%";"591";"65,74%";"98,83%";"3";"0,33%";"0,50%";"4";"0,44%";"0,67%";"1";"OHANESSIAN";"Yannick";"M";"LUG";"POUR MARSEILLE";"POUR MARSEILLE, 11e ET12e ARRONDISSEMENTS, la gauche,les ecologistes et les citoyens rassemblés";"253";"28,14%";"42,81%";"";"8";"2";"RIOULT";"Olivier";"M";"LRN";"Marseille en ordre";"MARSEILLE EN ORDRE 11ème & 12ème";"227";"25,25%";"38,41%";"";"32";"4";"SOUVESTRE";"Sylvain";"M";"LDVD";"MARSEILLE JE T'AIME";"MARSEILLE JE T'AIME 11-12 AVEC SYLVAIN SOUVESTRE";"111";"12,35%";"18,78%";"";"3";"";"";"";"";"";"";"";"";"";"";"";""
"13";"Bouches-du-Rhône";"13055SR06";"Marseille Secteur 6";"1221";"1211";"683";"56,40%";"528";"43,60%";"668";"55,16%";"97,80%";"4";"0,33%";"0,59%";"11";"0,91%";"1,61%";"1";"OHANESSIAN";"Yannick";"M";"LUG";"POUR MARSEILLE";"POUR MARSEILLE, 11e ET12e ARRONDISSEMENTS, la gauche,les ecologistes et les citoyens rassemblés";"260";"21,47%";"38,92%";"";"8";"2";"RIOULT";"Olivier";"M";"LRN";"Marseille en ordre";"MARSEILLE EN ORDRE 11ème & 12ème";"320";"26,42%";"47,90%";"";"32";"4";"SOUVESTRE";"Sylvain";"M";"LDVD";"MARSEILLE JE T'AIME";"MARSEILLE JE T'AIME 11-12 AVEC SYLVAIN SOUVESTRE";"88";"7,27%";"13,17%";"";"3";"";"";"";"";"";"";"";"";"";"";"";""
"13";"Bouches-du-Rhône";"13055SR06";"Marseille Secteur 6";"1241";"1195";"757";"63,35%";"438";"36,65%";"749";"62,68%";"98,94%";"4";"0,33%";"0,53%";"4";"0,33%";"0,53%";"1";"OHANESSIAN";"Yannick";"M";"LUG";"POUR MARSEILLE";"POUR MARSEILLE, 11e ET12e ARRONDISSEMENTS, la gauche,les ecologistes et les citoyens rassemblés";"260";"21,76%";"34,71%";"";"8";"2";"RIOULT";"Olivier";"M";"LRN";"Marseille en ordre";"MARSEILLE EN ORDRE 11ème & 12ème";"361";"30,21%";"48,20%";"";"32";"4";"SOUVESTRE";"Sylvain";"M";"LDVD";"MARSEILLE JE T'AIME";"MARSEILLE JE T'AIME 11-12 AVEC SYLVAIN SOUVESTRE";"128";"10,71%";"17,09%";"";"3";"";"";"";"";"";"";"";"";"";"";"";""
"13";"Bouches-du-Rhône";"13055SR06";"Marseille Secteur 6";"1242";"1378";"937";"68,00%";"441";"32,00%";"930";"67,49%";"99,25%";"5";"0,36%";"0,53%";"2";"0,15%";"0,21%";"1";"OHANESSIAN";"Yannick";"M";"LUG";"POUR MARSEILLE";"POUR MARSEILLE, 11e ET12e ARRONDISSEMENTS, la gauche,les ecologistes et les citoyens rassemblés";"278";"20,17%";"29,89%";"";"8";"2";"RIOULT";"Olivier";"M";"LRN";"Marseille en ordre";"MARSEILLE EN ORDRE 11ème & 12ème";"464";"33,67%";"49,89%";"";"32";"4";"SOUVESTRE";"Sylvain";"M";"LDVD";"MARSEILLE JE T'AIME";"MARSEILLE JE T'AIME 11-12 AVEC SYLVAIN SOUVESTRE";"188";"13,64%";"20,22%";"";"3";"";"";"";"";"";"";"";"";"";"";"";""
"13";"Bouches-du-Rhône";"13055SR06";"Marseille Secteur 6";"1243";"1286";"860";"66,87%";"426";"33,13%";"851";"66,17%";"98,95%";"7";"0,54%";"0,81%";"2";"0,16%";"0,23%";"1";"OHANESSIAN";"Yannick";"M";"LUG";"POUR MARSEILLE";"POUR MARSEILLE, 11e ET12e ARRONDISSEMENTS, la gauche,les ecologistes et les citoyens rassemblés";"259";"20,14%";"30,43%";"";"8";"2";"RIOULT";"Olivier";"M";"LRN";"Marseille en ordre";"MARSEILLE EN ORDRE 11ème & 12ème";"443";"34,45%";"52,06%";"";"32";"4";"SOUVESTRE";"Sylvain";"M";"LDVD";"MARSEILLE JE T'AIME";"MARSEILLE JE T'AIME 11-12 AVEC SYLVAIN SOUVESTRE";"149";"11,59%";"17,51%";"";"3";"";"";"";"";"";"";"";"";"";"";"";""
"13";"Bouches-du-Rhône";"13055SR06";"Marseille Secteur 6";"1244";"946";"486";"51,37%";"460";"48,63%";"477";"50,42%";"98,15%";"6";"0,63%";"1,23%";"3";"0,32%";"0,62%";"1";"OHANESSIAN";"Yannick";"M";"LUG";"POUR MARSEILLE";"POUR MARSEILLE, 11e ET12e ARRONDISSEMENTS, la gauche,les ecologistes et les citoyens rassemblés";"161";"17,02%";"33,75%";"";"8";"2";"RIOULT";"Olivier";"M";"LRN";"Marseille en ordre";"MARSEILLE EN ORDRE 11ème & 12ème";"260";"27,48%";"54,51%";"";"32";"4";"SOUVESTRE";"Sylvain";"M";"LDVD";"MARSEILLE JE T'AIME";"MARSEILLE JE T'AIME 11-12 AVEC SYLVAIN SOUVESTRE";"56";"5,92%";"11,74%";"";"3";"";"";"";"";"";"";"";"";"";"";"";""
"13";"Bouches-du-Rhône";"13055SR06";"Marseille Secteur 6";"1245";"956";"519";"54,29%";"437";"45,71%";"514";"53,77%";"99,04%";"3";"0,31%";"0,58%";"2";"0,21%";"0,39%";"1";"OHANESSIAN";"Yannick";"M";"LUG";"POUR MARSEILLE";"POUR MARSEILLE, 11e ET12e ARRONDISSEMENTS, la gauche,les ecologistes et les citoyens rassemblés";"162";"16,95%";"31,52%";"";"8";"2";"RIOULT";"Olivier";"M";"LRN";"Marseille en ordre";"MARSEILLE EN ORDRE 11ème & 12ème";"309";"32,32%";"60,12%";"";"32";"4";"SOUVESTRE";"Sylvain";"M";"LDVD";"MARSEILLE JE T'AIME";"MARSEILLE JE T'AIME 11-12 AVEC SYLVAIN SOUVESTRE";"43";"4,50%";"8,37%";"";"3";"";"";"";"";"";"";"";"";"";"";"";""
"13";"Bouches-du-Rhône";"13055SR06";"Marseille Secteur 6";"1261";"1383";"921";"66,59%";"462";"33,41%";"907";"65,58%";"98,48%";"4";"0,29%";"0,43%";"10";"0,72%";"1,09%";"1";"OHANESSIAN";"Yannick";"M";"LUG";"POUR MARSEILLE";"POUR MARSEILLE, 11e ET12e ARRONDISSEMENTS, la gauche,les ecologistes et les citoyens rassemblés";"313";"22,63%";"34,51%";"";"8";"2";"RIOULT";"Olivier";"M";"LRN";"Marseille en ordre";"MARSEILLE EN ORDRE 11ème & 12ème";"453";"32,75%";"49,94%";"";"32";"4";"SOUVESTRE";"Sylvain";"M";"LDVD";"MARSEILLE JE T'AIME";"MARSEILLE JE T'AIME 11-12 AVEC SYLVAIN SOUVESTRE";"141";"10,20%";"15,55%";"";"3";"";"";"";"";"";"";"";"";"";"";"";""
"13";"Bouches-du-Rhône";"13055SR06";"Marseille Secteur 6";"1262";"1282";"815";"63,57%";"467";"36,43%";"793";"61,86%";"97,30%";"6";"0,47%";"0,74%";"16";"1,25%";"1,96%";"1";"OHANESSIAN";"Yannick";"M";"LUG";"POUR MARSEILLE";"POUR MARSEILLE, 11e ET12e ARRONDISSEMENTS, la gauche,les ecologistes et les citoyens rassemblés";"350";"27,30%";"44,14%";"";"8";"2";"RIOULT";"Olivier";"M";"LRN";"Marseille en ordre";"MARSEILLE EN ORDRE 11ème & 12ème";"273";"21,29%";"34,43%";"";"32";"4";"SOUVESTRE";"Sylvain";"M";"LDVD";"MARSEILLE JE T'AIME";"MARSEILLE JE T'AIME 11-12 AVEC SYLVAIN SOUVESTRE";"170";"13,26%";"21,44%";"";"3";"";"";"";"";"";"";"";"";"";"";"";""
"13";"Bouches-du-Rhône";"13055SR06";"Marseille Secteur 6";"1263";"1042";"641";"61,52%";"401";"38,48%";"629";"60,36%";"98,13%";"6";"0,58%";"0,94%";"6";"0,58%";"0,94%";"1";"OHANESSIAN";"Yannick";"M";"LUG";"POUR MARSEILLE";"POUR MARSEILLE, 11e ET12e ARRONDISSEMENTS, la gauche,les ecologistes et les citoyens rassemblés";"196";"18,81%";"31,16%";"";"8";"2";"RIOULT";"Olivier";"M";"LRN";"Marseille en ordre";"MARSEILLE EN ORDRE 11ème & 12ème";"353";"33,88%";"56,12%";"";"32";"4";"SOUVESTRE";"Sylvain";"M";"LDVD";"MARSEILLE JE T'AIME";"MARSEILLE JE T'AIME 11-12 AVEC SYLVAIN SOUVESTRE";"80";"7,68%";"12,72%";"";"3";"";"";"";"";"";"";"";"";"";"";"";""
"13";"Bouches-du-Rhône";"13055SR06";"Marseille Secteur 6";"1264";"1030";"633";"61,46%";"397";"38,54%";"627";"60,87%";"99,05%";"5";"0,49%";"0,79%";"1";"0,10%";"0,16%";"1";"OHANESSIAN";"Yannick";"M";"LUG";"POUR MARSEILLE";"POUR MARSEILLE, 11e ET12e ARRONDISSEMENTS, la gauche,les ecologistes et les citoyens rassemblés";"179";"17,38%";"28,55%";"";"8";"2";"RIOULT";"Olivier";"M";"LRN";"Marseille en ordre";"MARSEILLE EN ORDRE 11ème & 12ème";"350";"33,98%";"55,82%";"";"32";"4";"SOUVESTRE";"Sylvain";"M";"LDVD";"MARSEILLE JE T'AIME";"MARSEILLE JE T'AIME 11-12 AVEC SYLVAIN SOUVESTRE";"98";"9,51%";"15,63%";"";"3";"";"";"";"";"";"";"";"";"";"";"";""
"13";"Bouches-du-Rhône";"13055SR06";"Marseille Secteur 6";"1265";"1372";"848";"61,81%";"524";"38,19%";"836";"60,93%";"98,58%";"5";"0,36%";"0,59%";"7";"0,51%";"0,83%";"1";"OHANESSIAN";"Yannick";"M";"LUG";"POUR MARSEILLE";"POUR MARSEILLE, 11e ET12e ARRONDISSEMENTS, la gauche,les ecologistes et les citoyens rassemblés";"254";"18,51%";"30,38%";"";"8";"2";"RIOULT";"Olivier";"M";"LRN";"Marseille en ordre";"MARSEILLE EN ORDRE 11ème & 12ème";"436";"31,78%";"52,15%";"";"32";"4";"SOUVESTRE";"Sylvain";"M";"LDVD";"MARSEILLE JE T'AIME";"MARSEILLE JE T'AIME 11-12 AVEC SYLVAIN SOUVESTRE";"146";"10,64%";"17,46%";"";"3";"";"";"";"";"";"";"";"";"";"";"";""
"13";"Bouches-du-Rhône";"13055SR06";"Marseille Secteur 6";"1266";"1224";"816";"66,67%";"408";"33,33%";"800";"65,36%";"98,04%";"5";"0,41%";"0,61%";"11";"0,90%";"1,35%";"1";"OHANESSIAN";"Yannick";"M";"LUG";"POUR MARSEILLE";"POUR MARSEILLE, 11e ET12e ARRONDISSEMENTS, la gauche,les ecologistes et les citoyens rassemblés";"228";"18,63%";"28,50%";"";"8";"2";"RIOULT";"Olivier";"M";"LRN";"Marseille en ordre";"MARSEILLE EN ORDRE 11ème & 12ème";"421";"34,40%";"52,63%";"";"32";"4";"SOUVESTRE";"Sylvain";"M";"LDVD";"MARSEILLE JE T'AIME";"MARSEILLE JE T'AIME 11-12 AVEC SYLVAIN SOUVESTRE";"151";"12,34%";"18,88%";"";"3";"";"";"";"";"";"";"";"";"";"";"";""
"13";"Bouches-du-Rhône";"13055SR06";"Marseille Secteur 6";"1267";"1190";"681";"57,23%";"509";"42,77%";"669";"56,22%";"98,24%";"9";"0,76%";"1,32%";"3";"0,25%";"0,44%";"1";"OHANESSIAN";"Yannick";"M";"LUG";"POUR MARSEILLE";"POUR MARSEILLE, 11e ET12e ARRONDISSEMENTS, la gauche,les ecologistes et les citoyens rassemblés";"241";"20,25%";"36,02%";"";"8";"2";"RIOULT";"Olivier";"M";"LRN";"Marseille en ordre";"MARSEILLE EN ORDRE 11ème & 12ème";"347";"29,16%";"51,87%";"";"32";"4";"SOUVESTRE";"Sylvain";"M";"LDVD";"MARSEILLE JE T'AIME";"MARSEILLE JE T'AIME 11-12 AVEC SYLVAIN SOUVESTRE";"81";"6,81%";"12,11%";"";"3";"";"";"";"";"";"";"";"";"";"";"";""
"13";"Bouches-du-Rhône";"13055SR06";"Marseille Secteur 6";"1268";"1048";"619";"59,06%";"429";"40,94%";"610";"58,21%";"98,55%";"6";"0,57%";"0,97%";"3";"0,29%";"0,48%";"1";"OHANESSIAN";"Yannick";"M";"LUG";"POUR MARSEILLE";"POUR MARSEILLE, 11e ET12e ARRONDISSEMENTS, la gauche,les ecologistes et les citoyens rassemblés";"297";"28,34%";"48,69%";"";"8";"2";"RIOULT";"Olivier";"M";"LRN";"Marseille en ordre";"MARSEILLE EN ORDRE 11ème & 12ème";"243";"23,19%";"39,84%";"";"32";"4";"SOUVESTRE";"Sylvain";"M";"LDVD";"MARSEILLE JE T'AIME";"MARSEILLE JE T'AIME 11-12 AVEC SYLVAIN SOUVESTRE";"70";"6,68%";"11,48%";"";"3";"";"";"";"";"";"";"";"";"";"";"";""
"13";"Bouches-du-Rhône";"13055SR06";"Marseille Secteur 6";"1269";"1601";"983";"61,40%";"618";"38,60%";"956";"59,71%";"97,25%";"6";"0,37%";"0,61%";"21";"1,31%";"2,14%";"1";"OHANESSIAN";"Yannick";"M";"LUG";"POUR MARSEILLE";"POUR MARSEILLE, 11e ET12e ARRONDISSEMENTS, la gauche,les ecologistes et les citoyens rassemblés";"225";"14,05%";"23,54%";"";"8";"2";"RIOULT";"Olivier";"M";"LRN";"Marseille en ordre";"MARSEILLE EN ORDRE 11ème & 12ème";"597";"37,29%";"62,45%";"";"32";"4";"SOUVESTRE";"Sylvain";"M";"LDVD";"MARSEILLE JE T'AIME";"MARSEILLE JE T'AIME 11-12 AVEC SYLVAIN SOUVESTRE";"134";"8,37%";"14,02%";"";"3";"";"";"";"";"";"";"";"";"";"";"";""
"13";"Bouches-du-Rhône";"13055SR06";"Marseille Secteur 6";"1270";"1509";"962";"63,75%";"547";"36,25%";"946";"62,69%";"98,34%";"6";"0,40%";"0,62%";"10";"0,66%";"1,04%";"1";"OHANESSIAN";"Yannick";"M";"LUG";"POUR MARSEILLE";"POUR MARSEILLE, 11e ET12e ARRONDISSEMENTS, la gauche,les ecologistes et les citoyens rassemblés";"267";"17,69%";"28,22%";"";"8";"2";"RIOULT";"Olivier";"M";"LRN";"Marseille en ordre";"MARSEILLE EN ORDRE 11ème & 12ème";"530";"35,12%";"56,03%";"";"32";"4";"SOUVESTRE";"Sylvain";"M";"LDVD";"MARSEILLE JE T'AIME";"MARSEILLE JE T'AIME 11-12 AVEC SYLVAIN SOUVESTRE";"149";"9,87%";"15,75%";"";"3";"";"";"";"";"";"";"";"";"";"";"";""
"13";"Bouches-du-Rhône";"13055SR06";"Marseille Secteur 6";"1271";"1318";"841";"63,81%";"477";"36,19%";"825";"62,59%";"98,10%";"8";"0,61%";"0,95%";"8";"0,61%";"0,95%";"1";"OHANESSIAN";"Yannick";"M";"LUG";"POUR MARSEILLE";"POUR MARSEILLE, 11e ET12e ARRONDISSEMENTS, la gauche,les ecologistes et les citoyens rassemblés";"181";"13,73%";"21,94%";"";"8";"2";"RIOULT";"Olivier";"M";"LRN";"Marseille en ordre";"MARSEILLE EN ORDRE 11ème & 12ème";"483";"36,65%";"58,55%";"";"32";"4";"SOUVESTRE";"Sylvain";"M";"LDVD";"MARSEILLE JE T'AIME";"MARSEILLE JE T'AIME 11-12 AVEC SYLVAIN SOUVESTRE";"161";"12,22%";"19,52%";"";"3";"";"";"";"";"";"";"";"";"";"";"";""
"13";"Bouches-du-Rhône";"13055SR06";"Marseille Secteur 6";"1272";"1236";"776";"62,78%";"460";"37,22%";"755";"61,08%";"97,29%";"11";"0,89%";"1,42%";"10";"0,81%";"1,29%";"1";"OHANESSIAN";"Yannick";"M";"LUG";"POUR MARSEILLE";"POUR MARSEILLE, 11e ET12e ARRONDISSEMENTS, la gauche,les ecologistes et les citoyens rassemblés";"262";"21,20%";"34,70%";"";"8";"2";"RIOULT";"Olivier";"M";"LRN";"Marseille en ordre";"MARSEILLE EN ORDRE 11ème & 12ème";"371";"30,02%";"49,14%";"";"32";"4";"SOUVESTRE";"Sylvain";"M";"LDVD";"MARSEILLE JE T'AIME";"MARSEILLE JE T'AIME 11-12 AVEC SYLVAIN SOUVESTRE";"122";"9,87%";"16,16%";"";"3";"";"";"";"";"";"";"";"";"";"";"";""
"13";"Bouches-du-Rhône";"13055SR06";"Marseille Secteur 6";"1273";"852";"381";"44,72%";"471";"55,28%";"375";"44,01%";"98,43%";"2";"0,23%";"0,52%";"4";"0,47%";"1,05%";"1";"OHANESSIAN";"Yannick";"M";"LUG";"POUR MARSEILLE";"POUR MARSEILLE, 11e ET12e ARRONDISSEMENTS, la gauche,les ecologistes et les citoyens rassemblés";"177";"20,77%";"47,20%";"";"8";"2";"RIOULT";"Olivier";"M";"LRN";"Marseille en ordre";"MARSEILLE EN ORDRE 11ème & 12ème";"167";"19,60%";"44,53%";"";"32";"4";"SOUVESTRE";"Sylvain";"M";"LDVD";"MARSEILLE JE T'AIME";"MARSEILLE JE T'AIME 11-12 AVEC SYLVAIN SOUVESTRE";"31";"3,64%";"8,27%";"";"3";"";"";"";"";"";"";"";"";"";"";"";""
"13";"Bouches-du-Rhône";"13055SR06";"Marseille Secteur 6";"1281";"1467";"910";"62,03%";"557";"37,97%";"881";"60,05%";"96,81%";"24";"1,64%";"2,64%";"5";"0,34%";"0,55%";"1";"OHANESSIAN";"Yannick";"M";"LUG";"POUR MARSEILLE";"POUR MARSEILLE, 11e ET12e ARRONDISSEMENTS, la gauche,les ecologistes et les citoyens rassemblés";"335";"22,84%";"38,02%";"";"8";"2";"RIOULT";"Olivier";"M";"LRN";"Marseille en ordre";"MARSEILLE EN ORDRE 11ème & 12ème";"418";"28,49%";"47,45%";"";"32";"4";"SOUVESTRE";"Sylvain";"M";"LDVD";"MARSEILLE JE T'AIME";"MARSEILLE JE T'AIME 11-12 AVEC SYLVAIN SOUVESTRE";"128";"8,73%";"14,53%";"";"3";"";"";"";"";"";"";"";"";"";"";"";""
"13";"Bouches-du-Rhône";"13055SR06";"Marseille Secteur 6";"1282";"1046";"702";"67,11%";"344";"32,89%";"694";"66,35%";"98,86%";"5";"0,48%";"0,71%";"3";"0,29%";"0,43%";"1";"OHANESSIAN";"Yannick";"M";"LUG";"POUR MARSEILLE";"POUR MARSEILLE, 11e ET12e ARRONDISSEMENTS, la gauche,les ecologistes et les citoyens rassemblés";"254";"24,28%";"36,60%";"";"8";"2";"RIOULT";"Olivier";"M";"LRN";"Marseille en ordre";"MARSEILLE EN ORDRE 11ème & 12ème";"318";"30,40%";"45,82%";"";"32";"4";"SOUVESTRE";"Sylvain";"M";"LDVD";"MARSEILLE JE T'AIME";"MARSEILLE JE T'AIME 11-12 AVEC SYLVAIN SOUVESTRE";"122";"11,66%";"17,58%";"";"3";"";"";"";"";"";"";"";"";"";"";"";""
"13";"Bouches-du-Rhône";"13055SR06";"Marseille Secteur 6";"1283";"744";"398";"53,49%";"346";"46,51%";"391";"52,55%";"98,24%";"2";"0,27%";"0,50%";"5";"0,67%";"1,26%";"1";"OHANESSIAN";"Yannick";"M";"LUG";"POUR MARSEILLE";"POUR MARSEILLE, 11e ET12e ARRONDISSEMENTS, la gauche,les ecologistes et les citoyens rassemblés";"120";"16,13%";"30,69%";"";"8";"2";"RIOULT";"Olivier";"M";"LRN";"Marseille en ordre";"MARSEILLE EN ORDRE 11ème & 12ème";"218";"29,30%";"55,75%";"";"32";"4";"SOUVESTRE";"Sylvain";"M";"LDVD";"MARSEILLE JE T'AIME";"MARSEILLE JE T'AIME 11-12 AVEC SYLVAIN SOUVESTRE";"53";"7,12%";"13,55%";"";"3";"";"";"";"";"";"";"";"";"";"";"";""
"13";"Bouches-du-Rhône";"13055SR06";"Marseille Secteur 6";"1284";"1232";"693";"56,25%";"539";"43,75%";"674";"54,71%";"97,26%";"3";"0,24%";"0,43%";"16";"1,30%";"2,31%";"1";"OHANESSIAN";"Yannick";"M";"LUG";"POUR MARSEILLE";"POUR MARSEILLE, 11e ET12e ARRONDISSEMENTS, la gauche,les ecologistes et les citoyens rassemblés";"220";"17,86%";"32,64%";"";"8";"2";"RIOULT";"Olivier";"M";"LRN";"Marseille en ordre";"MARSEILLE EN ORDRE 11ème & 12ème";"340";"27,60%";"50,45%";"";"32";"4";"SOUVESTRE";"Sylvain";"M";"LDVD";"MARSEILLE JE T'AIME";"MARSEILLE JE T'AIME 11-12 AVEC SYLVAIN SOUVESTRE";"114";"9,25%";"16,91%";"";"3";"";"";"";"";"";"";"";"";"";"";"";""
"13";"Bouches-du-Rhône";"13055SR06";"Marseille Secteur 6";"1285";"1502";"920";"61,25%";"582";"38,75%";"908";"60,45%";"98,70%";"9";"0,60%";"0,98%";"3";"0,20%";"0,33%";"1";"OHANESSIAN";"Yannick";"M";"LUG";"POUR MARSEILLE";"POUR MARSEILLE, 11e ET12e ARRONDISSEMENTS, la gauche,les ecologistes et les citoyens rassemblés";"247";"16,44%";"27,20%";"";"8";"2";"RIOULT";"Olivier";"M";"LRN";"Marseille en ordre";"MARSEILLE EN ORDRE 11ème & 12ème";"496";"33,02%";"54,63%";"";"32";"4";"SOUVESTRE";"Sylvain";"M";"LDVD";"MARSEILLE JE T'AIME";"MARSEILLE JE T'AIME 11-12 AVEC SYLVAIN SOUVESTRE";"165";"10,99%";"18,17%";"";"3";"";"";"";"";"";"";"";"";"";"";"";""
"13";"Bouches-du-Rhône";"13055SR06";"Marseille Secteur 6";"1286";"913";"538";"58,93%";"375";"41,07%";"523";"57,28%";"97,21%";"8";"0,88%";"1,49%";"7";"0,77%";"1,30%";"1";"OHANESSIAN";"Yannick";"M";"LUG";"POUR MARSEILLE";"POUR MARSEILLE, 11e ET12e ARRONDISSEMENTS, la gauche,les ecologistes et les citoyens rassemblés";"257";"28,15%";"49,14%";"";"8";"2";"RIOULT";"Olivier";"M";"LRN";"Marseille en ordre";"MARSEILLE EN ORDRE 11ème & 12ème";"202";"22,12%";"38,62%";"";"32";"4";"SOUVESTRE";"Sylvain";"M";"LDVD";"MARSEILLE JE T'AIME";"MARSEILLE JE T'AIME 11-12 AVEC SYLVAIN SOUVESTRE";"64";"7,01%";"12,24%";"";"3";"";"";"";"";"";"";"";"";"";"";"";""
"13";"Bouches-du-Rhône";"13055SR06";"Marseille Secteur 6";"1287";"814";"427";"52,46%";"387";"47,54%";"422";"51,84%";"98,83%";"1";"0,12%";"0,23%";"4";"0,49%";"0,94%";"1";"OHANESSIAN";"Yannick";"M";"LUG";"POUR MARSEILLE";"POUR MARSEILLE, 11e ET12e ARRONDISSEMENTS, la gauche,les ecologistes et les citoyens rassemblés";"154";"18,92%";"36,49%";"";"8";"2";"RIOULT";"Olivier";"M";"LRN";"Marseille en ordre";"MARSEILLE EN ORDRE 11ème & 12ème";"208";"25,55%";"49,29%";"";"32";"4";"SOUVESTRE";"Sylvain";"M";"LDVD";"MARSEILLE JE T'AIME";"MARSEILLE JE T'AIME 11-12 AVEC SYLVAIN SOUVESTRE";"60";"7,37%";"14,22%";"";"3";"";"";"";"";"";"";"";"";"";"";"";""
"13";"Bouches-du-Rhône";"13055SR07";"Marseille Secteur 7";"1301";"757";"373";"49,27%";"384";"50,73%";"366";"48,35%";"98,12%";"5";"0,66%";"1,34%";"2";"0,26%";"0,54%";"2";"BAREILLE";"Marion";"F";"LDVD";"MARSEILLE JE T'AIME13 ET 14";"MARSEILLE JE T'AIME 13 ET 14 AVEC MARION BAREILLE";"30";"3,96%";"8,20%";"";"1";"5";"D'ANGIO";"Sandrine";"F";"LRN";"MARSEILLE EN ORDRE";"MARSEILLE EN ORDRE 13EME & 14EME";"139";"18,36%";"37,98%";"";"11";"6";"BIARD SANSONETTI";"Tina";"F";"LUG";"POUR MARSEILLE, 13E ET 14E";"POUR MARSEILLE, 13E ET 14E ARRONDISSEMENTS, LA GAUCHE, LES ECOLOGISTES ET LES CITOYENS RASSEMBLÉS";"197";"26,02%";"53,83%";"";"41";"";"";"";"";"";"";"";"";"";"";"";""
"13";"Bouches-du-Rhône";"13055SR07";"Marseille Secteur 7";"1302";"1315";"636";"48,37%";"679";"51,63%";"631";"47,98%";"99,21%";"3";"0,23%";"0,47%";"2";"0,15%";"0,31%";"2";"BAREILLE";"Marion";"F";"LDVD";"MARSEILLE JE T'AIME13 ET 14";"MARSEILLE JE T'AIME 13 ET 14 AVEC MARION BAREILLE";"44";"3,35%";"6,97%";"";"1";"5";"D'ANGIO";"Sandrine";"F";"LRN";"MARSEILLE EN ORDRE";"MARSEILLE EN ORDRE 13EME & 14EME";"297";"22,59%";"47,07%";"";"11";"6";"BIARD SANSONETTI";"Tina";"F";"LUG";"POUR MARSEILLE, 13E ET 14E";"POUR MARSEILLE, 13E ET 14E ARRONDISSEMENTS, LA GAUCHE, LES ECOLOGISTES ET LES CITOYENS RASSEMBLÉS";"290";"22,05%";"45,96%";"";"41";"";"";"";"";"";"";"";"";"";"";"";""
"13";"Bouches-du-Rhône";"13055SR07";"Marseille Secteur 7";"1303";"1006";"601";"59,74%";"405";"40,26%";"594";"59,05%";"98,84%";"3";"0,30%";"0,50%";"4";"0,40%";"0,67%";"2";"BAREILLE";"Marion";"F";"LDVD";"MARSEILLE JE T'AIME13 ET 14";"MARSEILLE JE T'AIME 13 ET 14 AVEC MARION BAREILLE";"45";"4,47%";"7,58%";"";"1";"5";"D'ANGIO";"Sandrine";"F";"LRN";"MARSEILLE EN ORDRE";"MARSEILLE EN ORDRE 13EME & 14EME";"356";"35,39%";"59,93%";"";"11";"6";"BIARD SANSONETTI";"Tina";"F";"LUG";"POUR MARSEILLE, 13E ET 14E";"POUR MARSEILLE, 13E ET 14E ARRONDISSEMENTS, LA GAUCHE, LES ECOLOGISTES ET LES CITOYENS RASSEMBLÉS";"193";"19,18%";"32,49%";"";"41";"";"";"";"";"";"";"";"";"";"";"";""
"13";"Bouches-du-Rhône";"13055SR07";"Marseille Secteur 7";"1304";"660";"351";"53,18%";"309";"46,82%";"347";"52,58%";"98,86%";"3";"0,45%";"0,85%";"1";"0,15%";"0,28%";"2";"BAREILLE";"Marion";"F";"LDVD";"MARSEILLE JE T'AIME13 ET 14";"MARSEILLE JE T'AIME 13 ET 14 AVEC MARION BAREILLE";"32";"4,85%";"9,22%";"";"1";"5";"D'ANGIO";"Sandrine";"F";"LRN";"MARSEILLE EN ORDRE";"MARSEILLE EN ORDRE 13EME & 14EME";"163";"24,70%";"46,97%";"";"11";"6";"BIARD SANSONETTI";"Tina";"F";"LUG";"POUR MARSEILLE, 13E ET 14E";"POUR MARSEILLE, 13E ET 14E ARRONDISSEMENTS, LA GAUCHE, LES ECOLOGISTES ET LES CITOYENS RASSEMBLÉS";"152";"23,03%";"43,80%";"";"41";"";"";"";"";"";"";"";"";"";"";"";""
"13";"Bouches-du-Rhône";"13055SR07";"Marseille Secteur 7";"1305";"1076";"533";"49,54%";"543";"50,46%";"525";"48,79%";"98,50%";"7";"0,65%";"1,31%";"1";"0,09%";"0,19%";"2";"BAREILLE";"Marion";"F";"LDVD";"MARSEILLE JE T'AIME13 ET 14";"MARSEILLE JE T'AIME 13 ET 14 AVEC MARION BAREILLE";"39";"3,62%";"7,43%";"";"1";"5";"D'ANGIO";"Sandrine";"F";"LRN";"MARSEILLE EN ORDRE";"MARSEILLE EN ORDRE 13EME & 14EME";"260";"24,16%";"49,52%";"";"11";"6";"BIARD SANSONETTI";"Tina";"F";"LUG";"POUR MARSEILLE, 13E ET 14E";"POUR MARSEILLE, 13E ET 14E ARRONDISSEMENTS, LA GAUCHE, LES ECOLOGISTES ET LES CITOYENS RASSEMBLÉS";"226";"21,00%";"43,05%";"";"41";"";"";"";"";"";"";"";"";"";"";"";""
"13";"Bouches-du-Rhône";"13055SR07";"Marseille Secteur 7";"1306";"899";"363";"40,38%";"536";"59,62%";"353";"39,27%";"97,25%";"6";"0,67%";"1,65%";"4";"0,44%";"1,10%";"2";"BAREILLE";"Marion";"F";"LDVD";"MARSEILLE JE T'AIME13 ET 14";"MARSEILLE JE T'AIME 13 ET 14 AVEC MARION BAREILLE";"17";"1,89%";"4,82%";"";"1";"5";"D'ANGIO";"Sandrine";"F";"LRN";"MARSEILLE EN ORDRE";"MARSEILLE EN ORDRE 13EME & 14EME";"103";"11,46%";"29,18%";"";"11";"6";"BIARD SANSONETTI";"Tina";"F";"LUG";"POUR MARSEILLE, 13E ET 14E";"POUR MARSEILLE, 13E ET 14E ARRONDISSEMENTS, LA GAUCHE, LES ECOLOGISTES ET LES CITOYENS RASSEMBLÉS";"233";"25,92%";"66,01%";"";"41";"";"";"";"";"";"";"";"";"";"";"";""
"13";"Bouches-du-Rhône";"13055SR07";"Marseille Secteur 7";"1307";"1028";"370";"35,99%";"658";"64,01%";"365";"35,51%";"98,65%";"3";"0,29%";"0,81%";"2";"0,19%";"0,54%";"2";"BAREILLE";"Marion";"F";"LDVD";"MARSEILLE JE T'AIME13 ET 14";"MARSEILLE JE T'AIME 13 ET 14 AVEC MARION BAREILLE";"26";"2,53%";"7,12%";"";"1";"5";"D'ANGIO";"Sandrine";"F";"LRN";"MARSEILLE EN ORDRE";"MARSEILLE EN ORDRE 13EME & 14EME";"65";"6,32%";"17,81%";"";"11";"6";"BIARD SANSONETTI";"Tina";"F";"LUG";"POUR MARSEILLE, 13E ET 14E";"POUR MARSEILLE, 13E ET 14E ARRONDISSEMENTS, LA GAUCHE, LES ECOLOGISTES ET LES CITOYENS RASSEMBLÉS";"274";"26,65%";"75,07%";"";"41";"";"";"";"";"";"";"";"";"";"";"";""
"13";"Bouches-du-Rhône";"13055SR07";"Marseille Secteur 7";"1308";"592";"301";"50,84%";"291";"49,16%";"300";"50,68%";"99,67%";"0";"0,00%";"0,00%";"1";"0,17%";"0,33%";"2";"BAREILLE";"Marion";"F";"LDVD";"MARSEILLE JE T'AIME13 ET 14";"MARSEILLE JE T'AIME 13 ET 14 AVEC MARION BAREILLE";"19";"3,21%";"6,33%";"";"1";"5";"D'ANGIO";"Sandrine";"F";"LRN";"MARSEILLE EN ORDRE";"MARSEILLE EN ORDRE 13EME & 14EME";"154";"26,01%";"51,33%";"";"11";"6";"BIARD SANSONETTI";"Tina";"F";"LUG";"POUR MARSEILLE, 13E ET 14E";"POUR MARSEILLE, 13E ET 14E ARRONDISSEMENTS, LA GAUCHE, LES ECOLOGISTES ET LES CITOYENS RASSEMBLÉS";"127";"21,45%";"42,33%";"";"41";"";"";"";"";"";"";"";"";"";"";"";""
"13";"Bouches-du-Rhône";"13055SR07";"Marseille Secteur 7";"1310";"775";"378";"48,77%";"397";"51,23%";"376";"48,52%";"99,47%";"0";"0,00%";"0,00%";"2";"0,26%";"0,53%";"2";"BAREILLE";"Marion";"F";"LDVD";"MARSEILLE JE T'AIME13 ET 14";"MARSEILLE JE T'AIME 13 ET 14 AVEC MARION BAREILLE";"18";"2,32%";"4,79%";"";"1";"5";"D'ANGIO";"Sandrine";"F";"LRN";"MARSEILLE EN ORDRE";"MARSEILLE EN ORDRE 13EME & 14EME";"24";"3,10%";"6,38%";"";"11";"6";"BIARD SANSONETTI";"Tina";"F";"LUG";"POUR MARSEILLE, 13E ET 14E";"POUR MARSEILLE, 13E ET 14E ARRONDISSEMENTS, LA GAUCHE, LES ECOLOGISTES ET LES CITOYENS RASSEMBLÉS";"334";"43,10%";"88,83%";"";"41";"";"";"";"";"";"";"";"";"";"";"";""
"13";"Bouches-du-Rhône";"13055SR07";"Marseille Secteur 7";"1311";"1178";"767";"65,11%";"411";"34,89%";"755";"64,09%";"98,44%";"5";"0,42%";"0,65%";"7";"0,59%";"0,91%";"2";"BAREILLE";"Marion";"F";"LDVD";"MARSEILLE JE T'AIME13 ET 14";"MARSEILLE JE T'AIME 13 ET 14 AVEC MARION BAREILLE";"76";"6,45%";"10,07%";"";"1";"5";"D'ANGIO";"Sandrine";"F";"LRN";"MARSEILLE EN ORDRE";"MARSEILLE EN ORDRE 13EME & 14EME";"424";"35,99%";"56,16%";"";"11";"6";"BIARD SANSONETTI";"Tina";"F";"LUG";"POUR MARSEILLE, 13E ET 14E";"POUR MARSEILLE, 13E ET 14E ARRONDISSEMENTS, LA GAUCHE, LES ECOLOGISTES ET LES CITOYENS RASSEMBLÉS";"255";"21,65%";"33,77%";"";"41";"";"";"";"";"";"";"";"";"";"";"";""
"13";"Bouches-du-Rhône";"13055SR07";"Marseille Secteur 7";"1312";"1211";"628";"51,86%";"583";"48,14%";"614";"50,70%";"97,77%";"9";"0,74%";"1,43%";"5";"0,41%";"0,80%";"2";"BAREILLE";"Marion";"F";"LDVD";"MARSEILLE JE T'AIME13 ET 14";"MARSEILLE JE T'AIME 13 ET 14 AVEC MARION BAREILLE";"34";"2,81%";"5,54%";"";"1";"5";"D'ANGIO";"Sandrine";"F";"LRN";"MARSEILLE EN ORDRE";"MARSEILLE EN ORDRE 13EME & 14EME";"349";"28,82%";"56,84%";"";"11";"6";"BIARD SANSONETTI";"Tina";"F";"LUG";"POUR MARSEILLE, 13E ET 14E";"POUR MARSEILLE, 13E ET 14E ARRONDISSEMENTS, LA GAUCHE, LES ECOLOGISTES ET LES CITOYENS RASSEMBLÉS";"231";"19,08%";"37,62%";"";"41";"";"";"";"";"";"";"";"";"";"";"";""
"13";"Bouches-du-Rhône";"13055SR07";"Marseille Secteur 7";"1331";"602";"310";"51,50%";"292";"48,50%";"304";"50,50%";"98,06%";"2";"0,33%";"0,65%";"4";"0,66%";"1,29%";"2";"BAREILLE";"Marion";"F";"LDVD";"MARSEILLE JE T'AIME13 ET 14";"MARSEILLE JE T'AIME 13 ET 14 AVEC MARION BAREILLE";"28";"4,65%";"9,21%";"";"1";"5";"D'ANGIO";"Sandrine";"F";"LRN";"MARSEILLE EN ORDRE";"MARSEILLE EN ORDRE 13EME & 14EME";"122";"20,27%";"40,13%";"";"11";"6";"BIARD SANSONETTI";"Tina";"F";"LUG";"POUR MARSEILLE, 13E ET 14E";"POUR MARSEILLE, 13E ET 14E ARRONDISSEMENTS, LA GAUCHE, LES ECOLOGISTES ET LES CITOYENS RASSEMBLÉS";"154";"25,58%";"50,66%";"";"41";"";"";"";"";"";"";"";"";"";"";"";""
"13";"Bouches-du-Rhône";"13055SR07";"Marseille Secteur 7";"1332";"1010";"520";"51,49%";"490";"48,51%";"514";"50,89%";"98,85%";"3";"0,30%";"0,58%";"3";"0,30%";"0,58%";"2";"BAREILLE";"Marion";"F";"LDVD";"MARSEILLE JE T'AIME13 ET 14";"MARSEILLE JE T'AIME 13 ET 14 AVEC MARION BAREILLE";"25";"2,48%";"4,86%";"";"1";"5";"D'ANGIO";"Sandrine";"F";"LRN";"MARSEILLE EN ORDRE";"MARSEILLE EN ORDRE 13EME & 14EME";"228";"22,57%";"44,36%";"";"11";"6";"BIARD SANSONETTI";"Tina";"F";"LUG";"POUR MARSEILLE, 13E ET 14E";"POUR MARSEILLE, 13E ET 14E ARRONDISSEMENTS, LA GAUCHE, LES ECOLOGISTES ET LES CITOYENS RASSEMBLÉS";"261";"25,84%";"50,78%";"";"41";"";"";"";"";"";"";"";"";"";"";"";""
"13";"Bouches-du-Rhône";"13055SR07";"Marseille Secteur 7";"1333";"1350";"569";"42,15%";"781";"57,85%";"562";"41,63%";"98,77%";"6";"0,44%";"1,05%";"1";"0,07%";"0,18%";"2";"BAREILLE";"Marion";"F";"LDVD";"MARSEILLE JE T'AIME13 ET 14";"MARSEILLE JE T'AIME 13 ET 14 AVEC MARION BAREILLE";"20";"1,48%";"3,56%";"";"1";"5";"D'ANGIO";"Sandrine";"F";"LRN";"MARSEILLE EN ORDRE";"MARSEILLE EN ORDRE 13EME & 14EME";"43";"3,19%";"7,65%";"";"11";"6";"BIARD SANSONETTI";"Tina";"F";"LUG";"POUR MARSEILLE, 13E ET 14E";"POUR MARSEILLE, 13E ET 14E ARRONDISSEMENTS, LA GAUCHE, LES ECOLOGISTES ET LES CITOYENS RASSEMBLÉS";"499";"36,96%";"88,79%";"";"41";"";"";"";"";"";"";"";"";"";"";"";""
"13";"Bouches-du-Rhône";"13055SR07";"Marseille Secteur 7";"1334";"805";"392";"48,70%";"413";"51,30%";"389";"48,32%";"99,23%";"2";"0,25%";"0,51%";"1";"0,12%";"0,26%";"2";"BAREILLE";"Marion";"F";"LDVD";"MARSEILLE JE T'AIME13 ET 14";"MARSEILLE JE T'AIME 13 ET 14 AVEC MARION BAREILLE";"31";"3,85%";"7,97%";"";"1";"5";"D'ANGIO";"Sandrine";"F";"LRN";"MARSEILLE EN ORDRE";"MARSEILLE EN ORDRE 13EME & 14EME";"219";"27,20%";"56,30%";"";"11";"6";"BIARD SANSONETTI";"Tina";"F";"LUG";"POUR MARSEILLE, 13E ET 14E";"POUR MARSEILLE, 13E ET 14E ARRONDISSEMENTS, LA GAUCHE, LES ECOLOGISTES ET LES CITOYENS RASSEMBLÉS";"139";"17,27%";"35,73%";"";"41";"";"";"";"";"";"";"";"";"";"";"";""
"13";"Bouches-du-Rhône";"13055SR07";"Marseille Secteur 7";"1335";"1675";"793";"47,34%";"882";"52,66%";"785";"46,87%";"98,99%";"7";"0,42%";"0,88%";"1";"0,06%";"0,13%";"2";"BAREILLE";"Marion";"F";"LDVD";"MARSEILLE JE T'AIME13 ET 14";"MARSEILLE JE T'AIME 13 ET 14 AVEC MARION BAREILLE";"31";"1,85%";"3,95%";"";"1";"5";"D'ANGIO";"Sandrine";"F";"LRN";"MARSEILLE EN ORDRE";"MARSEILLE EN ORDRE 13EME & 14EME";"60";"3,58%";"7,64%";"";"11";"6";"BIARD SANSONETTI";"Tina";"F";"LUG";"POUR MARSEILLE, 13E ET 14E";"POUR MARSEILLE, 13E ET 14E ARRONDISSEMENTS, LA GAUCHE, LES ECOLOGISTES ET LES CITOYENS RASSEMBLÉS";"694";"41,43%";"88,41%";"";"41";"";"";"";"";"";"";"";"";"";"";"";""
"13";"Bouches-du-Rhône";"13055SR07";"Marseille Secteur 7";"1336";"1004";"409";"40,74%";"595";"59,26%";"402";"40,04%";"98,29%";"4";"0,40%";"0,98%";"3";"0,30%";"0,73%";"2";"BAREILLE";"Marion";"F";"LDVD";"MARSEILLE JE T'AIME13 ET 14";"MARSEILLE JE T'AIME 13 ET 14 AVEC MARION BAREILLE";"33";"3,29%";"8,21%";"";"1";"5";"D'ANGIO";"Sandrine";"F";"LRN";"MARSEILLE EN ORDRE";"MARSEILLE EN ORDRE 13EME & 14EME";"130";"12,95%";"32,34%";"";"11";"6";"BIARD SANSONETTI";"Tina";"F";"LUG";"POUR MARSEILLE, 13E ET 14E";"POUR MARSEILLE, 13E ET 14E ARRONDISSEMENTS, LA GAUCHE, LES ECOLOGISTES ET LES CITOYENS RASSEMBLÉS";"239";"23,80%";"59,45%";"";"41";"";"";"";"";"";"";"";"";"";"";"";""
"13";"Bouches-du-Rhône";"13055SR07";"Marseille Secteur 7";"1337";"1336";"547";"40,94%";"789";"59,06%";"541";"40,49%";"98,90%";"5";"0,37%";"0,91%";"1";"0,07%";"0,18%";"2";"BAREILLE";"Marion";"F";"LDVD";"MARSEILLE JE T'AIME13 ET 14";"MARSEILLE JE T'AIME 13 ET 14 AVEC MARION BAREILLE";"13";"0,97%";"2,40%";"";"1";"5";"D'ANGIO";"Sandrine";"F";"LRN";"MARSEILLE EN ORDRE";"MARSEILLE EN ORDRE 13EME & 14EME";"41";"3,07%";"7,58%";"";"11";"6";"BIARD SANSONETTI";"Tina";"F";"LUG";"POUR MARSEILLE, 13E ET 14E";"POUR MARSEILLE, 13E ET 14E ARRONDISSEMENTS, LA GAUCHE, LES ECOLOGISTES ET LES CITOYENS RASSEMBLÉS";"487";"36,45%";"90,02%";"";"41";"";"";"";"";"";"";"";"";"";"";"";""
"13";"Bouches-du-Rhône";"13055SR07";"Marseille Secteur 7";"1338";"1534";"839";"54,69%";"695";"45,31%";"826";"53,85%";"98,45%";"8";"0,52%";"0,95%";"5";"0,33%";"0,60%";"2";"BAREILLE";"Marion";"F";"LDVD";"MARSEILLE JE T'AIME13 ET 14";"MARSEILLE JE T'AIME 13 ET 14 AVEC MARION BAREILLE";"84";"5,48%";"10,17%";"";"1";"5";"D'ANGIO";"Sandrine";"F";"LRN";"MARSEILLE EN ORDRE";"MARSEILLE EN ORDRE 13EME & 14EME";"416";"27,12%";"50,36%";"";"11";"6";"BIARD SANSONETTI";"Tina";"F";"LUG";"POUR MARSEILLE, 13E ET 14E";"POUR MARSEILLE, 13E ET 14E ARRONDISSEMENTS, LA GAUCHE, LES ECOLOGISTES ET LES CITOYENS RASSEMBLÉS";"326";"21,25%";"39,47%";"";"41";"";"";"";"";"";"";"";"";"";"";"";""
"13";"Bouches-du-Rhône";"13055SR07";"Marseille Secteur 7";"1339";"1112";"509";"45,77%";"603";"54,23%";"500";"44,96%";"98,23%";"8";"0,72%";"1,57%";"1";"0,09%";"0,20%";"2";"BAREILLE";"Marion";"F";"LDVD";"MARSEILLE JE T'AIME13 ET 14";"MARSEILLE JE T'AIME 13 ET 14 AVEC MARION BAREILLE";"32";"2,88%";"6,40%";"";"1";"5";"D'ANGIO";"Sandrine";"F";"LRN";"MARSEILLE EN ORDRE";"MARSEILLE EN ORDRE 13EME & 14EME";"177";"15,92%";"35,40%";"";"11";"6";"BIARD SANSONETTI";"Tina";"F";"LUG";"POUR MARSEILLE, 13E ET 14E";"POUR MARSEILLE, 13E ET 14E ARRONDISSEMENTS, LA GAUCHE, LES ECOLOGISTES ET LES CITOYENS RASSEMBLÉS";"291";"26,17%";"58,20%";"";"41";"";"";"";"";"";"";"";"";"";"";"";""
"13";"Bouches-du-Rhône";"13055SR07";"Marseille Secteur 7";"1340";"1178";"634";"53,82%";"544";"46,18%";"622";"52,80%";"98,11%";"8";"0,68%";"1,26%";"4";"0,34%";"0,63%";"2";"BAREILLE";"Marion";"F";"LDVD";"MARSEILLE JE T'AIME13 ET 14";"MARSEILLE JE T'AIME 13 ET 14 AVEC MARION BAREILLE";"51";"4,33%";"8,20%";"";"1";"5";"D'ANGIO";"Sandrine";"F";"LRN";"MARSEILLE EN ORDRE";"MARSEILLE EN ORDRE 13EME & 14EME";"304";"25,81%";"48,87%";"";"11";"6";"BIARD SANSONETTI";"Tina";"F";"LUG";"POUR MARSEILLE, 13E ET 14E";"POUR MARSEILLE, 13E ET 14E ARRONDISSEMENTS, LA GAUCHE, LES ECOLOGISTES ET LES CITOYENS RASSEMBLÉS";"267";"22,67%";"42,93%";"";"41";"";"";"";"";"";"";"";"";"";"";"";""
"13";"Bouches-du-Rhône";"13055SR07";"Marseille Secteur 7";"1341";"866";"368";"42,49%";"498";"57,51%";"362";"41,80%";"98,37%";"0";"0,00%";"0,00%";"6";"0,69%";"1,63%";"2";"BAREILLE";"Marion";"F";"LDVD";"MARSEILLE JE T'AIME13 ET 14";"MARSEILLE JE T'AIME 13 ET 14 AVEC MARION BAREILLE";"21";"2,42%";"5,80%";"";"1";"5";"D'ANGIO";"Sandrine";"F";"LRN";"MARSEILLE EN ORDRE";"MARSEILLE EN ORDRE 13EME & 14EME";"156";"18,01%";"43,09%";"";"11";"6";"BIARD SANSONETTI";"Tina";"F";"LUG";"POUR MARSEILLE, 13E ET 14E";"POUR MARSEILLE, 13E ET 14E ARRONDISSEMENTS, LA GAUCHE, LES ECOLOGISTES ET LES CITOYENS RASSEMBLÉS";"185";"21,36%";"51,10%";"";"41";"";"";"";"";"";"";"";"";"";"";"";""
"13";"Bouches-du-Rhône";"13055SR07";"Marseille Secteur 7";"1342";"1136";"522";"45,95%";"614";"54,05%";"511";"44,98%";"97,89%";"5";"0,44%";"0,96%";"6";"0,53%";"1,15%";"2";"BAREILLE";"Marion";"F";"LDVD";"MARSEILLE JE T'AIME13 ET 14";"MARSEILLE JE T'AIME 13 ET 14 AVEC MARION BAREILLE";"31";"2,73%";"6,07%";"";"1";"5";"D'ANGIO";"Sandrine";"F";"LRN";"MARSEILLE EN ORDRE";"MARSEILLE EN ORDRE 13EME & 14EME";"146";"12,85%";"28,57%";"";"11";"6";"BIARD SANSONETTI";"Tina";"F";"LUG";"POUR MARSEILLE, 13E ET 14E";"POUR MARSEILLE, 13E ET 14E ARRONDISSEMENTS, LA GAUCHE, LES ECOLOGISTES ET LES CITOYENS RASSEMBLÉS";"334";"29,40%";"65,36%";"";"41";"";"";"";"";"";"";"";"";"";"";"";""
"13";"Bouches-du-Rhône";"13055SR07";"Marseille Secteur 7";"1343";"1099";"492";"44,77%";"607";"55,23%";"488";"44,40%";"99,19%";"2";"0,18%";"0,41%";"2";"0,18%";"0,41%";"2";"BAREILLE";"Marion";"F";"LDVD";"MARSEILLE JE T'AIME13 ET 14";"MARSEILLE JE T'AIME 13 ET 14 AVEC MARION BAREILLE";"19";"1,73%";"3,89%";"";"1";"5";"D'ANGIO";"Sandrine";"F";"LRN";"MARSEILLE EN ORDRE";"MARSEILLE EN ORDRE 13EME & 14EME";"49";"4,46%";"10,04%";"";"11";"6";"BIARD SANSONETTI";"Tina";"F";"LUG";"POUR MARSEILLE, 13E ET 14E";"POUR MARSEILLE, 13E ET 14E ARRONDISSEMENTS, LA GAUCHE, LES ECOLOGISTES ET LES CITOYENS RASSEMBLÉS";"420";"38,22%";"86,07%";"";"41";"";"";"";"";"";"";"";"";"";"";"";""
"13";"Bouches-du-Rhône";"13055SR07";"Marseille Secteur 7";"1344";"1011";"551";"54,50%";"460";"45,50%";"540";"53,41%";"98,00%";"5";"0,49%";"0,91%";"6";"0,59%";"1,09%";"2";"BAREILLE";"Marion";"F";"LDVD";"MARSEILLE JE T'AIME13 ET 14";"MARSEILLE JE T'AIME 13 ET 14 AVEC MARION BAREILLE";"30";"2,97%";"5,56%";"";"1";"5";"D'ANGIO";"Sandrine";"F";"LRN";"MARSEILLE EN ORDRE";"MARSEILLE EN ORDRE 13EME & 14EME";"328";"32,44%";"60,74%";"";"11";"6";"BIARD SANSONETTI";"Tina";"F";"LUG";"POUR MARSEILLE, 13E ET 14E";"POUR MARSEILLE, 13E ET 14E ARRONDISSEMENTS, LA GAUCHE, LES ECOLOGISTES ET LES CITOYENS RASSEMBLÉS";"182";"18,00%";"33,70%";"";"41";"";"";"";"";"";"";"";"";"";"";"";""
"13";"Bouches-du-Rhône";"13055SR07";"Marseille Secteur 7";"1345";"676";"277";"40,98%";"399";"59,02%";"271";"40,09%";"97,83%";"5";"0,74%";"1,81%";"1";"0,15%";"0,36%";"2";"BAREILLE";"Marion";"F";"LDVD";"MARSEILLE JE T'AIME13 ET 14";"MARSEILLE JE T'AIME 13 ET 14 AVEC MARION BAREILLE";"20";"2,96%";"7,38%";"";"1";"5";"D'ANGIO";"Sandrine";"F";"LRN";"MARSEILLE EN ORDRE";"MARSEILLE EN ORDRE 13EME & 14EME";"109";"16,12%";"40,22%";"";"11";"6";"BIARD SANSONETTI";"Tina";"F";"LUG";"POUR MARSEILLE, 13E ET 14E";"POUR MARSEILLE, 13E ET 14E ARRONDISSEMENTS, LA GAUCHE, LES ECOLOGISTES ET LES CITOYENS RASSEMBLÉS";"142";"21,01%";"52,40%";"";"41";"";"";"";"";"";"";"";"";"";"";"";""
"13";"Bouches-du-Rhône";"13055SR07";"Marseille Secteur 7";"1346";"999";"349";"34,93%";"650";"65,07%";"342";"34,23%";"97,99%";"6";"0,60%";"1,72%";"1";"0,10%";"0,29%";"2";"BAREILLE";"Marion";"F";"LDVD";"MARSEILLE JE T'AIME13 ET 14";"MARSEILLE JE T'AIME 13 ET 14 AVEC MARION BAREILLE";"27";"2,70%";"7,89%";"";"1";"5";"D'ANGIO";"Sandrine";"F";"LRN";"MARSEILLE EN ORDRE";"MARSEILLE EN ORDRE 13EME & 14EME";"114";"11,41%";"33,33%";"";"11";"6";"BIARD SANSONETTI";"Tina";"F";"LUG";"POUR MARSEILLE, 13E ET 14E";"POUR MARSEILLE, 13E ET 14E ARRONDISSEMENTS, LA GAUCHE, LES ECOLOGISTES ET LES CITOYENS RASSEMBLÉS";"201";"20,12%";"58,77%";"";"41";"";"";"";"";"";"";"";"";"";"";"";""
"13";"Bouches-du-Rhône";"13055SR07";"Marseille Secteur 7";"1347";"1167";"536";"45,93%";"631";"54,07%";"520";"44,56%";"97,01%";"7";"0,60%";"1,31%";"9";"0,77%";"1,68%";"2";"BAREILLE";"Marion";"F";"LDVD";"MARSEILLE JE T'AIME13 ET 14";"MARSEILLE JE T'AIME 13 ET 14 AVEC MARION BAREILLE";"26";"2,23%";"5,00%";"";"1";"5";"D'ANGIO";"Sandrine";"F";"LRN";"MARSEILLE EN ORDRE";"MARSEILLE EN ORDRE 13EME & 14EME";"270";"23,14%";"51,92%";"";"11";"6";"BIARD SANSONETTI";"Tina";"F";"LUG";"POUR MARSEILLE, 13E ET 14E";"POUR MARSEILLE, 13E ET 14E ARRONDISSEMENTS, LA GAUCHE, LES ECOLOGISTES ET LES CITOYENS RASSEMBLÉS";"224";"19,19%";"43,08%";"";"41";"";"";"";"";"";"";"";"";"";"";"";""
"13";"Bouches-du-Rhône";"13055SR07";"Marseille Secteur 7";"1348";"825";"482";"58,42%";"343";"41,58%";"470";"56,97%";"97,51%";"7";"0,85%";"1,45%";"5";"0,61%";"1,04%";"2";"BAREILLE";"Marion";"F";"LDVD";"MARSEILLE JE T'AIME13 ET 14";"MARSEILLE JE T'AIME 13 ET 14 AVEC MARION BAREILLE";"23";"2,79%";"4,89%";"";"1";"5";"D'ANGIO";"Sandrine";"F";"LRN";"MARSEILLE EN ORDRE";"MARSEILLE EN ORDRE 13EME & 14EME";"277";"33,58%";"58,94%";"";"11";"6";"BIARD SANSONETTI";"Tina";"F";"LUG";"POUR MARSEILLE, 13E ET 14E";"POUR MARSEILLE, 13E ET 14E ARRONDISSEMENTS, LA GAUCHE, LES ECOLOGISTES ET LES CITOYENS RASSEMBLÉS";"170";"20,61%";"36,17%";"";"41";"";"";"";"";"";"";"";"";"";"";"";""
"13";"Bouches-du-Rhône";"13055SR07";"Marseille Secteur 7";"1349";"1638";"972";"59,34%";"666";"40,66%";"946";"57,75%";"97,33%";"10";"0,61%";"1,03%";"16";"0,98%";"1,65%";"2";"BAREILLE";"Marion";"F";"LDVD";"MARSEILLE JE T'AIME13 ET 14";"MARSEILLE JE T'AIME 13 ET 14 AVEC MARION BAREILLE";"80";"4,88%";"8,46%";"";"1";"5";"D'ANGIO";"Sandrine";"F";"LRN";"MARSEILLE EN ORDRE";"MARSEILLE EN ORDRE 13EME & 14EME";"568";"34,68%";"60,04%";"";"11";"6";"BIARD SANSONETTI";"Tina";"F";"LUG";"POUR MARSEILLE, 13E ET 14E";"POUR MARSEILLE, 13E ET 14E ARRONDISSEMENTS, LA GAUCHE, LES ECOLOGISTES ET LES CITOYENS RASSEMBLÉS";"298";"18,19%";"31,50%";"";"41";"";"";"";"";"";"";"";"";"";"";"";""
"13";"Bouches-du-Rhône";"13055SR07";"Marseille Secteur 7";"1350";"1486";"802";"53,97%";"684";"46,03%";"794";"53,43%";"99,00%";"5";"0,34%";"0,62%";"3";"0,20%";"0,37%";"2";"BAREILLE";"Marion";"F";"LDVD";"MARSEILLE JE T'AIME13 ET 14";"MARSEILLE JE T'AIME 13 ET 14 AVEC MARION BAREILLE";"63";"4,24%";"7,93%";"";"1";"5";"D'ANGIO";"Sandrine";"F";"LRN";"MARSEILLE EN ORDRE";"MARSEILLE EN ORDRE 13EME & 14EME";"400";"26,92%";"50,38%";"";"11";"6";"BIARD SANSONETTI";"Tina";"F";"LUG";"POUR MARSEILLE, 13E ET 14E";"POUR MARSEILLE, 13E ET 14E ARRONDISSEMENTS, LA GAUCHE, LES ECOLOGISTES ET LES CITOYENS RASSEMBLÉS";"331";"22,27%";"41,69%";"";"41";"";"";"";"";"";"";"";"";"";"";"";""
"13";"Bouches-du-Rhône";"13055SR07";"Marseille Secteur 7";"1351";"1454";"716";"49,24%";"738";"50,76%";"700";"48,14%";"97,77%";"6";"0,41%";"0,84%";"10";"0,69%";"1,40%";"2";"BAREILLE";"Marion";"F";"LDVD";"MARSEILLE JE T'AIME13 ET 14";"MARSEILLE JE T'AIME 13 ET 14 AVEC MARION BAREILLE";"40";"2,75%";"5,71%";"";"1";"5";"D'ANGIO";"Sandrine";"F";"LRN";"MARSEILLE EN ORDRE";"MARSEILLE EN ORDRE 13EME & 14EME";"287";"19,74%";"41,00%";"";"11";"6";"BIARD SANSONETTI";"Tina";"F";"LUG";"POUR MARSEILLE, 13E ET 14E";"POUR MARSEILLE, 13E ET 14E ARRONDISSEMENTS, LA GAUCHE, LES ECOLOGISTES ET LES CITOYENS RASSEMBLÉS";"373";"25,65%";"53,29%";"";"41";"";"";"";"";"";"";"";"";"";"";"";""
"13";"Bouches-du-Rhône";"13055SR07";"Marseille Secteur 7";"1360";"855";"431";"50,41%";"424";"49,59%";"422";"49,36%";"97,91%";"1";"0,12%";"0,23%";"8";"0,94%";"1,86%";"2";"BAREILLE";"Marion";"F";"LDVD";"MARSEILLE JE T'AIME13 ET 14";"MARSEILLE JE T'AIME 13 ET 14 AVEC MARION BAREILLE";"22";"2,57%";"5,21%";"";"1";"5";"D'ANGIO";"Sandrine";"F";"LRN";"MARSEILLE EN ORDRE";"MARSEILLE EN ORDRE 13EME & 14EME";"200";"23,39%";"47,39%";"";"11";"6";"BIARD SANSONETTI";"Tina";"F";"LUG";"POUR MARSEILLE, 13E ET 14E";"POUR MARSEILLE, 13E ET 14E ARRONDISSEMENTS, LA GAUCHE, LES ECOLOGISTES ET LES CITOYENS RASSEMBLÉS";"200";"23,39%";"47,39%";"";"41";"";"";"";"";"";"";"";"";"";"";"";""
"13";"Bouches-du-Rhône";"13055SR07";"Marseille Secteur 7";"1361";"1021";"548";"53,67%";"473";"46,33%";"539";"52,79%";"98,36%";"3";"0,29%";"0,55%";"6";"0,59%";"1,09%";"2";"BAREILLE";"Marion";"F";"LDVD";"MARSEILLE JE T'AIME13 ET 14";"MARSEILLE JE T'AIME 13 ET 14 AVEC MARION BAREILLE";"45";"4,41%";"8,35%";"";"1";"5";"D'ANGIO";"Sandrine";"F";"LRN";"MARSEILLE EN ORDRE";"MARSEILLE EN ORDRE 13EME & 14EME";"308";"30,17%";"57,14%";"";"11";"6";"BIARD SANSONETTI";"Tina";"F";"LUG";"POUR MARSEILLE, 13E ET 14E";"POUR MARSEILLE, 13E ET 14E ARRONDISSEMENTS, LA GAUCHE, LES ECOLOGISTES ET LES CITOYENS RASSEMBLÉS";"186";"18,22%";"34,51%";"";"41";"";"";"";"";"";"";"";"";"";"";"";""
"13";"Bouches-du-Rhône";"13055SR07";"Marseille Secteur 7";"1362";"858";"511";"59,56%";"347";"40,44%";"498";"58,04%";"97,46%";"8";"0,93%";"1,57%";"5";"0,58%";"0,98%";"2";"BAREILLE";"Marion";"F";"LDVD";"MARSEILLE JE T'AIME13 ET 14";"MARSEILLE JE T'AIME 13 ET 14 AVEC MARION BAREILLE";"35";"4,08%";"7,03%";"";"1";"5";"D'ANGIO";"Sandrine";"F";"LRN";"MARSEILLE EN ORDRE";"MARSEILLE EN ORDRE 13EME & 14EME";"350";"40,79%";"70,28%";"";"11";"6";"BIARD SANSONETTI";"Tina";"F";"LUG";"POUR MARSEILLE, 13E ET 14E";"POUR MARSEILLE, 13E ET 14E ARRONDISSEMENTS, LA GAUCHE, LES ECOLOGISTES ET LES CITOYENS RASSEMBLÉS";"113";"13,17%";"22,69%";"";"41";"";"";"";"";"";"";"";"";"";"";"";""
"13";"Bouches-du-Rhône";"13055SR07";"Marseille Secteur 7";"1363";"1056";"622";"58,90%";"434";"41,10%";"612";"57,95%";"98,39%";"8";"0,76%";"1,29%";"2";"0,19%";"0,32%";"2";"BAREILLE";"Marion";"F";"LDVD";"MARSEILLE JE T'AIME13 ET 14";"MARSEILLE JE T'AIME 13 ET 14 AVEC MARION BAREILLE";"48";"4,55%";"7,84%";"";"1";"5";"D'ANGIO";"Sandrine";"F";"LRN";"MARSEILLE EN ORDRE";"MARSEILLE EN ORDRE 13EME & 14EME";"382";"36,17%";"62,42%";"";"11";"6";"BIARD SANSONETTI";"Tina";"F";"LUG";"POUR MARSEILLE, 13E ET 14E";"POUR MARSEILLE, 13E ET 14E ARRONDISSEMENTS, LA GAUCHE, LES ECOLOGISTES ET LES CITOYENS RASSEMBLÉS";"182";"17,23%";"29,74%";"";"41";"";"";"";"";"";"";"";"";"";"";"";""
"13";"Bouches-du-Rhône";"13055SR07";"Marseille Secteur 7";"1364";"899";"576";"64,07%";"323";"35,93%";"561";"62,40%";"97,40%";"5";"0,56%";"0,87%";"10";"1,11%";"1,74%";"2";"BAREILLE";"Marion";"F";"LDVD";"MARSEILLE JE T'AIME13 ET 14";"MARSEILLE JE T'AIME 13 ET 14 AVEC MARION BAREILLE";"42";"4,67%";"7,49%";"";"1";"5";"D'ANGIO";"Sandrine";"F";"LRN";"MARSEILLE EN ORDRE";"MARSEILLE EN ORDRE 13EME & 14EME";"313";"34,82%";"55,79%";"";"11";"6";"BIARD SANSONETTI";"Tina";"F";"LUG";"POUR MARSEILLE, 13E ET 14E";"POUR MARSEILLE, 13E ET 14E ARRONDISSEMENTS, LA GAUCHE, LES ECOLOGISTES ET LES CITOYENS RASSEMBLÉS";"206";"22,91%";"36,72%";"";"41";"";"";"";"";"";"";"";"";"";"";"";""
"13";"Bouches-du-Rhône";"13055SR07";"Marseille Secteur 7";"1365";"1596";"786";"49,25%";"810";"50,75%";"776";"48,62%";"98,73%";"9";"0,56%";"1,15%";"1";"0,06%";"0,13%";"2";"BAREILLE";"Marion";"F";"LDVD";"MARSEILLE JE T'AIME13 ET 14";"MARSEILLE JE T'AIME 13 ET 14 AVEC MARION BAREILLE";"51";"3,20%";"6,57%";"";"1";"5";"D'ANGIO";"Sandrine";"F";"LRN";"MARSEILLE EN ORDRE";"MARSEILLE EN ORDRE 13EME & 14EME";"344";"21,55%";"44,33%";"";"11";"6";"BIARD SANSONETTI";"Tina";"F";"LUG";"POUR MARSEILLE, 13E ET 14E";"POUR MARSEILLE, 13E ET 14E ARRONDISSEMENTS, LA GAUCHE, LES ECOLOGISTES ET LES CITOYENS RASSEMBLÉS";"381";"23,87%";"49,10%";"";"41";"";"";"";"";"";"";"";"";"";"";"";""
"13";"Bouches-du-Rhône";"13055SR07";"Marseille Secteur 7";"1366";"1067";"437";"40,96%";"630";"59,04%";"424";"39,74%";"97,03%";"7";"0,66%";"1,60%";"6";"0,56%";"1,37%";"2";"BAREILLE";"Marion";"F";"LDVD";"MARSEILLE JE T'AIME13 ET 14";"MARSEILLE JE T'AIME 13 ET 14 AVEC MARION BAREILLE";"22";"2,06%";"5,19%";"";"1";"5";"D'ANGIO";"Sandrine";"F";"LRN";"MARSEILLE EN ORDRE";"MARSEILLE EN ORDRE 13EME & 14EME";"156";"14,62%";"36,79%";"";"11";"6";"BIARD SANSONETTI";"Tina";"F";"LUG";"POUR MARSEILLE, 13E ET 14E";"POUR MARSEILLE, 13E ET 14E ARRONDISSEMENTS, LA GAUCHE, LES ECOLOGISTES ET LES CITOYENS RASSEMBLÉS";"246";"23,06%";"58,02%";"";"41";"";"";"";"";"";"";"";"";"";"";"";""
"13";"Bouches-du-Rhône";"13055SR07";"Marseille Secteur 7";"1367";"1680";"1055";"62,80%";"625";"37,20%";"1041";"61,96%";"98,67%";"10";"0,60%";"0,95%";"4";"0,24%";"0,38%";"2";"BAREILLE";"Marion";"F";"LDVD";"MARSEILLE JE T'AIME13 ET 14";"MARSEILLE JE T'AIME 13 ET 14 AVEC MARION BAREILLE";"79";"4,70%";"7,59%";"";"1";"5";"D'ANGIO";"Sandrine";"F";"LRN";"MARSEILLE EN ORDRE";"MARSEILLE EN ORDRE 13EME & 14EME";"643";"38,27%";"61,77%";"";"11";"6";"BIARD SANSONETTI";"Tina";"F";"LUG";"POUR MARSEILLE, 13E ET 14E";"POUR MARSEILLE, 13E ET 14E ARRONDISSEMENTS, LA GAUCHE, LES ECOLOGISTES ET LES CITOYENS RASSEMBLÉS";"319";"18,99%";"30,64%";"";"41";"";"";"";"";"";"";"";"";"";"";"";""
"13";"Bouches-du-Rhône";"13055SR07";"Marseille Secteur 7";"1368";"1416";"730";"51,55%";"686";"48,45%";"721";"50,92%";"98,77%";"5";"0,35%";"0,68%";"4";"0,28%";"0,55%";"2";"BAREILLE";"Marion";"F";"LDVD";"MARSEILLE JE T'AIME13 ET 14";"MARSEILLE JE T'AIME 13 ET 14 AVEC MARION BAREILLE";"50";"3,53%";"6,93%";"";"1";"5";"D'ANGIO";"Sandrine";"F";"LRN";"MARSEILLE EN ORDRE";"MARSEILLE EN ORDRE 13EME & 14EME";"404";"28,53%";"56,03%";"";"11";"6";"BIARD SANSONETTI";"Tina";"F";"LUG";"POUR MARSEILLE, 13E ET 14E";"POUR MARSEILLE, 13E ET 14E ARRONDISSEMENTS, LA GAUCHE, LES ECOLOGISTES ET LES CITOYENS RASSEMBLÉS";"267";"18,86%";"37,03%";"";"41";"";"";"";"";"";"";"";"";"";"";"";""
"13";"Bouches-du-Rhône";"13055SR07";"Marseille Secteur 7";"1369";"1103";"678";"61,47%";"425";"38,53%";"666";"60,38%";"98,23%";"9";"0,82%";"1,33%";"3";"0,27%";"0,44%";"2";"BAREILLE";"Marion";"F";"LDVD";"MARSEILLE JE T'AIME13 ET 14";"MARSEILLE JE T'AIME 13 ET 14 AVEC MARION BAREILLE";"63";"5,71%";"9,46%";"";"1";"5";"D'ANGIO";"Sandrine";"F";"LRN";"MARSEILLE EN ORDRE";"MARSEILLE EN ORDRE 13EME & 14EME";"397";"35,99%";"59,61%";"";"11";"6";"BIARD SANSONETTI";"Tina";"F";"LUG";"POUR MARSEILLE, 13E ET 14E";"POUR MARSEILLE, 13E ET 14E ARRONDISSEMENTS, LA GAUCHE, LES ECOLOGISTES ET LES CITOYENS RASSEMBLÉS";"206";"18,68%";"30,93%";"";"41";"";"";"";"";"";"";"";"";"";"";"";""
"13";"Bouches-du-Rhône";"13055SR07";"Marseille Secteur 7";"1370";"1633";"1032";"63,20%";"601";"36,80%";"1006";"61,60%";"97,48%";"18";"1,10%";"1,74%";"8";"0,49%";"0,78%";"2";"BAREILLE";"Marion";"F";"LDVD";"MARSEILLE JE T'AIME13 ET 14";"MARSEILLE JE T'AIME 13 ET 14 AVEC MARION BAREILLE";"67";"4,10%";"6,66%";"";"1";"5";"D'ANGIO";"Sandrine";"F";"LRN";"MARSEILLE EN ORDRE";"MARSEILLE EN ORDRE 13EME & 14EME";"660";"40,42%";"65,61%";"";"11";"6";"BIARD SANSONETTI";"Tina";"F";"LUG";"POUR MARSEILLE, 13E ET 14E";"POUR MARSEILLE, 13E ET 14E ARRONDISSEMENTS, LA GAUCHE, LES ECOLOGISTES ET LES CITOYENS RASSEMBLÉS";"279";"17,09%";"27,73%";"";"41";"";"";"";"";"";"";"";"";"";"";"";""
"13";"Bouches-du-Rhône";"13055SR07";"Marseille Secteur 7";"1371";"1562";"980";"62,74%";"582";"37,26%";"960";"61,46%";"97,96%";"8";"0,51%";"0,82%";"12";"0,77%";"1,22%";"2";"BAREILLE";"Marion";"F";"LDVD";"MARSEILLE JE T'AIME13 ET 14";"MARSEILLE JE T'AIME 13 ET 14 AVEC MARION BAREILLE";"90";"5,76%";"9,38%";"";"1";"5";"D'ANGIO";"Sandrine";"F";"LRN";"MARSEILLE EN ORDRE";"MARSEILLE EN ORDRE 13EME & 14EME";"555";"35,53%";"57,81%";"";"11";"6";"BIARD SANSONETTI";"Tina";"F";"LUG";"POUR MARSEILLE, 13E ET 14E";"POUR MARSEILLE, 13E ET 14E ARRONDISSEMENTS, LA GAUCHE, LES ECOLOGISTES ET LES CITOYENS RASSEMBLÉS";"315";"20,17%";"32,81%";"";"41";"";"";"";"";"";"";"";"";"";"";"";""
"13";"Bouches-du-Rhône";"13055SR07";"Marseille Secteur 7";"1372";"1002";"697";"69,56%";"305";"30,44%";"689";"68,76%";"98,85%";"4";"0,40%";"0,57%";"4";"0,40%";"0,57%";"2";"BAREILLE";"Marion";"F";"LDVD";"MARSEILLE JE T'AIME13 ET 14";"MARSEILLE JE T'AIME 13 ET 14 AVEC MARION BAREILLE";"60";"5,99%";"8,71%";"";"1";"5";"D'ANGIO";"Sandrine";"F";"LRN";"MARSEILLE EN ORDRE";"MARSEILLE EN ORDRE 13EME & 14EME";"386";"38,52%";"56,02%";"";"11";"6";"BIARD SANSONETTI";"Tina";"F";"LUG";"POUR MARSEILLE, 13E ET 14E";"POUR MARSEILLE, 13E ET 14E ARRONDISSEMENTS, LA GAUCHE, LES ECOLOGISTES ET LES CITOYENS RASSEMBLÉS";"243";"24,25%";"35,27%";"";"41";"";"";"";"";"";"";"";"";"";"";"";""
"13";"Bouches-du-Rhône";"13055SR07";"Marseille Secteur 7";"1373";"1177";"770";"65,42%";"407";"34,58%";"757";"64,32%";"98,31%";"9";"0,76%";"1,17%";"4";"0,34%";"0,52%";"2";"BAREILLE";"Marion";"F";"LDVD";"MARSEILLE JE T'AIME13 ET 14";"MARSEILLE JE T'AIME 13 ET 14 AVEC MARION BAREILLE";"54";"4,59%";"7,13%";"";"1";"5";"D'ANGIO";"Sandrine";"F";"LRN";"MARSEILLE EN ORDRE";"MARSEILLE EN ORDRE 13EME & 14EME";"452";"38,40%";"59,71%";"";"11";"6";"BIARD SANSONETTI";"Tina";"F";"LUG";"POUR MARSEILLE, 13E ET 14E";"POUR MARSEILLE, 13E ET 14E ARRONDISSEMENTS, LA GAUCHE, LES ECOLOGISTES ET LES CITOYENS RASSEMBLÉS";"251";"21,33%";"33,16%";"";"41";"";"";"";"";"";"";"";"";"";"";"";""
"13";"Bouches-du-Rhône";"13055SR07";"Marseille Secteur 7";"1374";"1561";"986";"63,16%";"575";"36,84%";"970";"62,14%";"98,38%";"10";"0,64%";"1,01%";"6";"0,38%";"0,61%";"2";"BAREILLE";"Marion";"F";"LDVD";"MARSEILLE JE T'AIME13 ET 14";"MARSEILLE JE T'AIME 13 ET 14 AVEC MARION BAREILLE";"100";"6,41%";"10,31%";"";"1";"5";"D'ANGIO";"Sandrine";"F";"LRN";"MARSEILLE EN ORDRE";"MARSEILLE EN ORDRE 13EME & 14EME";"580";"37,16%";"59,79%";"";"11";"6";"BIARD SANSONETTI";"Tina";"F";"LUG";"POUR MARSEILLE, 13E ET 14E";"POUR MARSEILLE, 13E ET 14E ARRONDISSEMENTS, LA GAUCHE, LES ECOLOGISTES ET LES CITOYENS RASSEMBLÉS";"290";"18,58%";"29,90%";"";"41";"";"";"";"";"";"";"";"";"";"";"";""
"13";"Bouches-du-Rhône";"13055SR07";"Marseille Secteur 7";"1375";"1228";"742";"60,42%";"486";"39,58%";"731";"59,53%";"98,52%";"6";"0,49%";"0,81%";"5";"0,41%";"0,67%";"2";"BAREILLE";"Marion";"F";"LDVD";"MARSEILLE JE T'AIME13 ET 14";"MARSEILLE JE T'AIME 13 ET 14 AVEC MARION BAREILLE";"39";"3,18%";"5,34%";"";"1";"5";"D'ANGIO";"Sandrine";"F";"LRN";"MARSEILLE EN ORDRE";"MARSEILLE EN ORDRE 13EME & 14EME";"456";"37,13%";"62,38%";"";"11";"6";"BIARD SANSONETTI";"Tina";"F";"LUG";"POUR MARSEILLE, 13E ET 14E";"POUR MARSEILLE, 13E ET 14E ARRONDISSEMENTS, LA GAUCHE, LES ECOLOGISTES ET LES CITOYENS RASSEMBLÉS";"236";"19,22%";"32,28%";"";"41";"";"";"";"";"";"";"";"";"";"";"";""
"13";"Bouches-du-Rhône";"13055SR07";"Marseille Secteur 7";"1376";"1043";"617";"59,16%";"426";"40,84%";"601";"57,62%";"97,41%";"6";"0,58%";"0,97%";"10";"0,96%";"1,62%";"2";"BAREILLE";"Marion";"F";"LDVD";"MARSEILLE JE T'AIME13 ET 14";"MARSEILLE JE T'AIME 13 ET 14 AVEC MARION BAREILLE";"76";"7,29%";"12,65%";"";"1";"5";"D'ANGIO";"Sandrine";"F";"LRN";"MARSEILLE EN ORDRE";"MARSEILLE EN ORDRE 13EME & 14EME";"358";"34,32%";"59,57%";"";"11";"6";"BIARD SANSONETTI";"Tina";"F";"LUG";"POUR MARSEILLE, 13E ET 14E";"POUR MARSEILLE, 13E ET 14E ARRONDISSEMENTS, LA GAUCHE, LES ECOLOGISTES ET LES CITOYENS RASSEMBLÉS";"167";"16,01%";"27,79%";"";"41";"";"";"";"";"";"";"";"";"";"";"";""
"13";"Bouches-du-Rhône";"13055SR07";"Marseille Secteur 7";"1377";"879";"352";"40,05%";"527";"59,95%";"349";"39,70%";"99,15%";"3";"0,34%";"0,85%";"0";"0,00%";"0,00%";"2";"BAREILLE";"Marion";"F";"LDVD";"MARSEILLE JE T'AIME13 ET 14";"MARSEILLE JE T'AIME 13 ET 14 AVEC MARION BAREILLE";"28";"3,19%";"8,02%";"";"1";"5";"D'ANGIO";"Sandrine";"F";"LRN";"MARSEILLE EN ORDRE";"MARSEILLE EN ORDRE 13EME & 14EME";"101";"11,49%";"28,94%";"";"11";"6";"BIARD SANSONETTI";"Tina";"F";"LUG";"POUR MARSEILLE, 13E ET 14E";"POUR MARSEILLE, 13E ET 14E ARRONDISSEMENTS, LA GAUCHE, LES ECOLOGISTES ET LES CITOYENS RASSEMBLÉS";"220";"25,03%";"63,04%";"";"41";"";"";"";"";"";"";"";"";"";"";"";""
"13";"Bouches-du-Rhône";"13055SR07";"Marseille Secteur 7";"1378";"1089";"757";"69,51%";"332";"30,49%";"749";"68,78%";"98,94%";"5";"0,46%";"0,66%";"3";"0,28%";"0,40%";"2";"BAREILLE";"Marion";"F";"LDVD";"MARSEILLE JE T'AIME13 ET 14";"MARSEILLE JE T'AIME 13 ET 14 AVEC MARION BAREILLE";"56";"5,14%";"7,48%";"";"1";"5";"D'ANGIO";"Sandrine";"F";"LRN";"MARSEILLE EN ORDRE";"MARSEILLE EN ORDRE 13EME & 14EME";"493";"45,27%";"65,82%";"";"11";"6";"BIARD SANSONETTI";"Tina";"F";"LUG";"POUR MARSEILLE, 13E ET 14E";"POUR MARSEILLE, 13E ET 14E ARRONDISSEMENTS, LA GAUCHE, LES ECOLOGISTES ET LES CITOYENS RASSEMBLÉS";"200";"18,37%";"26,70%";"";"41";"";"";"";"";"";"";"";"";"";"";"";""
"13";"Bouches-du-Rhône";"13055SR07";"Marseille Secteur 7";"1399";"373";"4";"1,07%";"369";"98,93%";"4";"1,07%";"100,00%";"0";"0,00%";"0,00%";"0";"0,00%";"0,00%";"2";"BAREILLE";"Marion";"F";"LDVD";"MARSEILLE JE T'AIME13 ET 14";"MARSEILLE JE T'AIME 13 ET 14 AVEC MARION BAREILLE";"0";"0,00%";"0,00%";"";"1";"5";"D'ANGIO";"Sandrine";"F";"LRN";"MARSEILLE EN ORDRE";"MARSEILLE EN ORDRE 13EME & 14EME";"1";"0,27%";"25,00%";"";"11";"6";"BIARD SANSONETTI";"Tina";"F";"LUG";"POUR MARSEILLE, 13E ET 14E";"POUR MARSEILLE, 13E ET 14E ARRONDISSEMENTS, LA GAUCHE, LES ECOLOGISTES ET LES CITOYENS RASSEMBLÉS";"3";"0,80%";"75,00%";"";"41";"";"";"";"";"";"";"";"";"";"";"";""
"13";"Bouches-du-Rhône";"13055SR07";"Marseille Secteur 7";"1401";"945";"382";"40,42%";"563";"59,58%";"377";"39,89%";"98,69%";"1";"0,11%";"0,26%";"4";"0,42%";"1,05%";"2";"BAREILLE";"Marion";"F";"LDVD";"MARSEILLE JE T'AIME13 ET 14";"MARSEILLE JE T'AIME 13 ET 14 AVEC MARION BAREILLE";"13";"1,38%";"3,45%";"";"1";"5";"D'ANGIO";"Sandrine";"F";"LRN";"MARSEILLE EN ORDRE";"MARSEILLE EN ORDRE 13EME & 14EME";"174";"18,41%";"46,15%";"";"11";"6";"BIARD SANSONETTI";"Tina";"F";"LUG";"POUR MARSEILLE, 13E ET 14E";"POUR MARSEILLE, 13E ET 14E ARRONDISSEMENTS, LA GAUCHE, LES ECOLOGISTES ET LES CITOYENS RASSEMBLÉS";"190";"20,11%";"50,40%";"";"41";"";"";"";"";"";"";"";"";"";"";"";""
"13";"Bouches-du-Rhône";"13055SR07";"Marseille Secteur 7";"1402";"1179";"491";"41,65%";"688";"58,35%";"485";"41,14%";"98,78%";"1";"0,08%";"0,20%";"5";"0,42%";"1,02%";"2";"BAREILLE";"Marion";"F";"LDVD";"MARSEILLE JE T'AIME13 ET 14";"MARSEILLE JE T'AIME 13 ET 14 AVEC MARION BAREILLE";"24";"2,04%";"4,95%";"";"1";"5";"D'ANGIO";"Sandrine";"F";"LRN";"MARSEILLE EN ORDRE";"MARSEILLE EN ORDRE 13EME & 14EME";"146";"12,38%";"30,10%";"";"11";"6";"BIARD SANSONETTI";"Tina";"F";"LUG";"POUR MARSEILLE, 13E ET 14E";"POUR MARSEILLE, 13E ET 14E ARRONDISSEMENTS, LA GAUCHE, LES ECOLOGISTES ET LES CITOYENS RASSEMBLÉS";"315";"26,72%";"64,95%";"";"41";"";"";"";"";"";"";"";"";"";"";"";""
"13";"Bouches-du-Rhône";"13055SR07";"Marseille Secteur 7";"1404";"1577";"587";"37,22%";"990";"62,78%";"574";"36,40%";"97,79%";"7";"0,44%";"1,19%";"6";"0,38%";"1,02%";"2";"BAREILLE";"Marion";"F";"LDVD";"MARSEILLE JE T'AIME13 ET 14";"MARSEILLE JE T'AIME 13 ET 14 AVEC MARION BAREILLE";"20";"1,27%";"3,48%";"";"1";"5";"D'ANGIO";"Sandrine";"F";"LRN";"MARSEILLE EN ORDRE";"MARSEILLE EN ORDRE 13EME & 14EME";"121";"7,67%";"21,08%";"";"11";"6";"BIARD SANSONETTI";"Tina";"F";"LUG";"POUR MARSEILLE, 13E ET 14E";"POUR MARSEILLE, 13E ET 14E ARRONDISSEMENTS, LA GAUCHE, LES ECOLOGISTES ET LES CITOYENS RASSEMBLÉS";"433";"27,46%";"75,44%";"";"41";"";"";"";"";"";"";"";"";"";"";"";""
"13";"Bouches-du-Rhône";"13055SR07";"Marseille Secteur 7";"1405";"1580";"611";"38,67%";"969";"61,33%";"602";"38,10%";"98,53%";"3";"0,19%";"0,49%";"6";"0,38%";"0,98%";"2";"BAREILLE";"Marion";"F";"LDVD";"MARSEILLE JE T'AIME13 ET 14";"MARSEILLE JE T'AIME 13 ET 14 AVEC MARION BAREILLE";"25";"1,58%";"4,15%";"";"1";"5";"D'ANGIO";"Sandrine";"F";"LRN";"MARSEILLE EN ORDRE";"MARSEILLE EN ORDRE 13EME & 14EME";"98";"6,20%";"16,28%";"";"11";"6";"BIARD SANSONETTI";"Tina";"F";"LUG";"POUR MARSEILLE, 13E ET 14E";"POUR MARSEILLE, 13E ET 14E ARRONDISSEMENTS, LA GAUCHE, LES ECOLOGISTES ET LES CITOYENS RASSEMBLÉS";"479";"30,32%";"79,57%";"";"41";"";"";"";"";"";"";"";"";"";"";"";""
"13";"Bouches-du-Rhône";"13055SR07";"Marseille Secteur 7";"1407";"1521";"630";"41,42%";"891";"58,58%";"619";"40,70%";"98,25%";"4";"0,26%";"0,63%";"7";"0,46%";"1,11%";"2";"BAREILLE";"Marion";"F";"LDVD";"MARSEILLE JE T'AIME13 ET 14";"MARSEILLE JE T'AIME 13 ET 14 AVEC MARION BAREILLE";"31";"2,04%";"5,01%";"";"1";"5";"D'ANGIO";"Sandrine";"F";"LRN";"MARSEILLE EN ORDRE";"MARSEILLE EN ORDRE 13EME & 14EME";"129";"8,48%";"20,84%";"";"11";"6";"BIARD SANSONETTI";"Tina";"F";"LUG";"POUR MARSEILLE, 13E ET 14E";"POUR MARSEILLE, 13E ET 14E ARRONDISSEMENTS, LA GAUCHE, LES ECOLOGISTES ET LES CITOYENS RASSEMBLÉS";"459";"30,18%";"74,15%";"";"41";"";"";"";"";"";"";"";"";"";"";"";""
"13";"Bouches-du-Rhône";"13055SR07";"Marseille Secteur 7";"1408";"752";"362";"48,14%";"390";"51,86%";"359";"47,74%";"99,17%";"2";"0,27%";"0,55%";"1";"0,13%";"0,28%";"2";"BAREILLE";"Marion";"F";"LDVD";"MARSEILLE JE T'AIME13 ET 14";"MARSEILLE JE T'AIME 13 ET 14 AVEC MARION BAREILLE";"19";"2,53%";"5,29%";"";"1";"5";"D'ANGIO";"Sandrine";"F";"LRN";"MARSEILLE EN ORDRE";"MARSEILLE EN ORDRE 13EME & 14EME";"127";"16,89%";"35,38%";"";"11";"6";"BIARD SANSONETTI";"Tina";"F";"LUG";"POUR MARSEILLE, 13E ET 14E";"POUR MARSEILLE, 13E ET 14E ARRONDISSEMENTS, LA GAUCHE, LES ECOLOGISTES ET LES CITOYENS RASSEMBLÉS";"213";"28,32%";"59,33%";"";"41";"";"";"";"";"";"";"";"";"";"";"";""
"13";"Bouches-du-Rhône";"13055SR07";"Marseille Secteur 7";"1409";"731";"278";"38,03%";"453";"61,97%";"272";"37,21%";"97,84%";"5";"0,68%";"1,80%";"1";"0,14%";"0,36%";"2";"BAREILLE";"Marion";"F";"LDVD";"MARSEILLE JE T'AIME13 ET 14";"MARSEILLE JE T'AIME 13 ET 14 AVEC MARION BAREILLE";"14";"1,92%";"5,15%";"";"1";"5";"D'ANGIO";"Sandrine";"F";"LRN";"MARSEILLE EN ORDRE";"MARSEILLE EN ORDRE 13EME & 14EME";"67";"9,17%";"24,63%";"";"11";"6";"BIARD SANSONETTI";"Tina";"F";"LUG";"POUR MARSEILLE, 13E ET 14E";"POUR MARSEILLE, 13E ET 14E ARRONDISSEMENTS, LA GAUCHE, LES ECOLOGISTES ET LES CITOYENS RASSEMBLÉS";"191";"26,13%";"70,22%";"";"41";"";"";"";"";"";"";"";"";"";"";"";""
"13";"Bouches-du-Rhône";"13055SR07";"Marseille Secteur 7";"1410";"1038";"429";"41,33%";"609";"58,67%";"421";"40,56%";"98,14%";"7";"0,67%";"1,63%";"1";"0,10%";"0,23%";"2";"BAREILLE";"Marion";"F";"LDVD";"MARSEILLE JE T'AIME13 ET 14";"MARSEILLE JE T'AIME 13 ET 14 AVEC MARION BAREILLE";"28";"2,70%";"6,65%";"";"1";"5";"D'ANGIO";"Sandrine";"F";"LRN";"MARSEILLE EN ORDRE";"MARSEILLE EN ORDRE 13EME & 14EME";"95";"9,15%";"22,57%";"";"11";"6";"BIARD SANSONETTI";"Tina";"F";"LUG";"POUR MARSEILLE, 13E ET 14E";"POUR MARSEILLE, 13E ET 14E ARRONDISSEMENTS, LA GAUCHE, LES ECOLOGISTES ET LES CITOYENS RASSEMBLÉS";"298";"28,71%";"70,78%";"";"41";"";"";"";"";"";"";"";"";"";"";"";""
"13";"Bouches-du-Rhône";"13055SR07";"Marseille Secteur 7";"1411";"467";"197";"42,18%";"270";"57,82%";"193";"41,33%";"97,97%";"4";"0,86%";"2,03%";"0";"0,00%";"0,00%";"2";"BAREILLE";"Marion";"F";"LDVD";"MARSEILLE JE T'AIME13 ET 14";"MARSEILLE JE T'AIME 13 ET 14 AVEC MARION BAREILLE";"8";"1,71%";"4,15%";"";"1";"5";"D'ANGIO";"Sandrine";"F";"LRN";"MARSEILLE EN ORDRE";"MARSEILLE EN ORDRE 13EME & 14EME";"68";"14,56%";"35,23%";"";"11";"6";"BIARD SANSONETTI";"Tina";"F";"LUG";"POUR MARSEILLE, 13E ET 14E";"POUR MARSEILLE, 13E ET 14E ARRONDISSEMENTS, LA GAUCHE, LES ECOLOGISTES ET LES CITOYENS RASSEMBLÉS";"117";"25,05%";"60,62%";"";"41";"";"";"";"";"";"";"";"";"";"";"";""
"13";"Bouches-du-Rhône";"13055SR07";"Marseille Secteur 7";"1414";"1183";"475";"40,15%";"708";"59,85%";"468";"39,56%";"98,53%";"1";"0,08%";"0,21%";"6";"0,51%";"1,26%";"2";"BAREILLE";"Marion";"F";"LDVD";"MARSEILLE JE T'AIME13 ET 14";"MARSEILLE JE T'AIME 13 ET 14 AVEC MARION BAREILLE";"25";"2,11%";"5,34%";"";"1";"5";"D'ANGIO";"Sandrine";"F";"LRN";"MARSEILLE EN ORDRE";"MARSEILLE EN ORDRE 13EME & 14EME";"188";"15,89%";"40,17%";"";"11";"6";"BIARD SANSONETTI";"Tina";"F";"LUG";"POUR MARSEILLE, 13E ET 14E";"POUR MARSEILLE, 13E ET 14E ARRONDISSEMENTS, LA GAUCHE, LES ECOLOGISTES ET LES CITOYENS RASSEMBLÉS";"255";"21,56%";"54,49%";"";"41";"";"";"";"";"";"";"";"";"";"";"";""
"13";"Bouches-du-Rhône";"13055SR07";"Marseille Secteur 7";"1415";"1039";"483";"46,49%";"556";"53,51%";"477";"45,91%";"98,76%";"2";"0,19%";"0,41%";"4";"0,38%";"0,83%";"2";"BAREILLE";"Marion";"F";"LDVD";"MARSEILLE JE T'AIME13 ET 14";"MARSEILLE JE T'AIME 13 ET 14 AVEC MARION BAREILLE";"17";"1,64%";"3,56%";"";"1";"5";"D'ANGIO";"Sandrine";"F";"LRN";"MARSEILLE EN ORDRE";"MARSEILLE EN ORDRE 13EME & 14EME";"214";"20,60%";"44,86%";"";"11";"6";"BIARD SANSONETTI";"Tina";"F";"LUG";"POUR MARSEILLE, 13E ET 14E";"POUR MARSEILLE, 13E ET 14E ARRONDISSEMENTS, LA GAUCHE, LES ECOLOGISTES ET LES CITOYENS RASSEMBLÉS";"246";"23,68%";"51,57%";"";"41";"";"";"";"";"";"";"";"";"";"";"";""
"13";"Bouches-du-Rhône";"13055SR07";"Marseille Secteur 7";"1416";"1084";"421";"38,84%";"663";"61,16%";"415";"38,28%";"98,57%";"5";"0,46%";"1,19%";"1";"0,09%";"0,24%";"2";"BAREILLE";"Marion";"F";"LDVD";"MARSEILLE JE T'AIME13 ET 14";"MARSEILLE JE T'AIME 13 ET 14 AVEC MARION BAREILLE";"17";"1,57%";"4,10%";"";"1";"5";"D'ANGIO";"Sandrine";"F";"LRN";"MARSEILLE EN ORDRE";"MARSEILLE EN ORDRE 13EME & 14EME";"98";"9,04%";"23,61%";"";"11";"6";"BIARD SANSONETTI";"Tina";"F";"LUG";"POUR MARSEILLE, 13E ET 14E";"POUR MARSEILLE, 13E ET 14E ARRONDISSEMENTS, LA GAUCHE, LES ECOLOGISTES ET LES CITOYENS RASSEMBLÉS";"300";"27,68%";"72,29%";"";"41";"";"";"";"";"";"";"";"";"";"";"";""
"13";"Bouches-du-Rhône";"13055SR07";"Marseille Secteur 7";"1417";"994";"305";"30,68%";"689";"69,32%";"300";"30,18%";"98,36%";"0";"0,00%";"0,00%";"5";"0,50%";"1,64%";"2";"BAREILLE";"Marion";"F";"LDVD";"MARSEILLE JE T'AIME13 ET 14";"MARSEILLE JE T'AIME 13 ET 14 AVEC MARION BAREILLE";"15";"1,51%";"5,00%";"";"1";"5";"D'ANGIO";"Sandrine";"F";"LRN";"MARSEILLE EN ORDRE";"MARSEILLE EN ORDRE 13EME & 14EME";"39";"3,92%";"13,00%";"";"11";"6";"BIARD SANSONETTI";"Tina";"F";"LUG";"POUR MARSEILLE, 13E ET 14E";"POUR MARSEILLE, 13E ET 14E ARRONDISSEMENTS, LA GAUCHE, LES ECOLOGISTES ET LES CITOYENS RASSEMBLÉS";"246";"24,75%";"82,00%";"";"41";"";"";"";"";"";"";"";"";"";"";"";""
"13";"Bouches-du-Rhône";"13055SR07";"Marseille Secteur 7";"1422";"819";"448";"54,70%";"371";"45,30%";"443";"54,09%";"98,88%";"4";"0,49%";"0,89%";"1";"0,12%";"0,22%";"2";"BAREILLE";"Marion";"F";"LDVD";"MARSEILLE JE T'AIME13 ET 14";"MARSEILLE JE T'AIME 13 ET 14 AVEC MARION BAREILLE";"26";"3,17%";"5,87%";"";"1";"5";"D'ANGIO";"Sandrine";"F";"LRN";"MARSEILLE EN ORDRE";"MARSEILLE EN ORDRE 13EME & 14EME";"215";"26,25%";"48,53%";"";"11";"6";"BIARD SANSONETTI";"Tina";"F";"LUG";"POUR MARSEILLE, 13E ET 14E";"POUR MARSEILLE, 13E ET 14E ARRONDISSEMENTS, LA GAUCHE, LES ECOLOGISTES ET LES CITOYENS RASSEMBLÉS";"202";"24,66%";"45,60%";"";"41";"";"";"";"";"";"";"";"";"";"";"";""
"13";"Bouches-du-Rhône";"13055SR07";"Marseille Secteur 7";"1450";"1155";"439";"38,01%";"716";"61,99%";"431";"37,32%";"98,18%";"3";"0,26%";"0,68%";"5";"0,43%";"1,14%";"2";"BAREILLE";"Marion";"F";"LDVD";"MARSEILLE JE T'AIME13 ET 14";"MARSEILLE JE T'AIME 13 ET 14 AVEC MARION BAREILLE";"22";"1,90%";"5,10%";"";"1";"5";"D'ANGIO";"Sandrine";"F";"LRN";"MARSEILLE EN ORDRE";"MARSEILLE EN ORDRE 13EME & 14EME";"47";"4,07%";"10,90%";"";"11";"6";"BIARD SANSONETTI";"Tina";"F";"LUG";"POUR MARSEILLE, 13E ET 14E";"POUR MARSEILLE, 13E ET 14E ARRONDISSEMENTS, LA GAUCHE, LES ECOLOGISTES ET LES CITOYENS RASSEMBLÉS";"362";"31,34%";"83,99%";"";"41";"";"";"";"";"";"";"";"";"";"";"";""
"13";"Bouches-du-Rhône";"13055SR07";"Marseille Secteur 7";"1451";"1576";"739";"46,89%";"837";"53,11%";"732";"46,45%";"99,05%";"4";"0,25%";"0,54%";"3";"0,19%";"0,41%";"2";"BAREILLE";"Marion";"F";"LDVD";"MARSEILLE JE T'AIME13 ET 14";"MARSEILLE JE T'AIME 13 ET 14 AVEC MARION BAREILLE";"42";"2,66%";"5,74%";"";"1";"5";"D'ANGIO";"Sandrine";"F";"LRN";"MARSEILLE EN ORDRE";"MARSEILLE EN ORDRE 13EME & 14EME";"286";"18,15%";"39,07%";"";"11";"6";"BIARD SANSONETTI";"Tina";"F";"LUG";"POUR MARSEILLE, 13E ET 14E";"POUR MARSEILLE, 13E ET 14E ARRONDISSEMENTS, LA GAUCHE, LES ECOLOGISTES ET LES CITOYENS RASSEMBLÉS";"404";"25,63%";"55,19%";"";"41";"";"";"";"";"";"";"";"";"";"";"";""
"13";"Bouches-du-Rhône";"13055SR07";"Marseille Secteur 7";"1452";"810";"368";"45,43%";"442";"54,57%";"361";"44,57%";"98,10%";"6";"0,74%";"1,63%";"1";"0,12%";"0,27%";"2";"BAREILLE";"Marion";"F";"LDVD";"MARSEILLE JE T'AIME13 ET 14";"MARSEILLE JE T'AIME 13 ET 14 AVEC MARION BAREILLE";"9";"1,11%";"2,49%";"";"1";"5";"D'ANGIO";"Sandrine";"F";"LRN";"MARSEILLE EN ORDRE";"MARSEILLE EN ORDRE 13EME & 14EME";"17";"2,10%";"4,71%";"";"11";"6";"BIARD SANSONETTI";"Tina";"F";"LUG";"POUR MARSEILLE, 13E ET 14E";"POUR MARSEILLE, 13E ET 14E ARRONDISSEMENTS, LA GAUCHE, LES ECOLOGISTES ET LES CITOYENS RASSEMBLÉS";"335";"41,36%";"92,80%";"";"41";"";"";"";"";"";"";"";"";"";"";"";""
"13";"Bouches-du-Rhône";"13055SR07";"Marseille Secteur 7";"1453";"1328";"540";"40,66%";"788";"59,34%";"533";"40,14%";"98,70%";"2";"0,15%";"0,37%";"5";"0,38%";"0,93%";"2";"BAREILLE";"Marion";"F";"LDVD";"MARSEILLE JE T'AIME13 ET 14";"MARSEILLE JE T'AIME 13 ET 14 AVEC MARION BAREILLE";"24";"1,81%";"4,50%";"";"1";"5";"D'ANGIO";"Sandrine";"F";"LRN";"MARSEILLE EN ORDRE";"MARSEILLE EN ORDRE 13EME & 14EME";"28";"2,11%";"5,25%";"";"11";"6";"BIARD SANSONETTI";"Tina";"F";"LUG";"POUR MARSEILLE, 13E ET 14E";"POUR MARSEILLE, 13E ET 14E ARRONDISSEMENTS, LA GAUCHE, LES ECOLOGISTES ET LES CITOYENS RASSEMBLÉS";"481";"36,22%";"90,24%";"";"41";"";"";"";"";"";"";"";"";"";"";"";""
"13";"Bouches-du-Rhône";"13055SR07";"Marseille Secteur 7";"1454";"902";"422";"46,78%";"480";"53,22%";"415";"46,01%";"98,34%";"6";"0,67%";"1,42%";"1";"0,11%";"0,24%";"2";"BAREILLE";"Marion";"F";"LDVD";"MARSEILLE JE T'AIME13 ET 14";"MARSEILLE JE T'AIME 13 ET 14 AVEC MARION BAREILLE";"12";"1,33%";"2,89%";"";"1";"5";"D'ANGIO";"Sandrine";"F";"LRN";"MARSEILLE EN ORDRE";"MARSEILLE EN ORDRE 13EME & 14EME";"38";"4,21%";"9,16%";"";"11";"6";"BIARD SANSONETTI";"Tina";"F";"LUG";"POUR MARSEILLE, 13E ET 14E";"POUR MARSEILLE, 13E ET 14E ARRONDISSEMENTS, LA GAUCHE, LES ECOLOGISTES ET LES CITOYENS RASSEMBLÉS";"365";"40,47%";"87,95%";"";"41";"";"";"";"";"";"";"";"";"";"";"";""
"13";"Bouches-du-Rhône";"13055SR07";"Marseille Secteur 7";"1455";"921";"275";"29,86%";"646";"70,14%";"270";"29,32%";"98,18%";"2";"0,22%";"0,73%";"3";"0,33%";"1,09%";"2";"BAREILLE";"Marion";"F";"LDVD";"MARSEILLE JE T'AIME13 ET 14";"MARSEILLE JE T'AIME 13 ET 14 AVEC MARION BAREILLE";"16";"1,74%";"5,93%";"";"1";"5";"D'ANGIO";"Sandrine";"F";"LRN";"MARSEILLE EN ORDRE";"MARSEILLE EN ORDRE 13EME & 14EME";"31";"3,37%";"11,48%";"";"11";"6";"BIARD SANSONETTI";"Tina";"F";"LUG";"POUR MARSEILLE, 13E ET 14E";"POUR MARSEILLE, 13E ET 14E ARRONDISSEMENTS, LA GAUCHE, LES ECOLOGISTES ET LES CITOYENS RASSEMBLÉS";"223";"24,21%";"82,59%";"";"41";"";"";"";"";"";"";"";"";"";"";"";""
"13";"Bouches-du-Rhône";"13055SR07";"Marseille Secteur 7";"1456";"1198";"519";"43,32%";"679";"56,68%";"510";"42,57%";"98,27%";"5";"0,42%";"0,96%";"4";"0,33%";"0,77%";"2";"BAREILLE";"Marion";"F";"LDVD";"MARSEILLE JE T'AIME13 ET 14";"MARSEILLE JE T'AIME 13 ET 14 AVEC MARION BAREILLE";"35";"2,92%";"6,86%";"";"1";"5";"D'ANGIO";"Sandrine";"F";"LRN";"MARSEILLE EN ORDRE";"MARSEILLE EN ORDRE 13EME & 14EME";"133";"11,10%";"26,08%";"";"11";"6";"BIARD SANSONETTI";"Tina";"F";"LUG";"POUR MARSEILLE, 13E ET 14E";"POUR MARSEILLE, 13E ET 14E ARRONDISSEMENTS, LA GAUCHE, LES ECOLOGISTES ET LES CITOYENS RASSEMBLÉS";"342";"28,55%";"67,06%";"";"41";"";"";"";"";"";"";"";"";"";"";"";""
"13";"Bouches-du-Rhône";"13055SR07";"Marseille Secteur 7";"1457";"803";"346";"43,09%";"457";"56,91%";"339";"42,22%";"97,98%";"4";"0,50%";"1,16%";"3";"0,37%";"0,87%";"2";"BAREILLE";"Marion";"F";"LDVD";"MARSEILLE JE T'AIME13 ET 14";"MARSEILLE JE T'AIME 13 ET 14 AVEC MARION BAREILLE";"13";"1,62%";"3,83%";"";"1";"5";"D'ANGIO";"Sandrine";"F";"LRN";"MARSEILLE EN ORDRE";"MARSEILLE EN ORDRE 13EME & 14EME";"136";"16,94%";"40,12%";"";"11";"6";"BIARD SANSONETTI";"Tina";"F";"LUG";"POUR MARSEILLE, 13E ET 14E";"POUR MARSEILLE, 13E ET 14E ARRONDISSEMENTS, LA GAUCHE, LES ECOLOGISTES ET LES CITOYENS RASSEMBLÉS";"190";"23,66%";"56,05%";"";"41";"";"";"";"";"";"";"";"";"";"";"";""
"13";"Bouches-du-Rhône";"13055SR07";"Marseille Secteur 7";"1458";"1898";"951";"50,11%";"947";"49,89%";"942";"49,63%";"99,05%";"4";"0,21%";"0,42%";"5";"0,26%";"0,53%";"2";"BAREILLE";"Marion";"F";"LDVD";"MARSEILLE JE T'AIME13 ET 14";"MARSEILLE JE T'AIME 13 ET 14 AVEC MARION BAREILLE";"53";"2,79%";"5,63%";"";"1";"5";"D'ANGIO";"Sandrine";"F";"LRN";"MARSEILLE EN ORDRE";"MARSEILLE EN ORDRE 13EME & 14EME";"380";"20,02%";"40,34%";"";"11";"6";"BIARD SANSONETTI";"Tina";"F";"LUG";"POUR MARSEILLE, 13E ET 14E";"POUR MARSEILLE, 13E ET 14E ARRONDISSEMENTS, LA GAUCHE, LES ECOLOGISTES ET LES CITOYENS RASSEMBLÉS";"509";"26,82%";"54,03%";"";"41";"";"";"";"";"";"";"";"";"";"";"";""
"13";"Bouches-du-Rhône";"13055SR07";"Marseille Secteur 7";"1459";"1667";"912";"54,71%";"755";"45,29%";"898";"53,87%";"98,46%";"10";"0,60%";"1,10%";"4";"0,24%";"0,44%";"2";"BAREILLE";"Marion";"F";"LDVD";"MARSEILLE JE T'AIME13 ET 14";"MARSEILLE JE T'AIME 13 ET 14 AVEC MARION BAREILLE";"59";"3,54%";"6,57%";"";"1";"5";"D'ANGIO";"Sandrine";"F";"LRN";"MARSEILLE EN ORDRE";"MARSEILLE EN ORDRE 13EME & 14EME";"416";"24,96%";"46,33%";"";"11";"6";"BIARD SANSONETTI";"Tina";"F";"LUG";"POUR MARSEILLE, 13E ET 14E";"POUR MARSEILLE, 13E ET 14E ARRONDISSEMENTS, LA GAUCHE, LES ECOLOGISTES ET LES CITOYENS RASSEMBLÉS";"423";"25,37%";"47,10%";"";"41";"";"";"";"";"";"";"";"";"";"";"";""
"13";"Bouches-du-Rhône";"13055SR07";"Marseille Secteur 7";"1460";"716";"388";"54,19%";"328";"45,81%";"378";"52,79%";"97,42%";"3";"0,42%";"0,77%";"7";"0,98%";"1,80%";"2";"BAREILLE";"Marion";"F";"LDVD";"MARSEILLE JE T'AIME13 ET 14";"MARSEILLE JE T'AIME 13 ET 14 AVEC MARION BAREILLE";"24";"3,35%";"6,35%";"";"1";"5";"D'ANGIO";"Sandrine";"F";"LRN";"MARSEILLE EN ORDRE";"MARSEILLE EN ORDRE 13EME & 14EME";"175";"24,44%";"46,30%";"";"11";"6";"BIARD SANSONETTI";"Tina";"F";"LUG";"POUR MARSEILLE, 13E ET 14E";"POUR MARSEILLE, 13E ET 14E ARRONDISSEMENTS, LA GAUCHE, LES ECOLOGISTES ET LES CITOYENS RASSEMBLÉS";"179";"25,00%";"47,35%";"";"41";"";"";"";"";"";"";"";"";"";"";"";""
"13";"Bouches-du-Rhône";"13055SR07";"Marseille Secteur 7";"1461";"1354";"521";"38,48%";"833";"61,52%";"505";"37,30%";"96,93%";"10";"0,74%";"1,92%";"6";"0,44%";"1,15%";"2";"BAREILLE";"Marion";"F";"LDVD";"MARSEILLE JE T'AIME13 ET 14";"MARSEILLE JE T'AIME 13 ET 14 AVEC MARION BAREILLE";"32";"2,36%";"6,34%";"";"1";"5";"D'ANGIO";"Sandrine";"F";"LRN";"MARSEILLE EN ORDRE";"MARSEILLE EN ORDRE 13EME & 14EME";"105";"7,75%";"20,79%";"";"11";"6";"BIARD SANSONETTI";"Tina";"F";"LUG";"POUR MARSEILLE, 13E ET 14E";"POUR MARSEILLE, 13E ET 14E ARRONDISSEMENTS, LA GAUCHE, LES ECOLOGISTES ET LES CITOYENS RASSEMBLÉS";"368";"27,18%";"72,87%";"";"41";"";"";"";"";"";"";"";"";"";"";"";""
"13";"Bouches-du-Rhône";"13055SR07";"Marseille Secteur 7";"1462";"740";"288";"38,92%";"452";"61,08%";"286";"38,65%";"99,31%";"1";"0,14%";"0,35%";"1";"0,14%";"0,35%";"2";"BAREILLE";"Marion";"F";"LDVD";"MARSEILLE JE T'AIME13 ET 14";"MARSEILLE JE T'AIME 13 ET 14 AVEC MARION BAREILLE";"5";"0,68%";"1,75%";"";"1";"5";"D'ANGIO";"Sandrine";"F";"LRN";"MARSEILLE EN ORDRE";"MARSEILLE EN ORDRE 13EME & 14EME";"40";"5,41%";"13,99%";"";"11";"6";"BIARD SANSONETTI";"Tina";"F";"LUG";"POUR MARSEILLE, 13E ET 14E";"POUR MARSEILLE, 13E ET 14E ARRONDISSEMENTS, LA GAUCHE, LES ECOLOGISTES ET LES CITOYENS RASSEMBLÉS";"241";"32,57%";"84,27%";"";"41";"";"";"";"";"";"";"";"";"";"";"";""
"13";"Bouches-du-Rhône";"13055SR07";"Marseille Secteur 7";"1463";"1003";"413";"41,18%";"590";"58,82%";"407";"40,58%";"98,55%";"2";"0,20%";"0,48%";"4";"0,40%";"0,97%";"2";"BAREILLE";"Marion";"F";"LDVD";"MARSEILLE JE T'AIME13 ET 14";"MARSEILLE JE T'AIME 13 ET 14 AVEC MARION BAREILLE";"16";"1,60%";"3,93%";"";"1";"5";"D'ANGIO";"Sandrine";"F";"LRN";"MARSEILLE EN ORDRE";"MARSEILLE EN ORDRE 13EME & 14EME";"85";"8,47%";"20,88%";"";"11";"6";"BIARD SANSONETTI";"Tina";"F";"LUG";"POUR MARSEILLE, 13E ET 14E";"POUR MARSEILLE, 13E ET 14E ARRONDISSEMENTS, LA GAUCHE, LES ECOLOGISTES ET LES CITOYENS RASSEMBLÉS";"306";"30,51%";"75,18%";"";"41";"";"";"";"";"";"";"";"";"";"";"";""
"13";"Bouches-du-Rhône";"13055SR07";"Marseille Secteur 7";"1464";"680";"454";"66,76%";"226";"33,24%";"442";"65,00%";"97,36%";"9";"1,32%";"1,98%";"3";"0,44%";"0,66%";"2";"BAREILLE";"Marion";"F";"LDVD";"MARSEILLE JE T'AIME13 ET 14";"MARSEILLE JE T'AIME 13 ET 14 AVEC MARION BAREILLE";"37";"5,44%";"8,37%";"";"1";"5";"D'ANGIO";"Sandrine";"F";"LRN";"MARSEILLE EN ORDRE";"MARSEILLE EN ORDRE 13EME & 14EME";"289";"42,50%";"65,38%";"";"11";"6";"BIARD SANSONETTI";"Tina";"F";"LUG";"POUR MARSEILLE, 13E ET 14E";"POUR MARSEILLE, 13E ET 14E ARRONDISSEMENTS, LA GAUCHE, LES ECOLOGISTES ET LES CITOYENS RASSEMBLÉS";"116";"17,06%";"26,24%";"";"41";"";"";"";"";"";"";"";"";"";"";"";""
"13";"Bouches-du-Rhône";"13055SR07";"Marseille Secteur 7";"1465";"960";"597";"62,19%";"363";"37,81%";"573";"59,69%";"95,98%";"17";"1,77%";"2,85%";"7";"0,73%";"1,17%";"2";"BAREILLE";"Marion";"F";"LDVD";"MARSEILLE JE T'AIME13 ET 14";"MARSEILLE JE T'AIME 13 ET 14 AVEC MARION BAREILLE";"55";"5,73%";"9,60%";"";"1";"5";"D'ANGIO";"Sandrine";"F";"LRN";"MARSEILLE EN ORDRE";"MARSEILLE EN ORDRE 13EME & 14EME";"318";"33,13%";"55,50%";"";"11";"6";"BIARD SANSONETTI";"Tina";"F";"LUG";"POUR MARSEILLE, 13E ET 14E";"POUR MARSEILLE, 13E ET 14E ARRONDISSEMENTS, LA GAUCHE, LES ECOLOGISTES ET LES CITOYENS RASSEMBLÉS";"200";"20,83%";"34,90%";"";"41";"";"";"";"";"";"";"";"";"";"";"";""
"13";"Bouches-du-Rhône";"13055SR07";"Marseille Secteur 7";"1466";"1092";"470";"43,04%";"622";"56,96%";"463";"42,40%";"98,51%";"4";"0,37%";"0,85%";"3";"0,27%";"0,64%";"2";"BAREILLE";"Marion";"F";"LDVD";"MARSEILLE JE T'AIME13 ET 14";"MARSEILLE JE T'AIME 13 ET 14 AVEC MARION BAREILLE";"21";"1,92%";"4,54%";"";"1";"5";"D'ANGIO";"Sandrine";"F";"LRN";"MARSEILLE EN ORDRE";"MARSEILLE EN ORDRE 13EME & 14EME";"184";"16,85%";"39,74%";"";"11";"6";"BIARD SANSONETTI";"Tina";"F";"LUG";"POUR MARSEILLE, 13E ET 14E";"POUR MARSEILLE, 13E ET 14E ARRONDISSEMENTS, LA GAUCHE, LES ECOLOGISTES ET LES CITOYENS RASSEMBLÉS";"258";"23,63%";"55,72%";"";"41";"";"";"";"";"";"";"";"";"";"";"";""
"13";"Bouches-du-Rhône";"13055SR08";"Marseille Secteur 8";"1501";"1111";"368";"33,12%";"743";"66,88%";"365";"32,85%";"99,18%";"3";"0,27%";"0,82%";"0";"0,00%";"0,00%";"1";"GHALI";"Samia";"F";"LUG";"15 ET 16 LA GAUCHE RASSEMBLES";"POUR MARSEILLE 15E ET 16E ARRONDISSEMENTS, LA GAUCHE, LES ECOLOGISTES ET LES CITOYENS RASSEMBLES";"187";"16,83%";"51,23%";"";"25";"4";"CHARPENTIER";"Thibaut";"M";"LRN";"EN ORDRE 15EME &16EME";"MARSEILLE EN ORDRE 15EME& 16EME";"79";"7,11%";"21,64%";"";"5";"5";"BOINAHERI";"Rabyata";"F";"LFI";"MARSEILLE FIÈRE";"MARSEILLE FIÈRE ET POPULAIRE AVEC SÉBASTIEN DELOGU, 15E ET 16E ARRONDISSEMENTS";"99";"8,91%";"27,12%";"";"3";"";"";"";"";"";"";"";"";"";"";"";""
"13";"Bouches-du-Rhône";"13055SR08";"Marseille Secteur 8";"1503";"751";"274";"36,48%";"477";"63,52%";"264";"35,15%";"96,35%";"4";"0,53%";"1,46%";"6";"0,80%";"2,19%";"1";"GHALI";"Samia";"F";"LUG";"15 ET 16 LA GAUCHE RASSEMBLES";"POUR MARSEILLE 15E ET 16E ARRONDISSEMENTS, LA GAUCHE, LES ECOLOGISTES ET LES CITOYENS RASSEMBLES";"133";"17,71%";"50,38%";"";"25";"4";"CHARPENTIER";"Thibaut";"M";"LRN";"EN ORDRE 15EME &16EME";"MARSEILLE EN ORDRE 15EME& 16EME";"67";"8,92%";"25,38%";"";"5";"5";"BOINAHERI";"Rabyata";"F";"LFI";"MARSEILLE FIÈRE";"MARSEILLE FIÈRE ET POPULAIRE AVEC SÉBASTIEN DELOGU, 15E ET 16E ARRONDISSEMENTS";"64";"8,52%";"24,24%";"";"3";"";"";"";"";"";"";"";"";"";"";"";""
"13";"Bouches-du-Rhône";"13055SR08";"Marseille Secteur 8";"1504";"864";"272";"31,48%";"592";"68,52%";"264";"30,56%";"97,06%";"6";"0,69%";"2,21%";"2";"0,23%";"0,74%";"1";"GHALI";"Samia";"F";"LUG";"15 ET 16 LA GAUCHE RASSEMBLES";"POUR MARSEILLE 15E ET 16E ARRONDISSEMENTS, LA GAUCHE, LES ECOLOGISTES ET LES CITOYENS RASSEMBLES";"118";"13,66%";"44,70%";"";"25";"4";"CHARPENTIER";"Thibaut";"M";"LRN";"EN ORDRE 15EME &16EME";"MARSEILLE EN ORDRE 15EME& 16EME";"52";"6,02%";"19,70%";"";"5";"5";"BOINAHERI";"Rabyata";"F";"LFI";"MARSEILLE FIÈRE";"MARSEILLE FIÈRE ET POPULAIRE AVEC SÉBASTIEN DELOGU, 15E ET 16E ARRONDISSEMENTS";"94";"10,88%";"35,61%";"";"3";"";"";"";"";"";"";"";"";"";"";"";""
"13";"Bouches-du-Rhône";"13055SR08";"Marseille Secteur 8";"1505";"1440";"529";"36,74%";"911";"63,26%";"513";"35,63%";"96,98%";"11";"0,76%";"2,08%";"5";"0,35%";"0,95%";"1";"GHALI";"Samia";"F";"LUG";"15 ET 16 LA GAUCHE RASSEMBLES";"POUR MARSEILLE 15E ET 16E ARRONDISSEMENTS, LA GAUCHE, LES ECOLOGISTES ET LES CITOYENS RASSEMBLES";"262";"18,19%";"51,07%";"";"25";"4";"CHARPENTIER";"Thibaut";"M";"LRN";"EN ORDRE 15EME &16EME";"MARSEILLE EN ORDRE 15EME& 16EME";"132";"9,17%";"25,73%";"";"5";"5";"BOINAHERI";"Rabyata";"F";"LFI";"MARSEILLE FIÈRE";"MARSEILLE FIÈRE ET POPULAIRE AVEC SÉBASTIEN DELOGU, 15E ET 16E ARRONDISSEMENTS";"119";"8,26%";"23,20%";"";"3";"";"";"";"";"";"";"";"";"";"";"";""
"13";"Bouches-du-Rhône";"13055SR08";"Marseille Secteur 8";"1507";"848";"328";"38,68%";"520";"61,32%";"322";"37,97%";"98,17%";"3";"0,35%";"0,91%";"3";"0,35%";"0,91%";"1";"GHALI";"Samia";"F";"LUG";"15 ET 16 LA GAUCHE RASSEMBLES";"POUR MARSEILLE 15E ET 16E ARRONDISSEMENTS, LA GAUCHE, LES ECOLOGISTES ET LES CITOYENS RASSEMBLES";"159";"18,75%";"49,38%";"";"25";"4";"CHARPENTIER";"Thibaut";"M";"LRN";"EN ORDRE 15EME &16EME";"MARSEILLE EN ORDRE 15EME& 16EME";"94";"11,08%";"29,19%";"";"5";"5";"BOINAHERI";"Rabyata";"F";"LFI";"MARSEILLE FIÈRE";"MARSEILLE FIÈRE ET POPULAIRE AVEC SÉBASTIEN DELOGU, 15E ET 16E ARRONDISSEMENTS";"69";"8,14%";"21,43%";"";"3";"";"";"";"";"";"";"";"";"";"";"";""
"13";"Bouches-du-Rhône";"13055SR08";"Marseille Secteur 8";"1508";"972";"422";"43,42%";"550";"56,58%";"417";"42,90%";"98,82%";"4";"0,41%";"0,95%";"1";"0,10%";"0,24%";"1";"GHALI";"Samia";"F";"LUG";"15 ET 16 LA GAUCHE RASSEMBLES";"POUR MARSEILLE 15E ET 16E ARRONDISSEMENTS, LA GAUCHE, LES ECOLOGISTES ET LES CITOYENS RASSEMBLES";"215";"22,12%";"51,56%";"";"25";"4";"CHARPENTIER";"Thibaut";"M";"LRN";"EN ORDRE 15EME &16EME";"MARSEILLE EN ORDRE 15EME& 16EME";"118";"12,14%";"28,30%";"";"5";"5";"BOINAHERI";"Rabyata";"F";"LFI";"MARSEILLE FIÈRE";"MARSEILLE FIÈRE ET POPULAIRE AVEC SÉBASTIEN DELOGU, 15E ET 16E ARRONDISSEMENTS";"84";"8,64%";"20,14%";"";"3";"";"";"";"";"";"";"";"";"";"";"";""
"13";"Bouches-du-Rhône";"13055SR08";"Marseille Secteur 8";"1531";"1066";"337";"31,61%";"729";"68,39%";"335";"31,43%";"99,41%";"1";"0,09%";"0,30%";"1";"0,09%";"0,30%";"1";"GHALI";"Samia";"F";"LUG";"15 ET 16 LA GAUCHE RASSEMBLES";"POUR MARSEILLE 15E ET 16E ARRONDISSEMENTS, LA GAUCHE, LES ECOLOGISTES ET LES CITOYENS RASSEMBLES";"184";"17,26%";"54,93%";"";"25";"4";"CHARPENTIER";"Thibaut";"M";"LRN";"EN ORDRE 15EME &16EME";"MARSEILLE EN ORDRE 15EME& 16EME";"86";"8,07%";"25,67%";"";"5";"5";"BOINAHERI";"Rabyata";"F";"LFI";"MARSEILLE FIÈRE";"MARSEILLE FIÈRE ET POPULAIRE AVEC SÉBASTIEN DELOGU, 15E ET 16E ARRONDISSEMENTS";"65";"6,10%";"19,40%";"";"3";"";"";"";"";"";"";"";"";"";"";"";""
"13";"Bouches-du-Rhône";"13055SR08";"Marseille Secteur 8";"1532";"974";"367";"37,68%";"607";"62,32%";"364";"37,37%";"99,18%";"1";"0,10%";"0,27%";"2";"0,21%";"0,54%";"1";"GHALI";"Samia";"F";"LUG";"15 ET 16 LA GAUCHE RASSEMBLES";"POUR MARSEILLE 15E ET 16E ARRONDISSEMENTS, LA GAUCHE, LES ECOLOGISTES ET LES CITOYENS RASSEMBLES";"145";"14,89%";"39,84%";"";"25";"4";"CHARPENTIER";"Thibaut";"M";"LRN";"EN ORDRE 15EME &16EME";"MARSEILLE EN ORDRE 15EME& 16EME";"164";"16,84%";"45,05%";"";"5";"5";"BOINAHERI";"Rabyata";"F";"LFI";"MARSEILLE FIÈRE";"MARSEILLE FIÈRE ET POPULAIRE AVEC SÉBASTIEN DELOGU, 15E ET 16E ARRONDISSEMENTS";"55";"5,65%";"15,11%";"";"3";"";"";"";"";"";"";"";"";"";"";"";""
"13";"Bouches-du-Rhône";"13055SR08";"Marseille Secteur 8";"1533";"1218";"449";"36,86%";"769";"63,14%";"442";"36,29%";"98,44%";"4";"0,33%";"0,89%";"3";"0,25%";"0,67%";"1";"GHALI";"Samia";"F";"LUG";"15 ET 16 LA GAUCHE RASSEMBLES";"POUR MARSEILLE 15E ET 16E ARRONDISSEMENTS, LA GAUCHE, LES ECOLOGISTES ET LES CITOYENS RASSEMBLES";"202";"16,58%";"45,70%";"";"25";"4";"CHARPENTIER";"Thibaut";"M";"LRN";"EN ORDRE 15EME &16EME";"MARSEILLE EN ORDRE 15EME& 16EME";"138";"11,33%";"31,22%";"";"5";"5";"BOINAHERI";"Rabyata";"F";"LFI";"MARSEILLE FIÈRE";"MARSEILLE FIÈRE ET POPULAIRE AVEC SÉBASTIEN DELOGU, 15E ET 16E ARRONDISSEMENTS";"102";"8,37%";"23,08%";"";"3";"";"";"";"";"";"";"";"";"";"";"";""
"13";"Bouches-du-Rhône";"13055SR08";"Marseille Secteur 8";"1535";"851";"313";"36,78%";"538";"63,22%";"307";"36,08%";"98,08%";"5";"0,59%";"1,60%";"1";"0,12%";"0,32%";"1";"GHALI";"Samia";"F";"LUG";"15 ET 16 LA GAUCHE RASSEMBLES";"POUR MARSEILLE 15E ET 16E ARRONDISSEMENTS, LA GAUCHE, LES ECOLOGISTES ET LES CITOYENS RASSEMBLES";"108";"12,69%";"35,18%";"";"25";"4";"CHARPENTIER";"Thibaut";"M";"LRN";"EN ORDRE 15EME &16EME";"MARSEILLE EN ORDRE 15EME& 16EME";"122";"14,34%";"39,74%";"";"5";"5";"BOINAHERI";"Rabyata";"F";"LFI";"MARSEILLE FIÈRE";"MARSEILLE FIÈRE ET POPULAIRE AVEC SÉBASTIEN DELOGU, 15E ET 16E ARRONDISSEMENTS";"77";"9,05%";"25,08%";"";"3";"";"";"";"";"";"";"";"";"";"";"";""
"13";"Bouches-du-Rhône";"13055SR08";"Marseille Secteur 8";"1536";"628";"233";"37,10%";"395";"62,90%";"229";"36,46%";"98,28%";"4";"0,64%";"1,72%";"0";"0,00%";"0,00%";"1";"GHALI";"Samia";"F";"LUG";"15 ET 16 LA GAUCHE RASSEMBLES";"POUR MARSEILLE 15E ET 16E ARRONDISSEMENTS, LA GAUCHE, LES ECOLOGISTES ET LES CITOYENS RASSEMBLES";"88";"14,01%";"38,43%";"";"25";"4";"CHARPENTIER";"Thibaut";"M";"LRN";"EN ORDRE 15EME &16EME";"MARSEILLE EN ORDRE 15EME& 16EME";"80";"12,74%";"34,93%";"";"5";"5";"BOINAHERI";"Rabyata";"F";"LFI";"MARSEILLE FIÈRE";"MARSEILLE FIÈRE ET POPULAIRE AVEC SÉBASTIEN DELOGU, 15E ET 16E ARRONDISSEMENTS";"61";"9,71%";"26,64%";"";"3";"";"";"";"";"";"";"";"";"";"";"";""
"13";"Bouches-du-Rhône";"13055SR08";"Marseille Secteur 8";"1537";"1515";"576";"38,02%";"939";"61,98%";"563";"37,16%";"97,74%";"7";"0,46%";"1,22%";"6";"0,40%";"1,04%";"1";"GHALI";"Samia";"F";"LUG";"15 ET 16 LA GAUCHE RASSEMBLES";"POUR MARSEILLE 15E ET 16E ARRONDISSEMENTS, LA GAUCHE, LES ECOLOGISTES ET LES CITOYENS RASSEMBLES";"218";"14,39%";"38,72%";"";"25";"4";"CHARPENTIER";"Thibaut";"M";"LRN";"EN ORDRE 15EME &16EME";"MARSEILLE EN ORDRE 15EME& 16EME";"149";"9,83%";"26,47%";"";"5";"5";"BOINAHERI";"Rabyata";"F";"LFI";"MARSEILLE FIÈRE";"MARSEILLE FIÈRE ET POPULAIRE AVEC SÉBASTIEN DELOGU, 15E ET 16E ARRONDISSEMENTS";"196";"12,94%";"34,81%";"";"3";"";"";"";"";"";"";"";"";"";"";"";""
"13";"Bouches-du-Rhône";"13055SR08";"Marseille Secteur 8";"1538";"1532";"738";"48,17%";"794";"51,83%";"726";"47,39%";"98,37%";"6";"0,39%";"0,81%";"6";"0,39%";"0,81%";"1";"GHALI";"Samia";"F";"LUG";"15 ET 16 LA GAUCHE RASSEMBLES";"POUR MARSEILLE 15E ET 16E ARRONDISSEMENTS, LA GAUCHE, LES ECOLOGISTES ET LES CITOYENS RASSEMBLES";"400";"26,11%";"55,10%";"";"25";"4";"CHARPENTIER";"Thibaut";"M";"LRN";"EN ORDRE 15EME &16EME";"MARSEILLE EN ORDRE 15EME& 16EME";"182";"11,88%";"25,07%";"";"5";"5";"BOINAHERI";"Rabyata";"F";"LFI";"MARSEILLE FIÈRE";"MARSEILLE FIÈRE ET POPULAIRE AVEC SÉBASTIEN DELOGU, 15E ET 16E ARRONDISSEMENTS";"144";"9,40%";"19,83%";"";"3";"";"";"";"";"";"";"";"";"";"";"";""
"13";"Bouches-du-Rhône";"13055SR08";"Marseille Secteur 8";"1539";"1060";"367";"34,62%";"693";"65,38%";"357";"33,68%";"97,28%";"4";"0,38%";"1,09%";"6";"0,57%";"1,63%";"1";"GHALI";"Samia";"F";"LUG";"15 ET 16 LA GAUCHE RASSEMBLES";"POUR MARSEILLE 15E ET 16E ARRONDISSEMENTS, LA GAUCHE, LES ECOLOGISTES ET LES CITOYENS RASSEMBLES";"192";"18,11%";"53,78%";"";"25";"4";"CHARPENTIER";"Thibaut";"M";"LRN";"EN ORDRE 15EME &16EME";"MARSEILLE EN ORDRE 15EME& 16EME";"74";"6,98%";"20,73%";"";"5";"5";"BOINAHERI";"Rabyata";"F";"LFI";"MARSEILLE FIÈRE";"MARSEILLE FIÈRE ET POPULAIRE AVEC SÉBASTIEN DELOGU, 15E ET 16E ARRONDISSEMENTS";"91";"8,58%";"25,49%";"";"3";"";"";"";"";"";"";"";"";"";"";"";""
"13";"Bouches-du-Rhône";"13055SR08";"Marseille Secteur 8";"1540";"1325";"504";"38,04%";"821";"61,96%";"497";"37,51%";"98,61%";"4";"0,30%";"0,79%";"3";"0,23%";"0,60%";"1";"GHALI";"Samia";"F";"LUG";"15 ET 16 LA GAUCHE RASSEMBLES";"POUR MARSEILLE 15E ET 16E ARRONDISSEMENTS, LA GAUCHE, LES ECOLOGISTES ET LES CITOYENS RASSEMBLES";"260";"19,62%";"52,31%";"";"25";"4";"CHARPENTIER";"Thibaut";"M";"LRN";"EN ORDRE 15EME &16EME";"MARSEILLE EN ORDRE 15EME& 16EME";"115";"8,68%";"23,14%";"";"5";"5";"BOINAHERI";"Rabyata";"F";"LFI";"MARSEILLE FIÈRE";"MARSEILLE FIÈRE ET POPULAIRE AVEC SÉBASTIEN DELOGU, 15E ET 16E ARRONDISSEMENTS";"122";"9,21%";"24,55%";"";"3";"";"";"";"";"";"";"";"";"";"";"";""
"13";"Bouches-du-Rhône";"13055SR08";"Marseille Secteur 8";"1541";"711";"320";"45,01%";"391";"54,99%";"313";"44,02%";"97,81%";"5";"0,70%";"1,56%";"2";"0,28%";"0,63%";"1";"GHALI";"Samia";"F";"LUG";"15 ET 16 LA GAUCHE RASSEMBLES";"POUR MARSEILLE 15E ET 16E ARRONDISSEMENTS, LA GAUCHE, LES ECOLOGISTES ET LES CITOYENS RASSEMBLES";"173";"24,33%";"55,27%";"";"25";"4";"CHARPENTIER";"Thibaut";"M";"LRN";"EN ORDRE 15EME &16EME";"MARSEILLE EN ORDRE 15EME& 16EME";"61";"8,58%";"19,49%";"";"5";"5";"BOINAHERI";"Rabyata";"F";"LFI";"MARSEILLE FIÈRE";"MARSEILLE FIÈRE ET POPULAIRE AVEC SÉBASTIEN DELOGU, 15E ET 16E ARRONDISSEMENTS";"79";"11,11%";"25,24%";"";"3";"";"";"";"";"";"";"";"";"";"";"";""
"13";"Bouches-du-Rhône";"13055SR08";"Marseille Secteur 8";"1542";"1468";"496";"33,79%";"972";"66,21%";"485";"33,04%";"97,78%";"6";"0,41%";"1,21%";"5";"0,34%";"1,01%";"1";"GHALI";"Samia";"F";"LUG";"15 ET 16 LA GAUCHE RASSEMBLES";"POUR MARSEILLE 15E ET 16E ARRONDISSEMENTS, LA GAUCHE, LES ECOLOGISTES ET LES CITOYENS RASSEMBLES";"211";"14,37%";"43,51%";"";"25";"4";"CHARPENTIER";"Thibaut";"M";"LRN";"EN ORDRE 15EME &16EME";"MARSEILLE EN ORDRE 15EME& 16EME";"157";"10,69%";"32,37%";"";"5";"5";"BOINAHERI";"Rabyata";"F";"LFI";"MARSEILLE FIÈRE";"MARSEILLE FIÈRE ET POPULAIRE AVEC SÉBASTIEN DELOGU, 15E ET 16E ARRONDISSEMENTS";"117";"7,97%";"24,12%";"";"3";"";"";"";"";"";"";"";"";"";"";"";""
"13";"Bouches-du-Rhône";"13055SR08";"Marseille Secteur 8";"1543";"1140";"590";"51,75%";"550";"48,25%";"572";"50,18%";"96,95%";"9";"0,79%";"1,53%";"9";"0,79%";"1,53%";"1";"GHALI";"Samia";"F";"LUG";"15 ET 16 LA GAUCHE RASSEMBLES";"POUR MARSEILLE 15E ET 16E ARRONDISSEMENTS, LA GAUCHE, LES ECOLOGISTES ET LES CITOYENS RASSEMBLES";"195";"17,11%";"34,09%";"";"25";"4";"CHARPENTIER";"Thibaut";"M";"LRN";"EN ORDRE 15EME &16EME";"MARSEILLE EN ORDRE 15EME& 16EME";"317";"27,81%";"55,42%";"";"5";"5";"BOINAHERI";"Rabyata";"F";"LFI";"MARSEILLE FIÈRE";"MARSEILLE FIÈRE ET POPULAIRE AVEC SÉBASTIEN DELOGU, 15E ET 16E ARRONDISSEMENTS";"60";"5,26%";"10,49%";"";"3";"";"";"";"";"";"";"";"";"";"";"";""
"13";"Bouches-du-Rhône";"13055SR08";"Marseille Secteur 8";"1571";"1339";"639";"47,72%";"700";"52,28%";"626";"46,75%";"97,97%";"12";"0,90%";"1,88%";"1";"0,07%";"0,16%";"1";"GHALI";"Samia";"F";"LUG";"15 ET 16 LA GAUCHE RASSEMBLES";"POUR MARSEILLE 15E ET 16E ARRONDISSEMENTS, LA GAUCHE, LES ECOLOGISTES ET LES CITOYENS RASSEMBLES";"269";"20,09%";"42,97%";"";"25";"4";"CHARPENTIER";"Thibaut";"M";"LRN";"EN ORDRE 15EME &16EME";"MARSEILLE EN ORDRE 15EME& 16EME";"215";"16,06%";"34,35%";"";"5";"5";"BOINAHERI";"Rabyata";"F";"LFI";"MARSEILLE FIÈRE";"MARSEILLE FIÈRE ET POPULAIRE AVEC SÉBASTIEN DELOGU, 15E ET 16E ARRONDISSEMENTS";"142";"10,60%";"22,68%";"";"3";"";"";"";"";"";"";"";"";"";"";"";""
"13";"Bouches-du-Rhône";"13055SR08";"Marseille Secteur 8";"1572";"1577";"578";"36,65%";"999";"63,35%";"570";"36,14%";"98,62%";"4";"0,25%";"0,69%";"4";"0,25%";"0,69%";"1";"GHALI";"Samia";"F";"LUG";"15 ET 16 LA GAUCHE RASSEMBLES";"POUR MARSEILLE 15E ET 16E ARRONDISSEMENTS, LA GAUCHE, LES ECOLOGISTES ET LES CITOYENS RASSEMBLES";"245";"15,54%";"42,98%";"";"25";"4";"CHARPENTIER";"Thibaut";"M";"LRN";"EN ORDRE 15EME &16EME";"MARSEILLE EN ORDRE 15EME& 16EME";"122";"7,74%";"21,40%";"";"5";"5";"BOINAHERI";"Rabyata";"F";"LFI";"MARSEILLE FIÈRE";"MARSEILLE FIÈRE ET POPULAIRE AVEC SÉBASTIEN DELOGU, 15E ET 16E ARRONDISSEMENTS";"203";"12,87%";"35,61%";"";"3";"";"";"";"";"";"";"";"";"";"";"";""
"13";"Bouches-du-Rhône";"13055SR08";"Marseille Secteur 8";"1574";"1801";"812";"45,09%";"989";"54,91%";"795";"44,14%";"97,91%";"6";"0,33%";"0,74%";"11";"0,61%";"1,35%";"1";"GHALI";"Samia";"F";"LUG";"15 ET 16 LA GAUCHE RASSEMBLES";"POUR MARSEILLE 15E ET 16E ARRONDISSEMENTS, LA GAUCHE, LES ECOLOGISTES ET LES CITOYENS RASSEMBLES";"396";"21,99%";"49,81%";"";"25";"4";"CHARPENTIER";"Thibaut";"M";"LRN";"EN ORDRE 15EME &16EME";"MARSEILLE EN ORDRE 15EME& 16EME";"204";"11,33%";"25,66%";"";"5";"5";"BOINAHERI";"Rabyata";"F";"LFI";"MARSEILLE FIÈRE";"MARSEILLE FIÈRE ET POPULAIRE AVEC SÉBASTIEN DELOGU, 15E ET 16E ARRONDISSEMENTS";"195";"10,83%";"24,53%";"";"3";"";"";"";"";"";"";"";"";"";"";"";""
"13";"Bouches-du-Rhône";"13055SR08";"Marseille Secteur 8";"1575";"890";"413";"46,40%";"477";"53,60%";"407";"45,73%";"98,55%";"6";"0,67%";"1,45%";"0";"0,00%";"0,00%";"1";"GHALI";"Samia";"F";"LUG";"15 ET 16 LA GAUCHE RASSEMBLES";"POUR MARSEILLE 15E ET 16E ARRONDISSEMENTS, LA GAUCHE, LES ECOLOGISTES ET LES CITOYENS RASSEMBLES";"139";"15,62%";"34,15%";"";"25";"4";"CHARPENTIER";"Thibaut";"M";"LRN";"EN ORDRE 15EME &16EME";"MARSEILLE EN ORDRE 15EME& 16EME";"177";"19,89%";"43,49%";"";"5";"5";"BOINAHERI";"Rabyata";"F";"LFI";"MARSEILLE FIÈRE";"MARSEILLE FIÈRE ET POPULAIRE AVEC SÉBASTIEN DELOGU, 15E ET 16E ARRONDISSEMENTS";"91";"10,22%";"22,36%";"";"3";"";"";"";"";"";"";"";"";"";"";"";""
"13";"Bouches-du-Rhône";"13055SR08";"Marseille Secteur 8";"1576";"1187";"611";"51,47%";"576";"48,53%";"588";"49,54%";"96,24%";"15";"1,26%";"2,45%";"8";"0,67%";"1,31%";"1";"GHALI";"Samia";"F";"LUG";"15 ET 16 LA GAUCHE RASSEMBLES";"POUR MARSEILLE 15E ET 16E ARRONDISSEMENTS, LA GAUCHE, LES ECOLOGISTES ET LES CITOYENS RASSEMBLES";"215";"18,11%";"36,56%";"";"25";"4";"CHARPENTIER";"Thibaut";"M";"LRN";"EN ORDRE 15EME &16EME";"MARSEILLE EN ORDRE 15EME& 16EME";"292";"24,60%";"49,66%";"";"5";"5";"BOINAHERI";"Rabyata";"F";"LFI";"MARSEILLE FIÈRE";"MARSEILLE FIÈRE ET POPULAIRE AVEC SÉBASTIEN DELOGU, 15E ET 16E ARRONDISSEMENTS";"81";"6,82%";"13,78%";"";"3";"";"";"";"";"";"";"";"";"";"";"";""
"13";"Bouches-du-Rhône";"13055SR08";"Marseille Secteur 8";"1577";"1273";"489";"38,41%";"784";"61,59%";"468";"36,76%";"95,71%";"11";"0,86%";"2,25%";"10";"0,79%";"2,04%";"1";"GHALI";"Samia";"F";"LUG";"15 ET 16 LA GAUCHE RASSEMBLES";"POUR MARSEILLE 15E ET 16E ARRONDISSEMENTS, LA GAUCHE, LES ECOLOGISTES ET LES CITOYENS RASSEMBLES";"238";"18,70%";"50,85%";"";"25";"4";"CHARPENTIER";"Thibaut";"M";"LRN";"EN ORDRE 15EME &16EME";"MARSEILLE EN ORDRE 15EME& 16EME";"95";"7,46%";"20,30%";"";"5";"5";"BOINAHERI";"Rabyata";"F";"LFI";"MARSEILLE FIÈRE";"MARSEILLE FIÈRE ET POPULAIRE AVEC SÉBASTIEN DELOGU, 15E ET 16E ARRONDISSEMENTS";"135";"10,60%";"28,85%";"";"3";"";"";"";"";"";"";"";"";"";"";"";""
"13";"Bouches-du-Rhône";"13055SR08";"Marseille Secteur 8";"1578";"753";"326";"43,29%";"427";"56,71%";"322";"42,76%";"98,77%";"2";"0,27%";"0,61%";"2";"0,27%";"0,61%";"1";"GHALI";"Samia";"F";"LUG";"15 ET 16 LA GAUCHE RASSEMBLES";"POUR MARSEILLE 15E ET 16E ARRONDISSEMENTS, LA GAUCHE, LES ECOLOGISTES ET LES CITOYENS RASSEMBLES";"106";"14,08%";"32,92%";"";"25";"4";"CHARPENTIER";"Thibaut";"M";"LRN";"EN ORDRE 15EME &16EME";"MARSEILLE EN ORDRE 15EME& 16EME";"166";"22,05%";"51,55%";"";"5";"5";"BOINAHERI";"Rabyata";"F";"LFI";"MARSEILLE FIÈRE";"MARSEILLE FIÈRE ET POPULAIRE AVEC SÉBASTIEN DELOGU, 15E ET 16E ARRONDISSEMENTS";"50";"6,64%";"15,53%";"";"3";"";"";"";"";"";"";"";"";"";"";"";""
"13";"Bouches-du-Rhône";"13055SR08";"Marseille Secteur 8";"1579";"1115";"537";"48,16%";"578";"51,84%";"522";"46,82%";"97,21%";"7";"0,63%";"1,30%";"8";"0,72%";"1,49%";"1";"GHALI";"Samia";"F";"LUG";"15 ET 16 LA GAUCHE RASSEMBLES";"POUR MARSEILLE 15E ET 16E ARRONDISSEMENTS, LA GAUCHE, LES ECOLOGISTES ET LES CITOYENS RASSEMBLES";"173";"15,52%";"33,14%";"";"25";"4";"CHARPENTIER";"Thibaut";"M";"LRN";"EN ORDRE 15EME &16EME";"MARSEILLE EN ORDRE 15EME& 16EME";"254";"22,78%";"48,66%";"";"5";"5";"BOINAHERI";"Rabyata";"F";"LFI";"MARSEILLE FIÈRE";"MARSEILLE FIÈRE ET POPULAIRE AVEC SÉBASTIEN DELOGU, 15E ET 16E ARRONDISSEMENTS";"95";"8,52%";"18,20%";"";"3";"";"";"";"";"";"";"";"";"";"";"";""
"13";"Bouches-du-Rhône";"13055SR08";"Marseille Secteur 8";"1580";"1191";"458";"38,46%";"733";"61,54%";"444";"37,28%";"96,94%";"2";"0,17%";"0,44%";"12";"1,01%";"2,62%";"1";"GHALI";"Samia";"F";"LUG";"15 ET 16 LA GAUCHE RASSEMBLES";"POUR MARSEILLE 15E ET 16E ARRONDISSEMENTS, LA GAUCHE, LES ECOLOGISTES ET LES CITOYENS RASSEMBLES";"191";"16,04%";"43,02%";"";"25";"4";"CHARPENTIER";"Thibaut";"M";"LRN";"EN ORDRE 15EME &16EME";"MARSEILLE EN ORDRE 15EME& 16EME";"161";"13,52%";"36,26%";"";"5";"5";"BOINAHERI";"Rabyata";"F";"LFI";"MARSEILLE FIÈRE";"MARSEILLE FIÈRE ET POPULAIRE AVEC SÉBASTIEN DELOGU, 15E ET 16E ARRONDISSEMENTS";"92";"7,72%";"20,72%";"";"3";"";"";"";"";"";"";"";"";"";"";"";""
"13";"Bouches-du-Rhône";"13055SR08";"Marseille Secteur 8";"1581";"819";"196";"23,93%";"623";"76,07%";"188";"22,95%";"95,92%";"4";"0,49%";"2,04%";"4";"0,49%";"2,04%";"1";"GHALI";"Samia";"F";"LUG";"15 ET 16 LA GAUCHE RASSEMBLES";"POUR MARSEILLE 15E ET 16E ARRONDISSEMENTS, LA GAUCHE, LES ECOLOGISTES ET LES CITOYENS RASSEMBLES";"68";"8,30%";"36,17%";"";"25";"4";"CHARPENTIER";"Thibaut";"M";"LRN";"EN ORDRE 15EME &16EME";"MARSEILLE EN ORDRE 15EME& 16EME";"51";"6,23%";"27,13%";"";"5";"5";"BOINAHERI";"Rabyata";"F";"LFI";"MARSEILLE FIÈRE";"MARSEILLE FIÈRE ET POPULAIRE AVEC SÉBASTIEN DELOGU, 15E ET 16E ARRONDISSEMENTS";"69";"8,42%";"36,70%";"";"3";"";"";"";"";"";"";"";"";"";"";"";""
"13";"Bouches-du-Rhône";"13055SR08";"Marseille Secteur 8";"1582";"1464";"633";"43,24%";"831";"56,76%";"623";"42,55%";"98,42%";"1";"0,07%";"0,16%";"9";"0,61%";"1,42%";"1";"GHALI";"Samia";"F";"LUG";"15 ET 16 LA GAUCHE RASSEMBLES";"POUR MARSEILLE 15E ET 16E ARRONDISSEMENTS, LA GAUCHE, LES ECOLOGISTES ET LES CITOYENS RASSEMBLES";"201";"13,73%";"32,26%";"";"25";"4";"CHARPENTIER";"Thibaut";"M";"LRN";"EN ORDRE 15EME &16EME";"MARSEILLE EN ORDRE 15EME& 16EME";"263";"17,96%";"42,22%";"";"5";"5";"BOINAHERI";"Rabyata";"F";"LFI";"MARSEILLE FIÈRE";"MARSEILLE FIÈRE ET POPULAIRE AVEC SÉBASTIEN DELOGU, 15E ET 16E ARRONDISSEMENTS";"159";"10,86%";"25,52%";"";"3";"";"";"";"";"";"";"";"";"";"";"";""
"13";"Bouches-du-Rhône";"13055SR08";"Marseille Secteur 8";"1583";"623";"311";"49,92%";"312";"50,08%";"299";"47,99%";"96,14%";"7";"1,12%";"2,25%";"5";"0,80%";"1,61%";"1";"GHALI";"Samia";"F";"LUG";"15 ET 16 LA GAUCHE RASSEMBLES";"POUR MARSEILLE 15E ET 16E ARRONDISSEMENTS, LA GAUCHE, LES ECOLOGISTES ET LES CITOYENS RASSEMBLES";"110";"17,66%";"36,79%";"";"25";"4";"CHARPENTIER";"Thibaut";"M";"LRN";"EN ORDRE 15EME &16EME";"MARSEILLE EN ORDRE 15EME& 16EME";"155";"24,88%";"51,84%";"";"5";"5";"BOINAHERI";"Rabyata";"F";"LFI";"MARSEILLE FIÈRE";"MARSEILLE FIÈRE ET POPULAIRE AVEC SÉBASTIEN DELOGU, 15E ET 16E ARRONDISSEMENTS";"34";"5,46%";"11,37%";"";"3";"";"";"";"";"";"";"";"";"";"";"";""
"13";"Bouches-du-Rhône";"13055SR08";"Marseille Secteur 8";"1584";"837";"497";"59,38%";"340";"40,62%";"483";"57,71%";"97,18%";"8";"0,96%";"1,61%";"6";"0,72%";"1,21%";"1";"GHALI";"Samia";"F";"LUG";"15 ET 16 LA GAUCHE RASSEMBLES";"POUR MARSEILLE 15E ET 16E ARRONDISSEMENTS, LA GAUCHE, LES ECOLOGISTES ET LES CITOYENS RASSEMBLES";"196";"23,42%";"40,58%";"";"25";"4";"CHARPENTIER";"Thibaut";"M";"LRN";"EN ORDRE 15EME &16EME";"MARSEILLE EN ORDRE 15EME& 16EME";"217";"25,93%";"44,93%";"";"5";"5";"BOINAHERI";"Rabyata";"F";"LFI";"MARSEILLE FIÈRE";"MARSEILLE FIÈRE ET POPULAIRE AVEC SÉBASTIEN DELOGU, 15E ET 16E ARRONDISSEMENTS";"70";"8,36%";"14,49%";"";"3";"";"";"";"";"";"";"";"";"";"";"";""
"13";"Bouches-du-Rhône";"13055SR08";"Marseille Secteur 8";"1585";"1447";"548";"37,87%";"899";"62,13%";"535";"36,97%";"97,63%";"9";"0,62%";"1,64%";"4";"0,28%";"0,73%";"1";"GHALI";"Samia";"F";"LUG";"15 ET 16 LA GAUCHE RASSEMBLES";"POUR MARSEILLE 15E ET 16E ARRONDISSEMENTS, LA GAUCHE, LES ECOLOGISTES ET LES CITOYENS RASSEMBLES";"274";"18,94%";"51,21%";"";"25";"4";"CHARPENTIER";"Thibaut";"M";"LRN";"EN ORDRE 15EME &16EME";"MARSEILLE EN ORDRE 15EME& 16EME";"118";"8,15%";"22,06%";"";"5";"5";"BOINAHERI";"Rabyata";"F";"LFI";"MARSEILLE FIÈRE";"MARSEILLE FIÈRE ET POPULAIRE AVEC SÉBASTIEN DELOGU, 15E ET 16E ARRONDISSEMENTS";"143";"9,88%";"26,73%";"";"3";"";"";"";"";"";"";"";"";"";"";"";""
"13";"Bouches-du-Rhône";"13055SR08";"Marseille Secteur 8";"1586";"1280";"392";"30,63%";"888";"69,38%";"384";"30,00%";"97,96%";"4";"0,31%";"1,02%";"4";"0,31%";"1,02%";"1";"GHALI";"Samia";"F";"LUG";"15 ET 16 LA GAUCHE RASSEMBLES";"POUR MARSEILLE 15E ET 16E ARRONDISSEMENTS, LA GAUCHE, LES ECOLOGISTES ET LES CITOYENS RASSEMBLES";"214";"16,72%";"55,73%";"";"25";"4";"CHARPENTIER";"Thibaut";"M";"LRN";"EN ORDRE 15EME &16EME";"MARSEILLE EN ORDRE 15EME& 16EME";"58";"4,53%";"15,10%";"";"5";"5";"BOINAHERI";"Rabyata";"F";"LFI";"MARSEILLE FIÈRE";"MARSEILLE FIÈRE ET POPULAIRE AVEC SÉBASTIEN DELOGU, 15E ET 16E ARRONDISSEMENTS";"112";"8,75%";"29,17%";"";"3";"";"";"";"";"";"";"";"";"";"";"";""
"13";"Bouches-du-Rhône";"13055SR08";"Marseille Secteur 8";"1587";"953";"347";"36,41%";"606";"63,59%";"338";"35,47%";"97,41%";"4";"0,42%";"1,15%";"5";"0,52%";"1,44%";"1";"GHALI";"Samia";"F";"LUG";"15 ET 16 LA GAUCHE RASSEMBLES";"POUR MARSEILLE 15E ET 16E ARRONDISSEMENTS, LA GAUCHE, LES ECOLOGISTES ET LES CITOYENS RASSEMBLES";"213";"22,35%";"63,02%";"";"25";"4";"CHARPENTIER";"Thibaut";"M";"LRN";"EN ORDRE 15EME &16EME";"MARSEILLE EN ORDRE 15EME& 16EME";"96";"10,07%";"28,40%";"";"5";"5";"BOINAHERI";"Rabyata";"F";"LFI";"MARSEILLE FIÈRE";"MARSEILLE FIÈRE ET POPULAIRE AVEC SÉBASTIEN DELOGU, 15E ET 16E ARRONDISSEMENTS";"29";"3,04%";"8,58%";"";"3";"";"";"";"";"";"";"";"";"";"";"";""
"13";"Bouches-du-Rhône";"13055SR08";"Marseille Secteur 8";"1588";"1281";"411";"32,08%";"870";"67,92%";"407";"31,77%";"99,03%";"3";"0,23%";"0,73%";"1";"0,08%";"0,24%";"1";"GHALI";"Samia";"F";"LUG";"15 ET 16 LA GAUCHE RASSEMBLES";"POUR MARSEILLE 15E ET 16E ARRONDISSEMENTS, LA GAUCHE, LES ECOLOGISTES ET LES CITOYENS RASSEMBLES";"241";"18,81%";"59,21%";"";"25";"4";"CHARPENTIER";"Thibaut";"M";"LRN";"EN ORDRE 15EME &16EME";"MARSEILLE EN ORDRE 15EME& 16EME";"35";"2,73%";"8,60%";"";"5";"5";"BOINAHERI";"Rabyata";"F";"LFI";"MARSEILLE FIÈRE";"MARSEILLE FIÈRE ET POPULAIRE AVEC SÉBASTIEN DELOGU, 15E ET 16E ARRONDISSEMENTS";"131";"10,23%";"32,19%";"";"3";"";"";"";"";"";"";"";"";"";"";"";""
"13";"Bouches-du-Rhône";"13055SR08";"Marseille Secteur 8";"1589";"1179";"386";"32,74%";"793";"67,26%";"376";"31,89%";"97,41%";"5";"0,42%";"1,30%";"5";"0,42%";"1,30%";"1";"GHALI";"Samia";"F";"LUG";"15 ET 16 LA GAUCHE RASSEMBLES";"POUR MARSEILLE 15E ET 16E ARRONDISSEMENTS, LA GAUCHE, LES ECOLOGISTES ET LES CITOYENS RASSEMBLES";"282";"23,92%";"75,00%";"";"25";"4";"CHARPENTIER";"Thibaut";"M";"LRN";"EN ORDRE 15EME &16EME";"MARSEILLE EN ORDRE 15EME& 16EME";"10";"0,85%";"2,66%";"";"5";"5";"BOINAHERI";"Rabyata";"F";"LFI";"MARSEILLE FIÈRE";"MARSEILLE FIÈRE ET POPULAIRE AVEC SÉBASTIEN DELOGU, 15E ET 16E ARRONDISSEMENTS";"84";"7,12%";"22,34%";"";"3";"";"";"";"";"";"";"";"";"";"";"";""
"13";"Bouches-du-Rhône";"13055SR08";"Marseille Secteur 8";"1601";"1294";"491";"37,94%";"803";"62,06%";"482";"37,25%";"98,17%";"5";"0,39%";"1,02%";"4";"0,31%";"0,81%";"1";"GHALI";"Samia";"F";"LUG";"15 ET 16 LA GAUCHE RASSEMBLES";"POUR MARSEILLE 15E ET 16E ARRONDISSEMENTS, LA GAUCHE, LES ECOLOGISTES ET LES CITOYENS RASSEMBLES";"189";"14,61%";"39,21%";"";"25";"4";"CHARPENTIER";"Thibaut";"M";"LRN";"EN ORDRE 15EME &16EME";"MARSEILLE EN ORDRE 15EME& 16EME";"201";"15,53%";"41,70%";"";"5";"5";"BOINAHERI";"Rabyata";"F";"LFI";"MARSEILLE FIÈRE";"MARSEILLE FIÈRE ET POPULAIRE AVEC SÉBASTIEN DELOGU, 15E ET 16E ARRONDISSEMENTS";"92";"7,11%";"19,09%";"";"3";"";"";"";"";"";"";"";"";"";"";"";""
"13";"Bouches-du-Rhône";"13055SR08";"Marseille Secteur 8";"1602";"1001";"531";"53,05%";"470";"46,95%";"517";"51,65%";"97,36%";"6";"0,60%";"1,13%";"8";"0,80%";"1,51%";"1";"GHALI";"Samia";"F";"LUG";"15 ET 16 LA GAUCHE RASSEMBLES";"POUR MARSEILLE 15E ET 16E ARRONDISSEMENTS, LA GAUCHE, LES ECOLOGISTES ET LES CITOYENS RASSEMBLES";"272";"27,17%";"52,61%";"";"25";"4";"CHARPENTIER";"Thibaut";"M";"LRN";"EN ORDRE 15EME &16EME";"MARSEILLE EN ORDRE 15EME& 16EME";"165";"16,48%";"31,91%";"";"5";"5";"BOINAHERI";"Rabyata";"F";"LFI";"MARSEILLE FIÈRE";"MARSEILLE FIÈRE ET POPULAIRE AVEC SÉBASTIEN DELOGU, 15E ET 16E ARRONDISSEMENTS";"80";"7,99%";"15,47%";"";"3";"";"";"";"";"";"";"";"";"";"";"";""
"13";"Bouches-du-Rhône";"13055SR08";"Marseille Secteur 8";"1603";"794";"383";"48,24%";"411";"51,76%";"378";"47,61%";"98,69%";"2";"0,25%";"0,52%";"3";"0,38%";"0,78%";"1";"GHALI";"Samia";"F";"LUG";"15 ET 16 LA GAUCHE RASSEMBLES";"POUR MARSEILLE 15E ET 16E ARRONDISSEMENTS, LA GAUCHE, LES ECOLOGISTES ET LES CITOYENS RASSEMBLES";"139";"17,51%";"36,77%";"";"25";"4";"CHARPENTIER";"Thibaut";"M";"LRN";"EN ORDRE 15EME &16EME";"MARSEILLE EN ORDRE 15EME& 16EME";"184";"23,17%";"48,68%";"";"5";"5";"BOINAHERI";"Rabyata";"F";"LFI";"MARSEILLE FIÈRE";"MARSEILLE FIÈRE ET POPULAIRE AVEC SÉBASTIEN DELOGU, 15E ET 16E ARRONDISSEMENTS";"55";"6,93%";"14,55%";"";"3";"";"";"";"";"";"";"";"";"";"";"";""
"13";"Bouches-du-Rhône";"13055SR08";"Marseille Secteur 8";"1606";"861";"396";"45,99%";"465";"54,01%";"383";"44,48%";"96,72%";"6";"0,70%";"1,52%";"7";"0,81%";"1,77%";"1";"GHALI";"Samia";"F";"LUG";"15 ET 16 LA GAUCHE RASSEMBLES";"POUR MARSEILLE 15E ET 16E ARRONDISSEMENTS, LA GAUCHE, LES ECOLOGISTES ET LES CITOYENS RASSEMBLES";"173";"20,09%";"45,17%";"";"25";"4";"CHARPENTIER";"Thibaut";"M";"LRN";"EN ORDRE 15EME &16EME";"MARSEILLE EN ORDRE 15EME& 16EME";"138";"16,03%";"36,03%";"";"5";"5";"BOINAHERI";"Rabyata";"F";"LFI";"MARSEILLE FIÈRE";"MARSEILLE FIÈRE ET POPULAIRE AVEC SÉBASTIEN DELOGU, 15E ET 16E ARRONDISSEMENTS";"72";"8,36%";"18,80%";"";"3";"";"";"";"";"";"";"";"";"";"";"";""
"13";"Bouches-du-Rhône";"13055SR08";"Marseille Secteur 8";"1607";"613";"394";"64,27%";"219";"35,73%";"383";"62,48%";"97,21%";"8";"1,31%";"2,03%";"3";"0,49%";"0,76%";"1";"GHALI";"Samia";"F";"LUG";"15 ET 16 LA GAUCHE RASSEMBLES";"POUR MARSEILLE 15E ET 16E ARRONDISSEMENTS, LA GAUCHE, LES ECOLOGISTES ET LES CITOYENS RASSEMBLES";"164";"26,75%";"42,82%";"";"25";"4";"CHARPENTIER";"Thibaut";"M";"LRN";"EN ORDRE 15EME &16EME";"MARSEILLE EN ORDRE 15EME& 16EME";"155";"25,29%";"40,47%";"";"5";"5";"BOINAHERI";"Rabyata";"F";"LFI";"MARSEILLE FIÈRE";"MARSEILLE FIÈRE ET POPULAIRE AVEC SÉBASTIEN DELOGU, 15E ET 16E ARRONDISSEMENTS";"64";"10,44%";"16,71%";"";"3";"";"";"";"";"";"";"";"";"";"";"";""
"13";"Bouches-du-Rhône";"13055SR08";"Marseille Secteur 8";"1608";"728";"332";"45,60%";"396";"54,40%";"323";"44,37%";"97,29%";"3";"0,41%";"0,90%";"6";"0,82%";"1,81%";"1";"GHALI";"Samia";"F";"LUG";"15 ET 16 LA GAUCHE RASSEMBLES";"POUR MARSEILLE 15E ET 16E ARRONDISSEMENTS, LA GAUCHE, LES ECOLOGISTES ET LES CITOYENS RASSEMBLES";"141";"19,37%";"43,65%";"";"25";"4";"CHARPENTIER";"Thibaut";"M";"LRN";"EN ORDRE 15EME &16EME";"MARSEILLE EN ORDRE 15EME& 16EME";"128";"17,58%";"39,63%";"";"5";"5";"BOINAHERI";"Rabyata";"F";"LFI";"MARSEILLE FIÈRE";"MARSEILLE FIÈRE ET POPULAIRE AVEC SÉBASTIEN DELOGU, 15E ET 16E ARRONDISSEMENTS";"54";"7,42%";"16,72%";"";"3";"";"";"";"";"";"";"";"";"";"";"";""
"13";"Bouches-du-Rhône";"13055SR08";"Marseille Secteur 8";"1609";"1003";"485";"48,35%";"518";"51,65%";"476";"47,46%";"98,14%";"7";"0,70%";"1,44%";"2";"0,20%";"0,41%";"1";"GHALI";"Samia";"F";"LUG";"15 ET 16 LA GAUCHE RASSEMBLES";"POUR MARSEILLE 15E ET 16E ARRONDISSEMENTS, LA GAUCHE, LES ECOLOGISTES ET LES CITOYENS RASSEMBLES";"212";"21,14%";"44,54%";"";"25";"4";"CHARPENTIER";"Thibaut";"M";"LRN";"EN ORDRE 15EME &16EME";"MARSEILLE EN ORDRE 15EME& 16EME";"165";"16,45%";"34,66%";"";"5";"5";"BOINAHERI";"Rabyata";"F";"LFI";"MARSEILLE FIÈRE";"MARSEILLE FIÈRE ET POPULAIRE AVEC SÉBASTIEN DELOGU, 15E ET 16E ARRONDISSEMENTS";"99";"9,87%";"20,80%";"";"3";"";"";"";"";"";"";"";"";"";"";"";""
"13";"Bouches-du-Rhône";"13055SR08";"Marseille Secteur 8";"1610";"909";"531";"58,42%";"378";"41,58%";"511";"56,22%";"96,23%";"6";"0,66%";"1,13%";"14";"1,54%";"2,64%";"1";"GHALI";"Samia";"F";"LUG";"15 ET 16 LA GAUCHE RASSEMBLES";"POUR MARSEILLE 15E ET 16E ARRONDISSEMENTS, LA GAUCHE, LES ECOLOGISTES ET LES CITOYENS RASSEMBLES";"225";"24,75%";"44,03%";"";"25";"4";"CHARPENTIER";"Thibaut";"M";"LRN";"EN ORDRE 15EME &16EME";"MARSEILLE EN ORDRE 15EME& 16EME";"185";"20,35%";"36,20%";"";"5";"5";"BOINAHERI";"Rabyata";"F";"LFI";"MARSEILLE FIÈRE";"MARSEILLE FIÈRE ET POPULAIRE AVEC SÉBASTIEN DELOGU, 15E ET 16E ARRONDISSEMENTS";"101";"11,11%";"19,77%";"";"3";"";"";"";"";"";"";"";"";"";"";"";""
"13";"Bouches-du-Rhône";"13055SR08";"Marseille Secteur 8";"1611";"1096";"574";"52,37%";"522";"47,63%";"553";"50,46%";"96,34%";"11";"1,00%";"1,92%";"10";"0,91%";"1,74%";"1";"GHALI";"Samia";"F";"LUG";"15 ET 16 LA GAUCHE RASSEMBLES";"POUR MARSEILLE 15E ET 16E ARRONDISSEMENTS, LA GAUCHE, LES ECOLOGISTES ET LES CITOYENS RASSEMBLES";"250";"22,81%";"45,21%";"";"25";"4";"CHARPENTIER";"Thibaut";"M";"LRN";"EN ORDRE 15EME &16EME";"MARSEILLE EN ORDRE 15EME& 16EME";"198";"18,07%";"35,80%";"";"5";"5";"BOINAHERI";"Rabyata";"F";"LFI";"MARSEILLE FIÈRE";"MARSEILLE FIÈRE ET POPULAIRE AVEC SÉBASTIEN DELOGU, 15E ET 16E ARRONDISSEMENTS";"105";"9,58%";"18,99%";"";"3";"";"";"";"";"";"";"";"";"";"";"";""
"13";"Bouches-du-Rhône";"13055SR08";"Marseille Secteur 8";"1612";"1049";"611";"58,25%";"438";"41,75%";"593";"56,53%";"97,05%";"11";"1,05%";"1,80%";"7";"0,67%";"1,15%";"1";"GHALI";"Samia";"F";"LUG";"15 ET 16 LA GAUCHE RASSEMBLES";"POUR MARSEILLE 15E ET 16E ARRONDISSEMENTS, LA GAUCHE, LES ECOLOGISTES ET LES CITOYENS RASSEMBLES";"283";"26,98%";"47,72%";"";"25";"4";"CHARPENTIER";"Thibaut";"M";"LRN";"EN ORDRE 15EME &16EME";"MARSEILLE EN ORDRE 15EME& 16EME";"198";"18,88%";"33,39%";"";"5";"5";"BOINAHERI";"Rabyata";"F";"LFI";"MARSEILLE FIÈRE";"MARSEILLE FIÈRE ET POPULAIRE AVEC SÉBASTIEN DELOGU, 15E ET 16E ARRONDISSEMENTS";"112";"10,68%";"18,89%";"";"3";"";"";"";"";"";"";"";"";"";"";"";""
"13";"Bouches-du-Rhône";"13055SR08";"Marseille Secteur 8";"1613";"764";"448";"58,64%";"316";"41,36%";"441";"57,72%";"98,44%";"2";"0,26%";"0,45%";"5";"0,65%";"1,12%";"1";"GHALI";"Samia";"F";"LUG";"15 ET 16 LA GAUCHE RASSEMBLES";"POUR MARSEILLE 15E ET 16E ARRONDISSEMENTS, LA GAUCHE, LES ECOLOGISTES ET LES CITOYENS RASSEMBLES";"271";"35,47%";"61,45%";"";"25";"4";"CHARPENTIER";"Thibaut";"M";"LRN";"EN ORDRE 15EME &16EME";"MARSEILLE EN ORDRE 15EME& 16EME";"102";"13,35%";"23,13%";"";"5";"5";"BOINAHERI";"Rabyata";"F";"LFI";"MARSEILLE FIÈRE";"MARSEILLE FIÈRE ET POPULAIRE AVEC SÉBASTIEN DELOGU, 15E ET 16E ARRONDISSEMENTS";"68";"8,90%";"15,42%";"";"3";"";"";"";"";"";"";"";"";"";"";"";""
"13";"Bouches-du-Rhône";"13055SR08";"Marseille Secteur 8";"1614";"857";"510";"59,51%";"347";"40,49%";"498";"58,11%";"97,65%";"9";"1,05%";"1,76%";"3";"0,35%";"0,59%";"1";"GHALI";"Samia";"F";"LUG";"15 ET 16 LA GAUCHE RASSEMBLES";"POUR MARSEILLE 15E ET 16E ARRONDISSEMENTS, LA GAUCHE, LES ECOLOGISTES ET LES CITOYENS RASSEMBLES";"250";"29,17%";"50,20%";"";"25";"4";"CHARPENTIER";"Thibaut";"M";"LRN";"EN ORDRE 15EME &16EME";"MARSEILLE EN ORDRE 15EME& 16EME";"169";"19,72%";"33,94%";"";"5";"5";"BOINAHERI";"Rabyata";"F";"LFI";"MARSEILLE FIÈRE";"MARSEILLE FIÈRE ET POPULAIRE AVEC SÉBASTIEN DELOGU, 15E ET 16E ARRONDISSEMENTS";"79";"9,22%";"15,86%";"";"3";"";"";"";"";"";"";"";"";"";"";"";""
"69";"Rhône";"69123SR01";"Lyon 1er secteur";"0099";"0";"0";"0.00%";"0";"0.00%";"0";"0.00%";"0.00%";"0";"0.00%";"0.00%";"0";"0.00%";"0.00%";"2";"BOUÂGGA";"Yasmine";"F";"LDVG";"Pour vivre Lyon, l'union de la gauche et des écologistes avec Yasmine Bouâgga";"Pour vivre Lyon, l'union de la gauche et des écologistes avec Yasmine Bouâgga";"0";"0.00%";"0.00%";"";"10";"4";"CÉDAT";"Laure";"F";"LDVC";"Coeur Lyonnais";"Coeur Lyonnais";"0";"0.00%";"0.00%";"";"2";"";"";"";"";"";"";"";"";"";"";"";"";"";"";"";"";"";"";"";"";"";"";"";""
"69";"Rhône";"69123SR01";"Lyon 1er secteur";"0101";"1147";"777";"67,74%";"370";"32,26%";"762";"66,43%";"98,07%";"11";"0,96%";"1,42%";"4";"0,35%";"0,51%";"2";"BOUÂGGA";"Yasmine";"F";"LDVG";"Pour vivre Lyon, l'union de la gauche et des écologistes avec Yasmine Bouâgga";"Pour vivre Lyon, l'union de la gauche et des écologistes avec Yasmine Bouâgga";"544";"47,43%";"71,39%";"";"10";"4";"CÉDAT";"Laure";"F";"LDVC";"Coeur Lyonnais";"Coeur Lyonnais";"218";"19,01%";"28,61%";"";"2";"";"";"";"";"";"";"";"";"";"";"";"";"";"";"";"";"";"";"";"";"";"";"";""
"69";"Rhône";"69123SR01";"Lyon 1er secteur";"0102";"1131";"756";"66,84%";"375";"33,16%";"742";"65,61%";"98,15%";"13";"1,15%";"1,72%";"1";"0,09%";"0,13%";"2";"BOUÂGGA";"Yasmine";"F";"LDVG";"Pour vivre Lyon, l'union de la gauche et des écologistes avec Yasmine Bouâgga";"Pour vivre Lyon, l'union de la gauche et des écologistes avec Yasmine Bouâgga";"502";"44,39%";"67,65%";"";"10";"4";"CÉDAT";"Laure";"F";"LDVC";"Coeur Lyonnais";"Coeur Lyonnais";"240";"21,22%";"32,35%";"";"2";"";"";"";"";"";"";"";"";"";"";"";"";"";"";"";"";"";"";"";"";"";"";"";""
"69";"Rhône";"69123SR01";"Lyon 1er secteur";"0103";"1389";"1013";"72,93%";"376";"27,07%";"991";"71,35%";"97,83%";"19";"1,37%";"1,88%";"3";"0,22%";"0,30%";"2";"BOUÂGGA";"Yasmine";"F";"LDVG";"Pour vivre Lyon, l'union de la gauche et des écologistes avec Yasmine Bouâgga";"Pour vivre Lyon, l'union de la gauche et des écologistes avec Yasmine Bouâgga";"768";"55,29%";"77,50%";"";"10";"4";"CÉDAT";"Laure";"F";"LDVC";"Coeur Lyonnais";"Coeur Lyonnais";"223";"16,05%";"22,50%";"";"2";"";"";"";"";"";"";"";"";"";"";"";"";"";"";"";"";"";"";"";"";"";"";"";""
"69";"Rhône";"69123SR01";"Lyon 1er secteur";"0104";"1268";"863";"68,06%";"405";"31,94%";"839";"66,17%";"97,22%";"16";"1,26%";"1,85%";"8";"0,63%";"0,93%";"2";"BOUÂGGA";"Yasmine";"F";"LDVG";"Pour vivre Lyon, l'union de la gauche et des écologistes avec Yasmine Bouâgga";"Pour vivre Lyon, l'union de la gauche et des écologistes avec Yasmine Bouâgga";"475";"37,46%";"56,62%";"";"10";"4";"CÉDAT";"Laure";"F";"LDVC";"Coeur Lyonnais";"Coeur Lyonnais";"364";"28,71%";"43,38%";"";"2";"";"";"";"";"";"";"";"";"";"";"";"";"";"";"";"";"";"";"";"";"";"";"";""
"69";"Rhône";"69123SR01";"Lyon 1er secteur";"0105";"1011";"741";"73,29%";"270";"26,71%";"731";"72,30%";"98,65%";"8";"0,79%";"1,08%";"2";"0,20%";"0,27%";"2";"BOUÂGGA";"Yasmine";"F";"LDVG";"Pour vivre Lyon, l'union de la gauche et des écologistes avec Yasmine Bouâgga";"Pour vivre Lyon, l'union de la gauche et des écologistes avec Yasmine Bouâgga";"543";"53,71%";"74,28%";"";"10";"4";"CÉDAT";"Laure";"F";"LDVC";"Coeur Lyonnais";"Coeur Lyonnais";"188";"18,60%";"25,72%";"";"2";"";"";"";"";"";"";"";"";"";"";"";"";"";"";"";"";"";"";"";"";"";"";"";""
"69";"Rhône";"69123SR01";"Lyon 1er secteur";"0106";"1130";"820";"72,57%";"310";"27,43%";"805";"71,24%";"98,17%";"13";"1,15%";"1,59%";"2";"0,18%";"0,24%";"2";"BOUÂGGA";"Yasmine";"F";"LDVG";"Pour vivre Lyon, l'union de la gauche et des écologistes avec Yasmine Bouâgga";"Pour vivre Lyon, l'union de la gauche et des écologistes avec Yasmine Bouâgga";"522";"46,19%";"64,84%";"";"10";"4";"CÉDAT";"Laure";"F";"LDVC";"Coeur Lyonnais";"Coeur Lyonnais";"283";"25,04%";"35,16%";"";"2";"";"";"";"";"";"";"";"";"";"";"";"";"";"";"";"";"";"";"";"";"";"";"";""
"69";"Rhône";"69123SR01";"Lyon 1er secteur";"0107";"1148";"826";"71,95%";"322";"28,05%";"807";"70,30%";"97,70%";"12";"1,05%";"1,45%";"7";"0,61%";"0,85%";"2";"BOUÂGGA";"Yasmine";"F";"LDVG";"Pour vivre Lyon, l'union de la gauche et des écologistes avec Yasmine Bouâgga";"Pour vivre Lyon, l'union de la gauche et des écologistes avec Yasmine Bouâgga";"589";"51,31%";"72,99%";"";"10";"4";"CÉDAT";"Laure";"F";"LDVC";"Coeur Lyonnais";"Coeur Lyonnais";"218";"18,99%";"27,01%";"";"2";"";"";"";"";"";"";"";"";"";"";"";"";"";"";"";"";"";"";"";"";"";"";"";""
"69";"Rhône";"69123SR01";"Lyon 1er secteur";"0108";"1013";"683";"67,42%";"330";"32,58%";"675";"66,63%";"98,83%";"8";"0,79%";"1,17%";"0";"0,00%";"0,00%";"2";"BOUÂGGA";"Yasmine";"F";"LDVG";"Pour vivre Lyon, l'union de la gauche et des écologistes avec Yasmine Bouâgga";"Pour vivre Lyon, l'union de la gauche et des écologistes avec Yasmine Bouâgga";"565";"55,77%";"83,70%";"";"10";"4";"CÉDAT";"Laure";"F";"LDVC";"Coeur Lyonnais";"Coeur Lyonnais";"110";"10,86%";"16,30%";"";"2";"";"";"";"";"";"";"";"";"";"";"";"";"";"";"";"";"";"";"";"";"";"";"";""
"69";"Rhône";"69123SR01";"Lyon 1er secteur";"0109";"1071";"729";"68,07%";"342";"31,93%";"715";"66,76%";"98,08%";"8";"0,75%";"1,10%";"6";"0,56%";"0,82%";"2";"BOUÂGGA";"Yasmine";"F";"LDVG";"Pour vivre Lyon, l'union de la gauche et des écologistes avec Yasmine Bouâgga";"Pour vivre Lyon, l'union de la gauche et des écologistes avec Yasmine Bouâgga";"551";"51,45%";"77,06%";"";"10";"4";"CÉDAT";"Laure";"F";"LDVC";"Coeur Lyonnais";"Coeur Lyonnais";"164";"15,31%";"22,94%";"";"2";"";"";"";"";"";"";"";"";"";"";"";"";"";"";"";"";"";"";"";"";"";"";"";""
"69";"Rhône";"69123SR01";"Lyon 1er secteur";"0110";"979";"691";"70,58%";"288";"29,42%";"675";"68,95%";"97,68%";"11";"1,12%";"1,59%";"5";"0,51%";"0,72%";"2";"BOUÂGGA";"Yasmine";"F";"LDVG";"Pour vivre Lyon, l'union de la gauche et des écologistes avec Yasmine Bouâgga";"Pour vivre Lyon, l'union de la gauche et des écologistes avec Yasmine Bouâgga";"436";"44,54%";"64,59%";"";"10";"4";"CÉDAT";"Laure";"F";"LDVC";"Coeur Lyonnais";"Coeur Lyonnais";"239";"24,41%";"35,41%";"";"2";"";"";"";"";"";"";"";"";"";"";"";"";"";"";"";"";"";"";"";"";"";"";"";""
"69";"Rhône";"69123SR01";"Lyon 1er secteur";"0111";"1137";"791";"69,57%";"346";"30,43%";"770";"67,72%";"97,35%";"17";"1,50%";"2,15%";"4";"0,35%";"0,51%";"2";"BOUÂGGA";"Yasmine";"F";"LDVG";"Pour vivre Lyon, l'union de la gauche et des écologistes avec Yasmine Bouâgga";"Pour vivre Lyon, l'union de la gauche et des écologistes avec Yasmine Bouâgga";"551";"48,46%";"71,56%";"";"10";"4";"CÉDAT";"Laure";"F";"LDVC";"Coeur Lyonnais";"Coeur Lyonnais";"219";"19,26%";"28,44%";"";"2";"";"";"";"";"";"";"";"";"";"";"";"";"";"";"";"";"";"";"";"";"";"";"";""
"69";"Rhône";"69123SR01";"Lyon 1er secteur";"0112";"1123";"785";"69,90%";"338";"30,10%";"770";"68,57%";"98,09%";"11";"0,98%";"1,40%";"4";"0,36%";"0,51%";"2";"BOUÂGGA";"Yasmine";"F";"LDVG";"Pour vivre Lyon, l'union de la gauche et des écologistes avec Yasmine Bouâgga";"Pour vivre Lyon, l'union de la gauche et des écologistes avec Yasmine Bouâgga";"430";"38,29%";"55,84%";"";"10";"4";"CÉDAT";"Laure";"F";"LDVC";"Coeur Lyonnais";"Coeur Lyonnais";"340";"30,28%";"44,16%";"";"2";"";"";"";"";"";"";"";"";"";"";"";"";"";"";"";"";"";"";"";"";"";"";"";""
"69";"Rhône";"69123SR01";"Lyon 1er secteur";"0113";"995";"714";"71,76%";"281";"28,24%";"698";"70,15%";"97,76%";"9";"0,90%";"1,26%";"7";"0,70%";"0,98%";"2";"BOUÂGGA";"Yasmine";"F";"LDVG";"Pour vivre Lyon, l'union de la gauche et des écologistes avec Yasmine Bouâgga";"Pour vivre Lyon, l'union de la gauche et des écologistes avec Yasmine Bouâgga";"388";"38,99%";"55,59%";"";"10";"4";"CÉDAT";"Laure";"F";"LDVC";"Coeur Lyonnais";"Coeur Lyonnais";"310";"31,16%";"44,41%";"";"2";"";"";"";"";"";"";"";"";"";"";"";"";"";"";"";"";"";"";"";"";"";"";"";""
"69";"Rhône";"69123SR01";"Lyon 1er secteur";"0114";"1040";"791";"76,06%";"249";"23,94%";"780";"75,00%";"98,61%";"8";"0,77%";"1,01%";"3";"0,29%";"0,38%";"2";"BOUÂGGA";"Yasmine";"F";"LDVG";"Pour vivre Lyon, l'union de la gauche et des écologistes avec Yasmine Bouâgga";"Pour vivre Lyon, l'union de la gauche et des écologistes avec Yasmine Bouâgga";"404";"38,85%";"51,79%";"";"10";"4";"CÉDAT";"Laure";"F";"LDVC";"Coeur Lyonnais";"Coeur Lyonnais";"376";"36,15%";"48,21%";"";"2";"";"";"";"";"";"";"";"";"";"";"";"";"";"";"";"";"";"";"";"";"";"";"";""
"69";"Rhône";"69123SR01";"Lyon 1er secteur";"0115";"1004";"658";"65,54%";"346";"34,46%";"649";"64,64%";"98,63%";"5";"0,50%";"0,76%";"4";"0,40%";"0,61%";"2";"BOUÂGGA";"Yasmine";"F";"LDVG";"Pour vivre Lyon, l'union de la gauche et des écologistes avec Yasmine Bouâgga";"Pour vivre Lyon, l'union de la gauche et des écologistes avec Yasmine Bouâgga";"481";"47,91%";"74,11%";"";"10";"4";"CÉDAT";"Laure";"F";"LDVC";"Coeur Lyonnais";"Coeur Lyonnais";"168";"16,73%";"25,89%";"";"2";"";"";"";"";"";"";"";"";"";"";"";"";"";"";"";"";"";"";"";"";"";"";"";""
"69";"Rhône";"69123SR01";"Lyon 1er secteur";"0116";"1080";"721";"66,76%";"359";"33,24%";"713";"66,02%";"98,89%";"4";"0,37%";"0,55%";"4";"0,37%";"0,55%";"2";"BOUÂGGA";"Yasmine";"F";"LDVG";"Pour vivre Lyon, l'union de la gauche et des écologistes avec Yasmine Bouâgga";"Pour vivre Lyon, l'union de la gauche et des écologistes avec Yasmine Bouâgga";"553";"51,20%";"77,56%";"";"10";"4";"CÉDAT";"Laure";"F";"LDVC";"Coeur Lyonnais";"Coeur Lyonnais";"160";"14,81%";"22,44%";"";"2";"";"";"";"";"";"";"";"";"";"";"";"";"";"";"";"";"";"";"";"";"";"";"";""
"69";"Rhône";"69123SR01";"Lyon 1er secteur";"0117";"1137";"760";"66,84%";"377";"33,16%";"752";"66,14%";"98,95%";"4";"0,35%";"0,53%";"4";"0,35%";"0,53%";"2";"BOUÂGGA";"Yasmine";"F";"LDVG";"Pour vivre Lyon, l'union de la gauche et des écologistes avec Yasmine Bouâgga";"Pour vivre Lyon, l'union de la gauche et des écologistes avec Yasmine Bouâgga";"592";"52,07%";"78,72%";"";"10";"4";"CÉDAT";"Laure";"F";"LDVC";"Coeur Lyonnais";"Coeur Lyonnais";"160";"14,07%";"21,28%";"";"2";"";"";"";"";"";"";"";"";"";"";"";"";"";"";"";"";"";"";"";"";"";"";"";""
"69";"Rhône";"69123SR01";"Lyon 1er secteur";"0118";"1162";"820";"70,57%";"342";"29,43%";"806";"69,36%";"98,29%";"9";"0,77%";"1,10%";"5";"0,43%";"0,61%";"2";"BOUÂGGA";"Yasmine";"F";"LDVG";"Pour vivre Lyon, l'union de la gauche et des écologistes avec Yasmine Bouâgga";"Pour vivre Lyon, l'union de la gauche et des écologistes avec Yasmine Bouâgga";"517";"44,49%";"64,14%";"";"10";"4";"CÉDAT";"Laure";"F";"LDVC";"Coeur Lyonnais";"Coeur Lyonnais";"289";"24,87%";"35,86%";"";"2";"";"";"";"";"";"";"";"";"";"";"";"";"";"";"";"";"";"";"";"";"";"";"";""
"69";"Rhône";"69123SR02";"Lyon 2eme secteur";"0201";"880";"684";"77,73%";"196";"22,27%";"667";"75,80%";"97,51%";"12";"1,36%";"1,75%";"5";"0,57%";"0,73%";"1";"OLIVER";"Pierre";"M";"LDVD";"Coeur lyonnais";"Coeur lyonnais";"471";"53,52%";"70,61%";"";"10";"3";"LUNGENSTRASS";"Valentin";"M";"LUG";"Pour Vivre Lyon 2e L'Union de la Gauche et des Ecologistes avec Valentin Lungenstrass";"Pour Vivre Lyon 2e L'Union de la Gauche et des Ecologistes avec Valentin Lungenstrass";"196";"22,27%";"29,39%";"";"2";"";"";"";"";"";"";"";"";"";"";"";"";"";"";"";"";"";"";"";"";"";"";"";""
"69";"Rhône";"69123SR02";"Lyon 2eme secteur";"0202";"854";"632";"74,00%";"222";"26,00%";"624";"73,07%";"98,73%";"3";"0,35%";"0,47%";"5";"0,59%";"0,79%";"1";"OLIVER";"Pierre";"M";"LDVD";"Coeur lyonnais";"Coeur lyonnais";"392";"45,90%";"62,82%";"";"10";"3";"LUNGENSTRASS";"Valentin";"M";"LUG";"Pour Vivre Lyon 2e L'Union de la Gauche et des Ecologistes avec Valentin Lungenstrass";"Pour Vivre Lyon 2e L'Union de la Gauche et des Ecologistes avec Valentin Lungenstrass";"232";"27,17%";"37,18%";"";"2";"";"";"";"";"";"";"";"";"";"";"";"";"";"";"";"";"";"";"";"";"";"";"";""
"69";"Rhône";"69123SR02";"Lyon 2eme secteur";"0203";"1149";"860";"74,85%";"289";"25,15%";"850";"73,98%";"98,84%";"7";"0,61%";"0,81%";"3";"0,26%";"0,35%";"1";"OLIVER";"Pierre";"M";"LDVD";"Coeur lyonnais";"Coeur lyonnais";"562";"48,91%";"66,12%";"";"10";"3";"LUNGENSTRASS";"Valentin";"M";"LUG";"Pour Vivre Lyon 2e L'Union de la Gauche et des Ecologistes avec Valentin Lungenstrass";"Pour Vivre Lyon 2e L'Union de la Gauche et des Ecologistes avec Valentin Lungenstrass";"288";"25,07%";"33,88%";"";"2";"";"";"";"";"";"";"";"";"";"";"";"";"";"";"";"";"";"";"";"";"";"";"";""
"69";"Rhône";"69123SR02";"Lyon 2eme secteur";"0204";"1082";"785";"72,55%";"297";"27,45%";"773";"71,44%";"98,47%";"8";"0,74%";"1,02%";"4";"0,37%";"0,51%";"1";"OLIVER";"Pierre";"M";"LDVD";"Coeur lyonnais";"Coeur lyonnais";"452";"41,77%";"58,47%";"";"10";"3";"LUNGENSTRASS";"Valentin";"M";"LUG";"Pour Vivre Lyon 2e L'Union de la Gauche et des Ecologistes avec Valentin Lungenstrass";"Pour Vivre Lyon 2e L'Union de la Gauche et des Ecologistes avec Valentin Lungenstrass";"321";"29,67%";"41,53%";"";"2";"";"";"";"";"";"";"";"";"";"";"";"";"";"";"";"";"";"";"";"";"";"";"";""
"69";"Rhône";"69123SR02";"Lyon 2eme secteur";"0205";"876";"649";"74,09%";"227";"25,91%";"636";"72,60%";"98,00%";"10";"1,14%";"1,54%";"3";"0,34%";"0,46%";"1";"OLIVER";"Pierre";"M";"LDVD";"Coeur lyonnais";"Coeur lyonnais";"434";"49,54%";"68,24%";"";"10";"3";"LUNGENSTRASS";"Valentin";"M";"LUG";"Pour Vivre Lyon 2e L'Union de la Gauche et des Ecologistes avec Valentin Lungenstrass";"Pour Vivre Lyon 2e L'Union de la Gauche et des Ecologistes avec Valentin Lungenstrass";"202";"23,06%";"31,76%";"";"2";"";"";"";"";"";"";"";"";"";"";"";"";"";"";"";"";"";"";"";"";"";"";"";""
"69";"Rhône";"69123SR02";"Lyon 2eme secteur";"0206";"793";"606";"76,42%";"187";"23,58%";"592";"74,65%";"97,69%";"8";"1,01%";"1,32%";"6";"0,76%";"0,99%";"1";"OLIVER";"Pierre";"M";"LDVD";"Coeur lyonnais";"Coeur lyonnais";"393";"49,56%";"66,39%";"";"10";"3";"LUNGENSTRASS";"Valentin";"M";"LUG";"Pour Vivre Lyon 2e L'Union de la Gauche et des Ecologistes avec Valentin Lungenstrass";"Pour Vivre Lyon 2e L'Union de la Gauche et des Ecologistes avec Valentin Lungenstrass";"199";"25,09%";"33,61%";"";"2";"";"";"";"";"";"";"";"";"";"";"";"";"";"";"";"";"";"";"";"";"";"";"";""
"69";"Rhône";"69123SR02";"Lyon 2eme secteur";"0207";"1184";"866";"73,14%";"318";"26,86%";"846";"71,45%";"97,69%";"15";"1,27%";"1,73%";"5";"0,42%";"0,58%";"1";"OLIVER";"Pierre";"M";"LDVD";"Coeur lyonnais";"Coeur lyonnais";"625";"52,79%";"73,88%";"";"10";"3";"LUNGENSTRASS";"Valentin";"M";"LUG";"Pour Vivre Lyon 2e L'Union de la Gauche et des Ecologistes avec Valentin Lungenstrass";"Pour Vivre Lyon 2e L'Union de la Gauche et des Ecologistes avec Valentin Lungenstrass";"221";"18,67%";"26,12%";"";"2";"";"";"";"";"";"";"";"";"";"";"";"";"";"";"";"";"";"";"";"";"";"";"";""
"69";"Rhône";"69123SR02";"Lyon 2eme secteur";"0208";"1054";"767";"72,77%";"287";"27,23%";"762";"72,30%";"99,35%";"4";"0,38%";"0,52%";"1";"0,09%";"0,13%";"1";"OLIVER";"Pierre";"M";"LDVD";"Coeur lyonnais";"Coeur lyonnais";"509";"48,29%";"66,80%";"";"10";"3";"LUNGENSTRASS";"Valentin";"M";"LUG";"Pour Vivre Lyon 2e L'Union de la Gauche et des Ecologistes avec Valentin Lungenstrass";"Pour Vivre Lyon 2e L'Union de la Gauche et des Ecologistes avec Valentin Lungenstrass";"253";"24,00%";"33,20%";"";"2";"";"";"";"";"";"";"";"";"";"";"";"";"";"";"";"";"";"";"";"";"";"";"";""
"69";"Rhône";"69123SR02";"Lyon 2eme secteur";"0209";"904";"638";"70,58%";"266";"29,42%";"630";"69,69%";"98,75%";"6";"0,66%";"0,94%";"2";"0,22%";"0,31%";"1";"OLIVER";"Pierre";"M";"LDVD";"Coeur lyonnais";"Coeur lyonnais";"350";"38,72%";"55,56%";"";"10";"3";"LUNGENSTRASS";"Valentin";"M";"LUG";"Pour Vivre Lyon 2e L'Union de la Gauche et des Ecologistes avec Valentin Lungenstrass";"Pour Vivre Lyon 2e L'Union de la Gauche et des Ecologistes avec Valentin Lungenstrass";"280";"30,97%";"44,44%";"";"2";"";"";"";"";"";"";"";"";"";"";"";"";"";"";"";"";"";"";"";"";"";"";"";""
"69";"Rhône";"69123SR02";"Lyon 2eme secteur";"0210";"852";"595";"69,84%";"257";"30,16%";"587";"68,90%";"98,66%";"4";"0,47%";"0,67%";"4";"0,47%";"0,67%";"1";"OLIVER";"Pierre";"M";"LDVD";"Coeur lyonnais";"Coeur lyonnais";"340";"39,91%";"57,92%";"";"10";"3";"LUNGENSTRASS";"Valentin";"M";"LUG";"Pour Vivre Lyon 2e L'Union de la Gauche et des Ecologistes avec Valentin Lungenstrass";"Pour Vivre Lyon 2e L'Union de la Gauche et des Ecologistes avec Valentin Lungenstrass";"247";"28,99%";"42,08%";"";"2";"";"";"";"";"";"";"";"";"";"";"";"";"";"";"";"";"";"";"";"";"";"";"";""
"69";"Rhône";"69123SR02";"Lyon 2eme secteur";"0211";"1110";"688";"61,98%";"422";"38,02%";"677";"60,99%";"98,40%";"7";"0,63%";"1,02%";"4";"0,36%";"0,58%";"1";"OLIVER";"Pierre";"M";"LDVD";"Coeur lyonnais";"Coeur lyonnais";"337";"30,36%";"49,78%";"";"10";"3";"LUNGENSTRASS";"Valentin";"M";"LUG";"Pour Vivre Lyon 2e L'Union de la Gauche et des Ecologistes avec Valentin Lungenstrass";"Pour Vivre Lyon 2e L'Union de la Gauche et des Ecologistes avec Valentin Lungenstrass";"340";"30,63%";"50,22%";"";"2";"";"";"";"";"";"";"";"";"";"";"";"";"";"";"";"";"";"";"";"";"";"";"";""
"69";"Rhône";"69123SR02";"Lyon 2eme secteur";"0212";"926";"599";"64,69%";"327";"35,31%";"589";"63,61%";"98,33%";"7";"0,76%";"1,17%";"3";"0,32%";"0,50%";"1";"OLIVER";"Pierre";"M";"LDVD";"Coeur lyonnais";"Coeur lyonnais";"303";"32,72%";"51,44%";"";"10";"3";"LUNGENSTRASS";"Valentin";"M";"LUG";"Pour Vivre Lyon 2e L'Union de la Gauche et des Ecologistes avec Valentin Lungenstrass";"Pour Vivre Lyon 2e L'Union de la Gauche et des Ecologistes avec Valentin Lungenstrass";"286";"30,89%";"48,56%";"";"2";"";"";"";"";"";"";"";"";"";"";"";"";"";"";"";"";"";"";"";"";"";"";"";""
"69";"Rhône";"69123SR02";"Lyon 2eme secteur";"0213";"1070";"683";"63,83%";"387";"36,17%";"667";"62,34%";"97,66%";"7";"0,65%";"1,02%";"9";"0,84%";"1,32%";"1";"OLIVER";"Pierre";"M";"LDVD";"Coeur lyonnais";"Coeur lyonnais";"344";"32,15%";"51,57%";"";"10";"3";"LUNGENSTRASS";"Valentin";"M";"LUG";"Pour Vivre Lyon 2e L'Union de la Gauche et des Ecologistes avec Valentin Lungenstrass";"Pour Vivre Lyon 2e L'Union de la Gauche et des Ecologistes avec Valentin Lungenstrass";"323";"30,19%";"48,43%";"";"2";"";"";"";"";"";"";"";"";"";"";"";"";"";"";"";"";"";"";"";"";"";"";"";""
"69";"Rhône";"69123SR02";"Lyon 2eme secteur";"0214";"1091";"704";"64,53%";"387";"35,47%";"687";"62,97%";"97,59%";"17";"1,56%";"2,41%";"0";"0,00%";"0,00%";"1";"OLIVER";"Pierre";"M";"LDVD";"Coeur lyonnais";"Coeur lyonnais";"389";"35,66%";"56,62%";"";"10";"3";"LUNGENSTRASS";"Valentin";"M";"LUG";"Pour Vivre Lyon 2e L'Union de la Gauche et des Ecologistes avec Valentin Lungenstrass";"Pour Vivre Lyon 2e L'Union de la Gauche et des Ecologistes avec Valentin Lungenstrass";"298";"27,31%";"43,38%";"";"2";"";"";"";"";"";"";"";"";"";"";"";"";"";"";"";"";"";"";"";"";"";"";"";""
"69";"Rhône";"69123SR02";"Lyon 2eme secteur";"0215";"1233";"879";"71,29%";"354";"28,71%";"868";"70,40%";"98,75%";"4";"0,32%";"0,46%";"7";"0,57%";"0,80%";"1";"OLIVER";"Pierre";"M";"LDVD";"Coeur lyonnais";"Coeur lyonnais";"506";"41,04%";"58,29%";"";"10";"3";"LUNGENSTRASS";"Valentin";"M";"LUG";"Pour Vivre Lyon 2e L'Union de la Gauche et des Ecologistes avec Valentin Lungenstrass";"Pour Vivre Lyon 2e L'Union de la Gauche et des Ecologistes avec Valentin Lungenstrass";"362";"29,36%";"41,71%";"";"2";"";"";"";"";"";"";"";"";"";"";"";"";"";"";"";"";"";"";"";"";"";"";"";""
"69";"Rhône";"69123SR02";"Lyon 2eme secteur";"0216";"1320";"998";"75,61%";"322";"24,39%";"979";"74,17%";"98,10%";"12";"0,91%";"1,20%";"7";"0,53%";"0,70%";"1";"OLIVER";"Pierre";"M";"LDVD";"Coeur lyonnais";"Coeur lyonnais";"610";"46,21%";"62,31%";"";"10";"3";"LUNGENSTRASS";"Valentin";"M";"LUG";"Pour Vivre Lyon 2e L'Union de la Gauche et des Ecologistes avec Valentin Lungenstrass";"Pour Vivre Lyon 2e L'Union de la Gauche et des Ecologistes avec Valentin Lungenstrass";"369";"27,95%";"37,69%";"";"2";"";"";"";"";"";"";"";"";"";"";"";"";"";"";"";"";"";"";"";"";"";"";"";""
"69";"Rhône";"69123SR02";"Lyon 2eme secteur";"0217";"1193";"867";"72,67%";"326";"27,33%";"854";"71,58%";"98,50%";"10";"0,84%";"1,15%";"3";"0,25%";"0,35%";"1";"OLIVER";"Pierre";"M";"LDVD";"Coeur lyonnais";"Coeur lyonnais";"495";"41,49%";"57,96%";"";"10";"3";"LUNGENSTRASS";"Valentin";"M";"LUG";"Pour Vivre Lyon 2e L'Union de la Gauche et des Ecologistes avec Valentin Lungenstrass";"Pour Vivre Lyon 2e L'Union de la Gauche et des Ecologistes avec Valentin Lungenstrass";"359";"30,09%";"42,04%";"";"2";"";"";"";"";"";"";"";"";"";"";"";"";"";"";"";"";"";"";"";"";"";"";"";""
"69";"Rhône";"69123SR02";"Lyon 2eme secteur";"0218";"1193";"859";"72,00%";"334";"28,00%";"845";"70,83%";"98,37%";"9";"0,75%";"1,05%";"5";"0,42%";"0,58%";"1";"OLIVER";"Pierre";"M";"LDVD";"Coeur lyonnais";"Coeur lyonnais";"521";"43,67%";"61,66%";"";"10";"3";"LUNGENSTRASS";"Valentin";"M";"LUG";"Pour Vivre Lyon 2e L'Union de la Gauche et des Ecologistes avec Valentin Lungenstrass";"Pour Vivre Lyon 2e L'Union de la Gauche et des Ecologistes avec Valentin Lungenstrass";"324";"27,16%";"38,34%";"";"2";"";"";"";"";"";"";"";"";"";"";"";"";"";"";"";"";"";"";"";"";"";"";"";""
"69";"Rhône";"69123SR02";"Lyon 2eme secteur";"0219";"1329";"805";"60,57%";"524";"39,43%";"799";"60,12%";"99,25%";"4";"0,30%";"0,50%";"2";"0,15%";"0,25%";"1";"OLIVER";"Pierre";"M";"LDVD";"Coeur lyonnais";"Coeur lyonnais";"360";"27,09%";"45,06%";"";"10";"3";"LUNGENSTRASS";"Valentin";"M";"LUG";"Pour Vivre Lyon 2e L'Union de la Gauche et des Ecologistes avec Valentin Lungenstrass";"Pour Vivre Lyon 2e L'Union de la Gauche et des Ecologistes avec Valentin Lungenstrass";"439";"33,03%";"54,94%";"";"2";"";"";"";"";"";"";"";"";"";"";"";"";"";"";"";"";"";"";"";"";"";"";"";""
"69";"Rhône";"69123SR02";"Lyon 2eme secteur";"0220";"1307";"891";"68,17%";"416";"31,83%";"878";"67,18%";"98,54%";"6";"0,46%";"0,67%";"7";"0,54%";"0,79%";"1";"OLIVER";"Pierre";"M";"LDVD";"Coeur lyonnais";"Coeur lyonnais";"464";"35,50%";"52,85%";"";"10";"3";"LUNGENSTRASS";"Valentin";"M";"LUG";"Pour Vivre Lyon 2e L'Union de la Gauche et des Ecologistes avec Valentin Lungenstrass";"Pour Vivre Lyon 2e L'Union de la Gauche et des Ecologistes avec Valentin Lungenstrass";"414";"31,68%";"47,15%";"";"2";"";"";"";"";"";"";"";"";"";"";"";"";"";"";"";"";"";"";"";"";"";"";"";""
"69";"Rhône";"69123SR03";"Lyon 3eme secteur";"0001";"87";"1";"1,15%";"86";"98,85%";"1";"1,15%";"100,00%";"0";"0,00%";"0,00%";"0";"0,00%";"0,00%";"3";"SESSIECQ";"Marion";"F";"LDVG";"Pour vivre Lyon 3e, union de la gauche et des écologistes avec Marion SESSIECQ";"Pour vivre Lyon 3e, union de la gauche et des écologistes avec Marion SESSIECQ";"0";"0,00%";"0,00%";"";"34";"5";"DE MONTILLE";"Béatrice";"F";"LDVD";"Coeur Lyonnais";"Coeur Lyonnais";"1";"1,15%";"100,00%";"";"10";"";"";"";"";"";"";"";"";"";"";"";"";"";"";"";"";"";"";"";"";"";"";"";""
"69";"Rhône";"69123SR03";"Lyon 3eme secteur";"0301";"890";"614";"68,99%";"276";"31,01%";"595";"66,85%";"96,91%";"8";"0,90%";"1,30%";"11";"1,24%";"1,79%";"3";"SESSIECQ";"Marion";"F";"LDVG";"Pour vivre Lyon 3e, union de la gauche et des écologistes avec Marion SESSIECQ";"Pour vivre Lyon 3e, union de la gauche et des écologistes avec Marion SESSIECQ";"289";"32,47%";"48,57%";"";"34";"5";"DE MONTILLE";"Béatrice";"F";"LDVD";"Coeur Lyonnais";"Coeur Lyonnais";"306";"34,38%";"51,43%";"";"10";"";"";"";"";"";"";"";"";"";"";"";"";"";"";"";"";"";"";"";"";"";"";"";""
"69";"Rhône";"69123SR03";"Lyon 3eme secteur";"0302";"1082";"776";"71,72%";"306";"28,28%";"761";"70,33%";"98,07%";"8";"0,74%";"1,03%";"7";"0,65%";"0,90%";"3";"SESSIECQ";"Marion";"F";"LDVG";"Pour vivre Lyon 3e, union de la gauche et des écologistes avec Marion SESSIECQ";"Pour vivre Lyon 3e, union de la gauche et des écologistes avec Marion SESSIECQ";"283";"26,16%";"37,19%";"";"34";"5";"DE MONTILLE";"Béatrice";"F";"LDVD";"Coeur Lyonnais";"Coeur Lyonnais";"478";"44,18%";"62,81%";"";"10";"";"";"";"";"";"";"";"";"";"";"";"";"";"";"";"";"";"";"";"";"";"";"";""
"69";"Rhône";"69123SR03";"Lyon 3eme secteur";"0303";"874";"605";"69,22%";"269";"30,78%";"593";"67,85%";"98,02%";"6";"0,69%";"0,99%";"6";"0,69%";"0,99%";"3";"SESSIECQ";"Marion";"F";"LDVG";"Pour vivre Lyon 3e, union de la gauche et des écologistes avec Marion SESSIECQ";"Pour vivre Lyon 3e, union de la gauche et des écologistes avec Marion SESSIECQ";"312";"35,70%";"52,61%";"";"34";"5";"DE MONTILLE";"Béatrice";"F";"LDVD";"Coeur Lyonnais";"Coeur Lyonnais";"281";"32,15%";"47,39%";"";"10";"";"";"";"";"";"";"";"";"";"";"";"";"";"";"";"";"";"";"";"";"";"";"";""
"69";"Rhône";"69123SR03";"Lyon 3eme secteur";"0304";"915";"490";"53,55%";"425";"46,45%";"482";"52,68%";"98,37%";"4";"0,44%";"0,82%";"4";"0,44%";"0,82%";"3";"SESSIECQ";"Marion";"F";"LDVG";"Pour vivre Lyon 3e, union de la gauche et des écologistes avec Marion SESSIECQ";"Pour vivre Lyon 3e, union de la gauche et des écologistes avec Marion SESSIECQ";"249";"27,21%";"51,66%";"";"34";"5";"DE MONTILLE";"Béatrice";"F";"LDVD";"Coeur Lyonnais";"Coeur Lyonnais";"233";"25,46%";"48,34%";"";"10";"";"";"";"";"";"";"";"";"";"";"";"";"";"";"";"";"";"";"";"";"";"";"";""
"69";"Rhône";"69123SR03";"Lyon 3eme secteur";"0305";"1083";"835";"77,10%";"248";"22,90%";"816";"75,35%";"97,72%";"10";"0,92%";"1,20%";"9";"0,83%";"1,08%";"3";"SESSIECQ";"Marion";"F";"LDVG";"Pour vivre Lyon 3e, union de la gauche et des écologistes avec Marion SESSIECQ";"Pour vivre Lyon 3e, union de la gauche et des écologistes avec Marion SESSIECQ";"293";"27,05%";"35,91%";"";"34";"5";"DE MONTILLE";"Béatrice";"F";"LDVD";"Coeur Lyonnais";"Coeur Lyonnais";"523";"48,29%";"64,09%";"";"10";"";"";"";"";"";"";"";"";"";"";"";"";"";"";"";"";"";"";"";"";"";"";"";""
"69";"Rhône";"69123SR03";"Lyon 3eme secteur";"0306";"952";"770";"80,88%";"182";"19,12%";"754";"79,20%";"97,92%";"11";"1,16%";"1,43%";"5";"0,53%";"0,65%";"3";"SESSIECQ";"Marion";"F";"LDVG";"Pour vivre Lyon 3e, union de la gauche et des écologistes avec Marion SESSIECQ";"Pour vivre Lyon 3e, union de la gauche et des écologistes avec Marion SESSIECQ";"271";"28,47%";"35,94%";"";"34";"5";"DE MONTILLE";"Béatrice";"F";"LDVD";"Coeur Lyonnais";"Coeur Lyonnais";"483";"50,74%";"64,06%";"";"10";"";"";"";"";"";"";"";"";"";"";"";"";"";"";"";"";"";"";"";"";"";"";"";""
"69";"Rhône";"69123SR03";"Lyon 3eme secteur";"0307";"1048";"772";"73,66%";"276";"26,34%";"753";"71,85%";"97,54%";"16";"1,53%";"2,07%";"3";"0,29%";"0,39%";"3";"SESSIECQ";"Marion";"F";"LDVG";"Pour vivre Lyon 3e, union de la gauche et des écologistes avec Marion SESSIECQ";"Pour vivre Lyon 3e, union de la gauche et des écologistes avec Marion SESSIECQ";"479";"45,71%";"63,61%";"";"34";"5";"DE MONTILLE";"Béatrice";"F";"LDVD";"Coeur Lyonnais";"Coeur Lyonnais";"274";"26,15%";"36,39%";"";"10";"";"";"";"";"";"";"";"";"";"";"";"";"";"";"";"";"";"";"";"";"";"";"";""
"69";"Rhône";"69123SR03";"Lyon 3eme secteur";"0308";"1111";"779";"70,12%";"332";"29,88%";"766";"68,95%";"98,33%";"6";"0,54%";"0,77%";"7";"0,63%";"0,90%";"3";"SESSIECQ";"Marion";"F";"LDVG";"Pour vivre Lyon 3e, union de la gauche et des écologistes avec Marion SESSIECQ";"Pour vivre Lyon 3e, union de la gauche et des écologistes avec Marion SESSIECQ";"457";"41,13%";"59,66%";"";"34";"5";"DE MONTILLE";"Béatrice";"F";"LDVD";"Coeur Lyonnais";"Coeur Lyonnais";"309";"27,81%";"40,34%";"";"10";"";"";"";"";"";"";"";"";"";"";"";"";"";"";"";"";"";"";"";"";"";"";"";""
"69";"Rhône";"69123SR03";"Lyon 3eme secteur";"0309";"1237";"892";"72,11%";"345";"27,89%";"872";"70,49%";"97,76%";"13";"1,05%";"1,46%";"7";"0,57%";"0,78%";"3";"SESSIECQ";"Marion";"F";"LDVG";"Pour vivre Lyon 3e, union de la gauche et des écologistes avec Marion SESSIECQ";"Pour vivre Lyon 3e, union de la gauche et des écologistes avec Marion SESSIECQ";"575";"46,48%";"65,94%";"";"34";"5";"DE MONTILLE";"Béatrice";"F";"LDVD";"Coeur Lyonnais";"Coeur Lyonnais";"297";"24,01%";"34,06%";"";"10";"";"";"";"";"";"";"";"";"";"";"";"";"";"";"";"";"";"";"";"";"";"";"";""
"69";"Rhône";"69123SR03";"Lyon 3eme secteur";"0310";"1028";"666";"64,79%";"362";"35,21%";"655";"63,72%";"98,35%";"9";"0,88%";"1,35%";"2";"0,19%";"0,30%";"3";"SESSIECQ";"Marion";"F";"LDVG";"Pour vivre Lyon 3e, union de la gauche et des écologistes avec Marion SESSIECQ";"Pour vivre Lyon 3e, union de la gauche et des écologistes avec Marion SESSIECQ";"466";"45,33%";"71,15%";"";"34";"5";"DE MONTILLE";"Béatrice";"F";"LDVD";"Coeur Lyonnais";"Coeur Lyonnais";"189";"18,39%";"28,85%";"";"10";"";"";"";"";"";"";"";"";"";"";"";"";"";"";"";"";"";"";"";"";"";"";"";""
"69";"Rhône";"69123SR03";"Lyon 3eme secteur";"0311";"1091";"782";"71,68%";"309";"28,32%";"773";"70,85%";"98,85%";"3";"0,27%";"0,38%";"6";"0,55%";"0,77%";"3";"SESSIECQ";"Marion";"F";"LDVG";"Pour vivre Lyon 3e, union de la gauche et des écologistes avec Marion SESSIECQ";"Pour vivre Lyon 3e, union de la gauche et des écologistes avec Marion SESSIECQ";"409";"37,49%";"52,91%";"";"34";"5";"DE MONTILLE";"Béatrice";"F";"LDVD";"Coeur Lyonnais";"Coeur Lyonnais";"364";"33,36%";"47,09%";"";"10";"";"";"";"";"";"";"";"";"";"";"";"";"";"";"";"";"";"";"";"";"";"";"";""
"69";"Rhône";"69123SR03";"Lyon 3eme secteur";"0312";"1172";"895";"76,37%";"277";"23,63%";"881";"75,17%";"98,44%";"9";"0,77%";"1,01%";"5";"0,43%";"0,56%";"3";"SESSIECQ";"Marion";"F";"LDVG";"Pour vivre Lyon 3e, union de la gauche et des écologistes avec Marion SESSIECQ";"Pour vivre Lyon 3e, union de la gauche et des écologistes avec Marion SESSIECQ";"477";"40,70%";"54,14%";"";"34";"5";"DE MONTILLE";"Béatrice";"F";"LDVD";"Coeur Lyonnais";"Coeur Lyonnais";"404";"34,47%";"45,86%";"";"10";"";"";"";"";"";"";"";"";"";"";"";"";"";"";"";"";"";"";"";"";"";"";"";""
"69";"Rhône";"69123SR03";"Lyon 3eme secteur";"0313";"1187";"793";"66,81%";"394";"33,19%";"775";"65,29%";"97,73%";"7";"0,59%";"0,88%";"11";"0,93%";"1,39%";"3";"SESSIECQ";"Marion";"F";"LDVG";"Pour vivre Lyon 3e, union de la gauche et des écologistes avec Marion SESSIECQ";"Pour vivre Lyon 3e, union de la gauche et des écologistes avec Marion SESSIECQ";"457";"38,50%";"58,97%";"";"34";"5";"DE MONTILLE";"Béatrice";"F";"LDVD";"Coeur Lyonnais";"Coeur Lyonnais";"318";"26,79%";"41,03%";"";"10";"";"";"";"";"";"";"";"";"";"";"";"";"";"";"";"";"";"";"";"";"";"";"";""
"69";"Rhône";"69123SR03";"Lyon 3eme secteur";"0314";"1043";"787";"75,46%";"256";"24,54%";"769";"73,73%";"97,71%";"12";"1,15%";"1,52%";"6";"0,58%";"0,76%";"3";"SESSIECQ";"Marion";"F";"LDVG";"Pour vivre Lyon 3e, union de la gauche et des écologistes avec Marion SESSIECQ";"Pour vivre Lyon 3e, union de la gauche et des écologistes avec Marion SESSIECQ";"435";"41,71%";"56,57%";"";"34";"5";"DE MONTILLE";"Béatrice";"F";"LDVD";"Coeur Lyonnais";"Coeur Lyonnais";"334";"32,02%";"43,43%";"";"10";"";"";"";"";"";"";"";"";"";"";"";"";"";"";"";"";"";"";"";"";"";"";"";""
"69";"Rhône";"69123SR03";"Lyon 3eme secteur";"0315";"1119";"721";"64,43%";"398";"35,57%";"705";"63,00%";"97,78%";"10";"0,89%";"1,39%";"6";"0,54%";"0,83%";"3";"SESSIECQ";"Marion";"F";"LDVG";"Pour vivre Lyon 3e, union de la gauche et des écologistes avec Marion SESSIECQ";"Pour vivre Lyon 3e, union de la gauche et des écologistes avec Marion SESSIECQ";"408";"36,46%";"57,87%";"";"34";"5";"DE MONTILLE";"Béatrice";"F";"LDVD";"Coeur Lyonnais";"Coeur Lyonnais";"297";"26,54%";"42,13%";"";"10";"";"";"";"";"";"";"";"";"";"";"";"";"";"";"";"";"";"";"";"";"";"";"";""
"69";"Rhône";"69123SR03";"Lyon 3eme secteur";"0316";"1245";"888";"71,33%";"357";"28,67%";"865";"69,48%";"97,41%";"14";"1,12%";"1,58%";"9";"0,72%";"1,01%";"3";"SESSIECQ";"Marion";"F";"LDVG";"Pour vivre Lyon 3e, union de la gauche et des écologistes avec Marion SESSIECQ";"Pour vivre Lyon 3e, union de la gauche et des écologistes avec Marion SESSIECQ";"482";"38,71%";"55,72%";"";"34";"5";"DE MONTILLE";"Béatrice";"F";"LDVD";"Coeur Lyonnais";"Coeur Lyonnais";"383";"30,76%";"44,28%";"";"10";"";"";"";"";"";"";"";"";"";"";"";"";"";"";"";"";"";"";"";"";"";"";"";""
"69";"Rhône";"69123SR03";"Lyon 3eme secteur";"0317";"1146";"752";"65,62%";"394";"34,38%";"726";"63,35%";"96,54%";"20";"1,75%";"2,66%";"6";"0,52%";"0,80%";"3";"SESSIECQ";"Marion";"F";"LDVG";"Pour vivre Lyon 3e, union de la gauche et des écologistes avec Marion SESSIECQ";"Pour vivre Lyon 3e, union de la gauche et des écologistes avec Marion SESSIECQ";"420";"36,65%";"57,85%";"";"34";"5";"DE MONTILLE";"Béatrice";"F";"LDVD";"Coeur Lyonnais";"Coeur Lyonnais";"306";"26,70%";"42,15%";"";"10";"";"";"";"";"";"";"";"";"";"";"";"";"";"";"";"";"";"";"";"";"";"";"";""
"69";"Rhône";"69123SR03";"Lyon 3eme secteur";"0318";"1032";"757";"73,35%";"275";"26,65%";"748";"72,48%";"98,81%";"8";"0,78%";"1,06%";"1";"0,10%";"0,13%";"3";"SESSIECQ";"Marion";"F";"LDVG";"Pour vivre Lyon 3e, union de la gauche et des écologistes avec Marion SESSIECQ";"Pour vivre Lyon 3e, union de la gauche et des écologistes avec Marion SESSIECQ";"457";"44,28%";"61,10%";"";"34";"5";"DE MONTILLE";"Béatrice";"F";"LDVD";"Coeur Lyonnais";"Coeur Lyonnais";"291";"28,20%";"38,90%";"";"10";"";"";"";"";"";"";"";"";"";"";"";"";"";"";"";"";"";"";"";"";"";"";"";""
"69";"Rhône";"69123SR03";"Lyon 3eme secteur";"0319";"1019";"648";"63,59%";"371";"36,41%";"631";"61,92%";"97,38%";"7";"0,69%";"1,08%";"10";"0,98%";"1,54%";"3";"SESSIECQ";"Marion";"F";"LDVG";"Pour vivre Lyon 3e, union de la gauche et des écologistes avec Marion SESSIECQ";"Pour vivre Lyon 3e, union de la gauche et des écologistes avec Marion SESSIECQ";"338";"33,17%";"53,57%";"";"34";"5";"DE MONTILLE";"Béatrice";"F";"LDVD";"Coeur Lyonnais";"Coeur Lyonnais";"293";"28,75%";"46,43%";"";"10";"";"";"";"";"";"";"";"";"";"";"";"";"";"";"";"";"";"";"";"";"";"";"";""
"69";"Rhône";"69123SR03";"Lyon 3eme secteur";"0320";"1184";"845";"71,37%";"339";"28,63%";"826";"69,76%";"97,75%";"13";"1,10%";"1,54%";"6";"0,51%";"0,71%";"3";"SESSIECQ";"Marion";"F";"LDVG";"Pour vivre Lyon 3e, union de la gauche et des écologistes avec Marion SESSIECQ";"Pour vivre Lyon 3e, union de la gauche et des écologistes avec Marion SESSIECQ";"467";"39,44%";"56,54%";"";"34";"5";"DE MONTILLE";"Béatrice";"F";"LDVD";"Coeur Lyonnais";"Coeur Lyonnais";"359";"30,32%";"43,46%";"";"10";"";"";"";"";"";"";"";"";"";"";"";"";"";"";"";"";"";"";"";"";"";"";"";""
"69";"Rhône";"69123SR03";"Lyon 3eme secteur";"0321";"1020";"639";"62,65%";"381";"37,35%";"623";"61,08%";"97,50%";"11";"1,08%";"1,72%";"5";"0,49%";"0,78%";"3";"SESSIECQ";"Marion";"F";"LDVG";"Pour vivre Lyon 3e, union de la gauche et des écologistes avec Marion SESSIECQ";"Pour vivre Lyon 3e, union de la gauche et des écologistes avec Marion SESSIECQ";"299";"29,31%";"47,99%";"";"34";"5";"DE MONTILLE";"Béatrice";"F";"LDVD";"Coeur Lyonnais";"Coeur Lyonnais";"324";"31,76%";"52,01%";"";"10";"";"";"";"";"";"";"";"";"";"";"";"";"";"";"";"";"";"";"";"";"";"";"";""
"69";"Rhône";"69123SR03";"Lyon 3eme secteur";"0322";"845";"572";"67,69%";"273";"32,31%";"558";"66,04%";"97,55%";"9";"1,07%";"1,57%";"5";"0,59%";"0,87%";"3";"SESSIECQ";"Marion";"F";"LDVG";"Pour vivre Lyon 3e, union de la gauche et des écologistes avec Marion SESSIECQ";"Pour vivre Lyon 3e, union de la gauche et des écologistes avec Marion SESSIECQ";"324";"38,34%";"58,06%";"";"34";"5";"DE MONTILLE";"Béatrice";"F";"LDVD";"Coeur Lyonnais";"Coeur Lyonnais";"234";"27,69%";"41,94%";"";"10";"";"";"";"";"";"";"";"";"";"";"";"";"";"";"";"";"";"";"";"";"";"";"";""
"69";"Rhône";"69123SR03";"Lyon 3eme secteur";"0323";"1145";"772";"67,42%";"373";"32,58%";"750";"65,50%";"97,15%";"13";"1,14%";"1,68%";"9";"0,79%";"1,17%";"3";"SESSIECQ";"Marion";"F";"LDVG";"Pour vivre Lyon 3e, union de la gauche et des écologistes avec Marion SESSIECQ";"Pour vivre Lyon 3e, union de la gauche et des écologistes avec Marion SESSIECQ";"415";"36,24%";"55,33%";"";"34";"5";"DE MONTILLE";"Béatrice";"F";"LDVD";"Coeur Lyonnais";"Coeur Lyonnais";"335";"29,26%";"44,67%";"";"10";"";"";"";"";"";"";"";"";"";"";"";"";"";"";"";"";"";"";"";"";"";"";"";""
"69";"Rhône";"69123SR03";"Lyon 3eme secteur";"0324";"1051";"651";"61,94%";"400";"38,06%";"627";"59,66%";"96,31%";"17";"1,62%";"2,61%";"7";"0,67%";"1,08%";"3";"SESSIECQ";"Marion";"F";"LDVG";"Pour vivre Lyon 3e, union de la gauche et des écologistes avec Marion SESSIECQ";"Pour vivre Lyon 3e, union de la gauche et des écologistes avec Marion SESSIECQ";"311";"29,59%";"49,60%";"";"34";"5";"DE MONTILLE";"Béatrice";"F";"LDVD";"Coeur Lyonnais";"Coeur Lyonnais";"316";"30,07%";"50,40%";"";"10";"";"";"";"";"";"";"";"";"";"";"";"";"";"";"";"";"";"";"";"";"";"";"";""
"69";"Rhône";"69123SR03";"Lyon 3eme secteur";"0325";"1132";"716";"63,25%";"416";"36,75%";"702";"62,01%";"98,04%";"7";"0,62%";"0,98%";"7";"0,62%";"0,98%";"3";"SESSIECQ";"Marion";"F";"LDVG";"Pour vivre Lyon 3e, union de la gauche et des écologistes avec Marion SESSIECQ";"Pour vivre Lyon 3e, union de la gauche et des écologistes avec Marion SESSIECQ";"407";"35,95%";"57,98%";"";"34";"5";"DE MONTILLE";"Béatrice";"F";"LDVD";"Coeur Lyonnais";"Coeur Lyonnais";"295";"26,06%";"42,02%";"";"10";"";"";"";"";"";"";"";"";"";"";"";"";"";"";"";"";"";"";"";"";"";"";"";""
"69";"Rhône";"69123SR03";"Lyon 3eme secteur";"0326";"1182";"795";"67,26%";"387";"32,74%";"776";"65,65%";"97,61%";"11";"0,93%";"1,38%";"8";"0,68%";"1,01%";"3";"SESSIECQ";"Marion";"F";"LDVG";"Pour vivre Lyon 3e, union de la gauche et des écologistes avec Marion SESSIECQ";"Pour vivre Lyon 3e, union de la gauche et des écologistes avec Marion SESSIECQ";"472";"39,93%";"60,82%";"";"34";"5";"DE MONTILLE";"Béatrice";"F";"LDVD";"Coeur Lyonnais";"Coeur Lyonnais";"304";"25,72%";"39,18%";"";"10";"";"";"";"";"";"";"";"";"";"";"";"";"";"";"";"";"";"";"";"";"";"";"";""
"69";"Rhône";"69123SR03";"Lyon 3eme secteur";"0327";"1001";"692";"69,13%";"309";"30,87%";"681";"68,03%";"98,41%";"7";"0,70%";"1,01%";"4";"0,40%";"0,58%";"3";"SESSIECQ";"Marion";"F";"LDVG";"Pour vivre Lyon 3e, union de la gauche et des écologistes avec Marion SESSIECQ";"Pour vivre Lyon 3e, union de la gauche et des écologistes avec Marion SESSIECQ";"409";"40,86%";"60,06%";"";"34";"5";"DE MONTILLE";"Béatrice";"F";"LDVD";"Coeur Lyonnais";"Coeur Lyonnais";"272";"27,17%";"39,94%";"";"10";"";"";"";"";"";"";"";"";"";"";"";"";"";"";"";"";"";"";"";"";"";"";"";""
"69";"Rhône";"69123SR03";"Lyon 3eme secteur";"0328";"960";"591";"61,56%";"369";"38,44%";"579";"60,31%";"97,97%";"9";"0,94%";"1,52%";"3";"0,31%";"0,51%";"3";"SESSIECQ";"Marion";"F";"LDVG";"Pour vivre Lyon 3e, union de la gauche et des écologistes avec Marion SESSIECQ";"Pour vivre Lyon 3e, union de la gauche et des écologistes avec Marion SESSIECQ";"355";"36,98%";"61,31%";"";"34";"5";"DE MONTILLE";"Béatrice";"F";"LDVD";"Coeur Lyonnais";"Coeur Lyonnais";"224";"23,33%";"38,69%";"";"10";"";"";"";"";"";"";"";"";"";"";"";"";"";"";"";"";"";"";"";"";"";"";"";""
"69";"Rhône";"69123SR03";"Lyon 3eme secteur";"0329";"768";"502";"65,36%";"266";"34,64%";"490";"63,80%";"97,61%";"7";"0,91%";"1,39%";"5";"0,65%";"1,00%";"3";"SESSIECQ";"Marion";"F";"LDVG";"Pour vivre Lyon 3e, union de la gauche et des écologistes avec Marion SESSIECQ";"Pour vivre Lyon 3e, union de la gauche et des écologistes avec Marion SESSIECQ";"273";"35,55%";"55,71%";"";"34";"5";"DE MONTILLE";"Béatrice";"F";"LDVD";"Coeur Lyonnais";"Coeur Lyonnais";"217";"28,26%";"44,29%";"";"10";"";"";"";"";"";"";"";"";"";"";"";"";"";"";"";"";"";"";"";"";"";"";"";""
"69";"Rhône";"69123SR03";"Lyon 3eme secteur";"0330";"1148";"724";"63,07%";"424";"36,93%";"703";"61,24%";"97,10%";"16";"1,39%";"2,21%";"5";"0,44%";"0,69%";"3";"SESSIECQ";"Marion";"F";"LDVG";"Pour vivre Lyon 3e, union de la gauche et des écologistes avec Marion SESSIECQ";"Pour vivre Lyon 3e, union de la gauche et des écologistes avec Marion SESSIECQ";"344";"29,97%";"48,93%";"";"34";"5";"DE MONTILLE";"Béatrice";"F";"LDVD";"Coeur Lyonnais";"Coeur Lyonnais";"359";"31,27%";"51,07%";"";"10";"";"";"";"";"";"";"";"";"";"";"";"";"";"";"";"";"";"";"";"";"";"";"";""
"69";"Rhône";"69123SR03";"Lyon 3eme secteur";"0331";"1028";"621";"60,41%";"407";"39,59%";"608";"59,14%";"97,91%";"11";"1,07%";"1,77%";"2";"0,19%";"0,32%";"3";"SESSIECQ";"Marion";"F";"LDVG";"Pour vivre Lyon 3e, union de la gauche et des écologistes avec Marion SESSIECQ";"Pour vivre Lyon 3e, union de la gauche et des écologistes avec Marion SESSIECQ";"263";"25,58%";"43,26%";"";"34";"5";"DE MONTILLE";"Béatrice";"F";"LDVD";"Coeur Lyonnais";"Coeur Lyonnais";"345";"33,56%";"56,74%";"";"10";"";"";"";"";"";"";"";"";"";"";"";"";"";"";"";"";"";"";"";"";"";"";"";""
"69";"Rhône";"69123SR03";"Lyon 3eme secteur";"0332";"1116";"685";"61,38%";"431";"38,62%";"667";"59,77%";"97,37%";"12";"1,08%";"1,75%";"6";"0,54%";"0,88%";"3";"SESSIECQ";"Marion";"F";"LDVG";"Pour vivre Lyon 3e, union de la gauche et des écologistes avec Marion SESSIECQ";"Pour vivre Lyon 3e, union de la gauche et des écologistes avec Marion SESSIECQ";"289";"25,90%";"43,33%";"";"34";"5";"DE MONTILLE";"Béatrice";"F";"LDVD";"Coeur Lyonnais";"Coeur Lyonnais";"378";"33,87%";"56,67%";"";"10";"";"";"";"";"";"";"";"";"";"";"";"";"";"";"";"";"";"";"";"";"";"";"";""
"69";"Rhône";"69123SR03";"Lyon 3eme secteur";"0333";"1126";"784";"69,63%";"342";"30,37%";"757";"67,23%";"96,56%";"21";"1,87%";"2,68%";"6";"0,53%";"0,77%";"3";"SESSIECQ";"Marion";"F";"LDVG";"Pour vivre Lyon 3e, union de la gauche et des écologistes avec Marion SESSIECQ";"Pour vivre Lyon 3e, union de la gauche et des écologistes avec Marion SESSIECQ";"359";"31,88%";"47,42%";"";"34";"5";"DE MONTILLE";"Béatrice";"F";"LDVD";"Coeur Lyonnais";"Coeur Lyonnais";"398";"35,35%";"52,58%";"";"10";"";"";"";"";"";"";"";"";"";"";"";"";"";"";"";"";"";"";"";"";"";"";"";""
"69";"Rhône";"69123SR03";"Lyon 3eme secteur";"0334";"895";"607";"67,82%";"288";"32,18%";"588";"65,70%";"96,87%";"14";"1,56%";"2,31%";"5";"0,56%";"0,82%";"3";"SESSIECQ";"Marion";"F";"LDVG";"Pour vivre Lyon 3e, union de la gauche et des écologistes avec Marion SESSIECQ";"Pour vivre Lyon 3e, union de la gauche et des écologistes avec Marion SESSIECQ";"246";"27,49%";"41,84%";"";"34";"5";"DE MONTILLE";"Béatrice";"F";"LDVD";"Coeur Lyonnais";"Coeur Lyonnais";"342";"38,21%";"58,16%";"";"10";"";"";"";"";"";"";"";"";"";"";"";"";"";"";"";"";"";"";"";"";"";"";"";""
"69";"Rhône";"69123SR03";"Lyon 3eme secteur";"0335";"868";"595";"68,55%";"273";"31,45%";"584";"67,28%";"98,15%";"6";"0,69%";"1,01%";"5";"0,58%";"0,84%";"3";"SESSIECQ";"Marion";"F";"LDVG";"Pour vivre Lyon 3e, union de la gauche et des écologistes avec Marion SESSIECQ";"Pour vivre Lyon 3e, union de la gauche et des écologistes avec Marion SESSIECQ";"228";"26,27%";"39,04%";"";"34";"5";"DE MONTILLE";"Béatrice";"F";"LDVD";"Coeur Lyonnais";"Coeur Lyonnais";"356";"41,01%";"60,96%";"";"10";"";"";"";"";"";"";"";"";"";"";"";"";"";"";"";"";"";"";"";"";"";"";"";""
"69";"Rhône";"69123SR03";"Lyon 3eme secteur";"0336";"896";"665";"74,22%";"231";"25,78%";"653";"72,88%";"98,20%";"9";"1,00%";"1,35%";"3";"0,33%";"0,45%";"3";"SESSIECQ";"Marion";"F";"LDVG";"Pour vivre Lyon 3e, union de la gauche et des écologistes avec Marion SESSIECQ";"Pour vivre Lyon 3e, union de la gauche et des écologistes avec Marion SESSIECQ";"270";"30,13%";"41,35%";"";"34";"5";"DE MONTILLE";"Béatrice";"F";"LDVD";"Coeur Lyonnais";"Coeur Lyonnais";"383";"42,75%";"58,65%";"";"10";"";"";"";"";"";"";"";"";"";"";"";"";"";"";"";"";"";"";"";"";"";"";"";""
"69";"Rhône";"69123SR03";"Lyon 3eme secteur";"0337";"1103";"810";"73,44%";"293";"26,56%";"798";"72,35%";"98,52%";"8";"0,73%";"0,99%";"4";"0,36%";"0,49%";"3";"SESSIECQ";"Marion";"F";"LDVG";"Pour vivre Lyon 3e, union de la gauche et des écologistes avec Marion SESSIECQ";"Pour vivre Lyon 3e, union de la gauche et des écologistes avec Marion SESSIECQ";"322";"29,19%";"40,35%";"";"34";"5";"DE MONTILLE";"Béatrice";"F";"LDVD";"Coeur Lyonnais";"Coeur Lyonnais";"476";"43,16%";"59,65%";"";"10";"";"";"";"";"";"";"";"";"";"";"";"";"";"";"";"";"";"";"";"";"";"";"";""
"69";"Rhône";"69123SR03";"Lyon 3eme secteur";"0338";"1177";"813";"69,07%";"364";"30,93%";"800";"67,97%";"98,40%";"7";"0,59%";"0,86%";"6";"0,51%";"0,74%";"3";"SESSIECQ";"Marion";"F";"LDVG";"Pour vivre Lyon 3e, union de la gauche et des écologistes avec Marion SESSIECQ";"Pour vivre Lyon 3e, union de la gauche et des écologistes avec Marion SESSIECQ";"432";"36,70%";"54,00%";"";"34";"5";"DE MONTILLE";"Béatrice";"F";"LDVD";"Coeur Lyonnais";"Coeur Lyonnais";"368";"31,27%";"46,00%";"";"10";"";"";"";"";"";"";"";"";"";"";"";"";"";"";"";"";"";"";"";"";"";"";"";""
"69";"Rhône";"69123SR03";"Lyon 3eme secteur";"0339";"1160";"756";"65,17%";"404";"34,83%";"740";"63,79%";"97,88%";"8";"0,69%";"1,06%";"8";"0,69%";"1,06%";"3";"SESSIECQ";"Marion";"F";"LDVG";"Pour vivre Lyon 3e, union de la gauche et des écologistes avec Marion SESSIECQ";"Pour vivre Lyon 3e, union de la gauche et des écologistes avec Marion SESSIECQ";"339";"29,22%";"45,81%";"";"34";"5";"DE MONTILLE";"Béatrice";"F";"LDVD";"Coeur Lyonnais";"Coeur Lyonnais";"401";"34,57%";"54,19%";"";"10";"";"";"";"";"";"";"";"";"";"";"";"";"";"";"";"";"";"";"";"";"";"";"";""
"69";"Rhône";"69123SR03";"Lyon 3eme secteur";"0340";"1114";"755";"67,77%";"359";"32,23%";"740";"66,43%";"98,01%";"11";"0,99%";"1,46%";"4";"0,36%";"0,53%";"3";"SESSIECQ";"Marion";"F";"LDVG";"Pour vivre Lyon 3e, union de la gauche et des écologistes avec Marion SESSIECQ";"Pour vivre Lyon 3e, union de la gauche et des écologistes avec Marion SESSIECQ";"415";"37,25%";"56,08%";"";"34";"5";"DE MONTILLE";"Béatrice";"F";"LDVD";"Coeur Lyonnais";"Coeur Lyonnais";"325";"29,17%";"43,92%";"";"10";"";"";"";"";"";"";"";"";"";"";"";"";"";"";"";"";"";"";"";"";"";"";"";""
"69";"Rhône";"69123SR03";"Lyon 3eme secteur";"0341";"860";"624";"72,56%";"236";"27,44%";"608";"70,70%";"97,44%";"11";"1,28%";"1,76%";"5";"0,58%";"0,80%";"3";"SESSIECQ";"Marion";"F";"LDVG";"Pour vivre Lyon 3e, union de la gauche et des écologistes avec Marion SESSIECQ";"Pour vivre Lyon 3e, union de la gauche et des écologistes avec Marion SESSIECQ";"266";"30,93%";"43,75%";"";"34";"5";"DE MONTILLE";"Béatrice";"F";"LDVD";"Coeur Lyonnais";"Coeur Lyonnais";"342";"39,77%";"56,25%";"";"10";"";"";"";"";"";"";"";"";"";"";"";"";"";"";"";"";"";"";"";"";"";"";"";""
"69";"Rhône";"69123SR03";"Lyon 3eme secteur";"0342";"735";"567";"77,14%";"168";"22,86%";"556";"75,65%";"98,06%";"7";"0,95%";"1,23%";"4";"0,54%";"0,71%";"3";"SESSIECQ";"Marion";"F";"LDVG";"Pour vivre Lyon 3e, union de la gauche et des écologistes avec Marion SESSIECQ";"Pour vivre Lyon 3e, union de la gauche et des écologistes avec Marion SESSIECQ";"264";"35,92%";"47,48%";"";"34";"5";"DE MONTILLE";"Béatrice";"F";"LDVD";"Coeur Lyonnais";"Coeur Lyonnais";"292";"39,73%";"52,52%";"";"10";"";"";"";"";"";"";"";"";"";"";"";"";"";"";"";"";"";"";"";"";"";"";"";""
"69";"Rhône";"69123SR03";"Lyon 3eme secteur";"0343";"986";"679";"68,86%";"307";"31,14%";"664";"67,34%";"97,79%";"9";"0,91%";"1,33%";"6";"0,61%";"0,88%";"3";"SESSIECQ";"Marion";"F";"LDVG";"Pour vivre Lyon 3e, union de la gauche et des écologistes avec Marion SESSIECQ";"Pour vivre Lyon 3e, union de la gauche et des écologistes avec Marion SESSIECQ";"310";"31,44%";"46,69%";"";"34";"5";"DE MONTILLE";"Béatrice";"F";"LDVD";"Coeur Lyonnais";"Coeur Lyonnais";"354";"35,90%";"53,31%";"";"10";"";"";"";"";"";"";"";"";"";"";"";"";"";"";"";"";"";"";"";"";"";"";"";""
"69";"Rhône";"69123SR03";"Lyon 3eme secteur";"0344";"1085";"760";"70,05%";"325";"29,95%";"739";"68,11%";"97,24%";"11";"1,01%";"1,45%";"10";"0,92%";"1,32%";"3";"SESSIECQ";"Marion";"F";"LDVG";"Pour vivre Lyon 3e, union de la gauche et des écologistes avec Marion SESSIECQ";"Pour vivre Lyon 3e, union de la gauche et des écologistes avec Marion SESSIECQ";"376";"34,65%";"50,88%";"";"34";"5";"DE MONTILLE";"Béatrice";"F";"LDVD";"Coeur Lyonnais";"Coeur Lyonnais";"363";"33,46%";"49,12%";"";"10";"";"";"";"";"";"";"";"";"";"";"";"";"";"";"";"";"";"";"";"";"";"";"";""
"69";"Rhône";"69123SR03";"Lyon 3eme secteur";"0345";"946";"713";"75,37%";"233";"24,63%";"690";"72,94%";"96,77%";"13";"1,37%";"1,82%";"10";"1,06%";"1,40%";"3";"SESSIECQ";"Marion";"F";"LDVG";"Pour vivre Lyon 3e, union de la gauche et des écologistes avec Marion SESSIECQ";"Pour vivre Lyon 3e, union de la gauche et des écologistes avec Marion SESSIECQ";"389";"41,12%";"56,38%";"";"34";"5";"DE MONTILLE";"Béatrice";"F";"LDVD";"Coeur Lyonnais";"Coeur Lyonnais";"301";"31,82%";"43,62%";"";"10";"";"";"";"";"";"";"";"";"";"";"";"";"";"";"";"";"";"";"";"";"";"";"";""
"69";"Rhône";"69123SR03";"Lyon 3eme secteur";"0346";"1011";"555";"54,90%";"456";"45,10%";"547";"54,10%";"98,56%";"5";"0,49%";"0,90%";"3";"0,30%";"0,54%";"3";"SESSIECQ";"Marion";"F";"LDVG";"Pour vivre Lyon 3e, union de la gauche et des écologistes avec Marion SESSIECQ";"Pour vivre Lyon 3e, union de la gauche et des écologistes avec Marion SESSIECQ";"298";"29,48%";"54,48%";"";"34";"5";"DE MONTILLE";"Béatrice";"F";"LDVD";"Coeur Lyonnais";"Coeur Lyonnais";"249";"24,63%";"45,52%";"";"10";"";"";"";"";"";"";"";"";"";"";"";"";"";"";"";"";"";"";"";"";"";"";"";""
"69";"Rhône";"69123SR03";"Lyon 3eme secteur";"0347";"1027";"684";"66,60%";"343";"33,40%";"666";"64,85%";"97,37%";"14";"1,36%";"2,05%";"4";"0,39%";"0,58%";"3";"SESSIECQ";"Marion";"F";"LDVG";"Pour vivre Lyon 3e, union de la gauche et des écologistes avec Marion SESSIECQ";"Pour vivre Lyon 3e, union de la gauche et des écologistes avec Marion SESSIECQ";"369";"35,93%";"55,41%";"";"34";"5";"DE MONTILLE";"Béatrice";"F";"LDVD";"Coeur Lyonnais";"Coeur Lyonnais";"297";"28,92%";"44,59%";"";"10";"";"";"";"";"";"";"";"";"";"";"";"";"";"";"";"";"";"";"";"";"";"";"";""
"69";"Rhône";"69123SR03";"Lyon 3eme secteur";"0348";"1075";"620";"57,67%";"455";"42,33%";"605";"56,28%";"97,58%";"11";"1,02%";"1,77%";"4";"0,37%";"0,65%";"3";"SESSIECQ";"Marion";"F";"LDVG";"Pour vivre Lyon 3e, union de la gauche et des écologistes avec Marion SESSIECQ";"Pour vivre Lyon 3e, union de la gauche et des écologistes avec Marion SESSIECQ";"309";"28,74%";"51,07%";"";"34";"5";"DE MONTILLE";"Béatrice";"F";"LDVD";"Coeur Lyonnais";"Coeur Lyonnais";"296";"27,53%";"48,93%";"";"10";"";"";"";"";"";"";"";"";"";"";"";"";"";"";"";"";"";"";"";"";"";"";"";""
"69";"Rhône";"69123SR03";"Lyon 3eme secteur";"0349";"1081";"745";"68,92%";"336";"31,08%";"731";"67,62%";"98,12%";"12";"1,11%";"1,61%";"2";"0,19%";"0,27%";"3";"SESSIECQ";"Marion";"F";"LDVG";"Pour vivre Lyon 3e, union de la gauche et des écologistes avec Marion SESSIECQ";"Pour vivre Lyon 3e, union de la gauche et des écologistes avec Marion SESSIECQ";"406";"37,56%";"55,54%";"";"34";"5";"DE MONTILLE";"Béatrice";"F";"LDVD";"Coeur Lyonnais";"Coeur Lyonnais";"325";"30,06%";"44,46%";"";"10";"";"";"";"";"";"";"";"";"";"";"";"";"";"";"";"";"";"";"";"";"";"";"";""
"69";"Rhône";"69123SR03";"Lyon 3eme secteur";"0350";"714";"484";"67,79%";"230";"32,21%";"472";"66,11%";"97,52%";"10";"1,40%";"2,07%";"2";"0,28%";"0,41%";"3";"SESSIECQ";"Marion";"F";"LDVG";"Pour vivre Lyon 3e, union de la gauche et des écologistes avec Marion SESSIECQ";"Pour vivre Lyon 3e, union de la gauche et des écologistes avec Marion SESSIECQ";"250";"35,01%";"52,97%";"";"34";"5";"DE MONTILLE";"Béatrice";"F";"LDVD";"Coeur Lyonnais";"Coeur Lyonnais";"222";"31,09%";"47,03%";"";"10";"";"";"";"";"";"";"";"";"";"";"";"";"";"";"";"";"";"";"";"";"";"";"";""
"69";"Rhône";"69123SR03";"Lyon 3eme secteur";"0351";"1017";"734";"72,17%";"283";"27,83%";"720";"70,80%";"98,09%";"12";"1,18%";"1,63%";"2";"0,20%";"0,27%";"3";"SESSIECQ";"Marion";"F";"LDVG";"Pour vivre Lyon 3e, union de la gauche et des écologistes avec Marion SESSIECQ";"Pour vivre Lyon 3e, union de la gauche et des écologistes avec Marion SESSIECQ";"434";"42,67%";"60,28%";"";"34";"5";"DE MONTILLE";"Béatrice";"F";"LDVD";"Coeur Lyonnais";"Coeur Lyonnais";"286";"28,12%";"39,72%";"";"10";"";"";"";"";"";"";"";"";"";"";"";"";"";"";"";"";"";"";"";"";"";"";"";""
"69";"Rhône";"69123SR03";"Lyon 3eme secteur";"0352";"1198";"820";"68,45%";"378";"31,55%";"796";"66,44%";"97,07%";"19";"1,59%";"2,32%";"5";"0,42%";"0,61%";"3";"SESSIECQ";"Marion";"F";"LDVG";"Pour vivre Lyon 3e, union de la gauche et des écologistes avec Marion SESSIECQ";"Pour vivre Lyon 3e, union de la gauche et des écologistes avec Marion SESSIECQ";"331";"27,63%";"41,58%";"";"34";"5";"DE MONTILLE";"Béatrice";"F";"LDVD";"Coeur Lyonnais";"Coeur Lyonnais";"465";"38,81%";"58,42%";"";"10";"";"";"";"";"";"";"";"";"";"";"";"";"";"";"";"";"";"";"";"";"";"";"";""
"69";"Rhône";"69123SR03";"Lyon 3eme secteur";"0353";"1070";"806";"75,33%";"264";"24,67%";"787";"73,55%";"97,64%";"11";"1,03%";"1,36%";"8";"0,75%";"0,99%";"3";"SESSIECQ";"Marion";"F";"LDVG";"Pour vivre Lyon 3e, union de la gauche et des écologistes avec Marion SESSIECQ";"Pour vivre Lyon 3e, union de la gauche et des écologistes avec Marion SESSIECQ";"320";"29,91%";"40,66%";"";"34";"5";"DE MONTILLE";"Béatrice";"F";"LDVD";"Coeur Lyonnais";"Coeur Lyonnais";"467";"43,64%";"59,34%";"";"10";"";"";"";"";"";"";"";"";"";"";"";"";"";"";"";"";"";"";"";"";"";"";"";""
"69";"Rhône";"69123SR03";"Lyon 3eme secteur";"0354";"945";"710";"75,13%";"235";"24,87%";"700";"74,07%";"98,59%";"6";"0,63%";"0,85%";"4";"0,42%";"0,56%";"3";"SESSIECQ";"Marion";"F";"LDVG";"Pour vivre Lyon 3e, union de la gauche et des écologistes avec Marion SESSIECQ";"Pour vivre Lyon 3e, union de la gauche et des écologistes avec Marion SESSIECQ";"424";"44,87%";"60,57%";"";"34";"5";"DE MONTILLE";"Béatrice";"F";"LDVD";"Coeur Lyonnais";"Coeur Lyonnais";"276";"29,21%";"39,43%";"";"10";"";"";"";"";"";"";"";"";"";"";"";"";"";"";"";"";"";"";"";"";"";"";"";""
"69";"Rhône";"69123SR03";"Lyon 3eme secteur";"0355";"989";"663";"67,04%";"326";"32,96%";"651";"65,82%";"98,19%";"4";"0,40%";"0,60%";"8";"0,81%";"1,21%";"3";"SESSIECQ";"Marion";"F";"LDVG";"Pour vivre Lyon 3e, union de la gauche et des écologistes avec Marion SESSIECQ";"Pour vivre Lyon 3e, union de la gauche et des écologistes avec Marion SESSIECQ";"356";"36,00%";"54,69%";"";"34";"5";"DE MONTILLE";"Béatrice";"F";"LDVD";"Coeur Lyonnais";"Coeur Lyonnais";"295";"29,83%";"45,31%";"";"10";"";"";"";"";"";"";"";"";"";"";"";"";"";"";"";"";"";"";"";"";"";"";"";""
"69";"Rhône";"69123SR03";"Lyon 3eme secteur";"0356";"814";"616";"75,68%";"198";"24,32%";"602";"73,96%";"97,73%";"13";"1,60%";"2,11%";"1";"0,12%";"0,16%";"3";"SESSIECQ";"Marion";"F";"LDVG";"Pour vivre Lyon 3e, union de la gauche et des écologistes avec Marion SESSIECQ";"Pour vivre Lyon 3e, union de la gauche et des écologistes avec Marion SESSIECQ";"311";"38,21%";"51,66%";"";"34";"5";"DE MONTILLE";"Béatrice";"F";"LDVD";"Coeur Lyonnais";"Coeur Lyonnais";"291";"35,75%";"48,34%";"";"10";"";"";"";"";"";"";"";"";"";"";"";"";"";"";"";"";"";"";"";"";"";"";"";""
"69";"Rhône";"69123SR03";"Lyon 3eme secteur";"0357";"857";"661";"77,13%";"196";"22,87%";"653";"76,20%";"98,79%";"6";"0,70%";"0,91%";"2";"0,23%";"0,30%";"3";"SESSIECQ";"Marion";"F";"LDVG";"Pour vivre Lyon 3e, union de la gauche et des écologistes avec Marion SESSIECQ";"Pour vivre Lyon 3e, union de la gauche et des écologistes avec Marion SESSIECQ";"316";"36,87%";"48,39%";"";"34";"5";"DE MONTILLE";"Béatrice";"F";"LDVD";"Coeur Lyonnais";"Coeur Lyonnais";"337";"39,32%";"51,61%";"";"10";"";"";"";"";"";"";"";"";"";"";"";"";"";"";"";"";"";"";"";"";"";"";"";""
"69";"Rhône";"69123SR03";"Lyon 3eme secteur";"0358";"1054";"791";"75,05%";"263";"24,95%";"774";"73,43%";"97,85%";"11";"1,04%";"1,39%";"6";"0,57%";"0,76%";"3";"SESSIECQ";"Marion";"F";"LDVG";"Pour vivre Lyon 3e, union de la gauche et des écologistes avec Marion SESSIECQ";"Pour vivre Lyon 3e, union de la gauche et des écologistes avec Marion SESSIECQ";"350";"33,21%";"45,22%";"";"34";"5";"DE MONTILLE";"Béatrice";"F";"LDVD";"Coeur Lyonnais";"Coeur Lyonnais";"424";"40,23%";"54,78%";"";"10";"";"";"";"";"";"";"";"";"";"";"";"";"";"";"";"";"";"";"";"";"";"";"";""
"69";"Rhône";"69123SR03";"Lyon 3eme secteur";"0359";"1159";"790";"68,16%";"369";"31,84%";"781";"67,39%";"98,86%";"6";"0,52%";"0,76%";"3";"0,26%";"0,38%";"3";"SESSIECQ";"Marion";"F";"LDVG";"Pour vivre Lyon 3e, union de la gauche et des écologistes avec Marion SESSIECQ";"Pour vivre Lyon 3e, union de la gauche et des écologistes avec Marion SESSIECQ";"541";"46,68%";"69,27%";"";"34";"5";"DE MONTILLE";"Béatrice";"F";"LDVD";"Coeur Lyonnais";"Coeur Lyonnais";"240";"20,71%";"30,73%";"";"10";"";"";"";"";"";"";"";"";"";"";"";"";"";"";"";"";"";"";"";"";"";"";"";""
"69";"Rhône";"69123SR03";"Lyon 3eme secteur";"0360";"993";"681";"68,58%";"312";"31,42%";"671";"67,57%";"98,53%";"7";"0,70%";"1,03%";"3";"0,30%";"0,44%";"3";"SESSIECQ";"Marion";"F";"LDVG";"Pour vivre Lyon 3e, union de la gauche et des écologistes avec Marion SESSIECQ";"Pour vivre Lyon 3e, union de la gauche et des écologistes avec Marion SESSIECQ";"406";"40,89%";"60,51%";"";"34";"5";"DE MONTILLE";"Béatrice";"F";"LDVD";"Coeur Lyonnais";"Coeur Lyonnais";"265";"26,69%";"39,49%";"";"10";"";"";"";"";"";"";"";"";"";"";"";"";"";"";"";"";"";"";"";"";"";"";"";""
"69";"Rhône";"69123SR04";"Lyon 4eme secteur";"0401";"1168";"836";"71,58%";"332";"28,42%";"817";"69,95%";"97,73%";"11";"0,94%";"1,32%";"8";"0,68%";"0,96%";"3";"ZINCK";"Rémi";"M";"LDVG";"Pour vivre Lyon 4ème, l'union de la gauche et des écologistes avec Rémi Zinck";"Pour vivre Lyon 4ème, l'union de la gauche et des écologistes avec Rémi Zinck";"527";"45,12%";"64,50%";"";"12";"4";"TERRENES";"Loïc";"M";"LDVC";"Coeur Lyonnais";"Coeur Lyonnais";"290";"24,83%";"35,50%";"";"3";"";"";"";"";"";"";"";"";"";"";"";"";"";"";"";"";"";"";"";"";"";"";"";""
"69";"Rhône";"69123SR04";"Lyon 4eme secteur";"0402";"1146";"809";"70,59%";"337";"29,41%";"783";"68,32%";"96,79%";"16";"1,40%";"1,98%";"10";"0,87%";"1,24%";"3";"ZINCK";"Rémi";"M";"LDVG";"Pour vivre Lyon 4ème, l'union de la gauche et des écologistes avec Rémi Zinck";"Pour vivre Lyon 4ème, l'union de la gauche et des écologistes avec Rémi Zinck";"415";"36,21%";"53,00%";"";"12";"4";"TERRENES";"Loïc";"M";"LDVC";"Coeur Lyonnais";"Coeur Lyonnais";"368";"32,11%";"47,00%";"";"3";"";"";"";"";"";"";"";"";"";"";"";"";"";"";"";"";"";"";"";"";"";"";"";""
"69";"Rhône";"69123SR04";"Lyon 4eme secteur";"0403";"1217";"905";"74,36%";"312";"25,64%";"885";"72,72%";"97,79%";"11";"0,90%";"1,22%";"9";"0,74%";"0,99%";"3";"ZINCK";"Rémi";"M";"LDVG";"Pour vivre Lyon 4ème, l'union de la gauche et des écologistes avec Rémi Zinck";"Pour vivre Lyon 4ème, l'union de la gauche et des écologistes avec Rémi Zinck";"535";"43,96%";"60,45%";"";"12";"4";"TERRENES";"Loïc";"M";"LDVC";"Coeur Lyonnais";"Coeur Lyonnais";"350";"28,76%";"39,55%";"";"3";"";"";"";"";"";"";"";"";"";"";"";"";"";"";"";"";"";"";"";"";"";"";"";""
"69";"Rhône";"69123SR04";"Lyon 4eme secteur";"0404";"1084";"774";"71,40%";"310";"28,60%";"759";"70,02%";"98,06%";"9";"0,83%";"1,16%";"6";"0,55%";"0,78%";"3";"ZINCK";"Rémi";"M";"LDVG";"Pour vivre Lyon 4ème, l'union de la gauche et des écologistes avec Rémi Zinck";"Pour vivre Lyon 4ème, l'union de la gauche et des écologistes avec Rémi Zinck";"457";"42,16%";"60,21%";"";"12";"4";"TERRENES";"Loïc";"M";"LDVC";"Coeur Lyonnais";"Coeur Lyonnais";"302";"27,86%";"39,79%";"";"3";"";"";"";"";"";"";"";"";"";"";"";"";"";"";"";"";"";"";"";"";"";"";"";""
"69";"Rhône";"69123SR04";"Lyon 4eme secteur";"0405";"1212";"922";"76,07%";"290";"23,93%";"908";"74,92%";"98,48%";"11";"0,91%";"1,19%";"3";"0,25%";"0,33%";"3";"ZINCK";"Rémi";"M";"LDVG";"Pour vivre Lyon 4ème, l'union de la gauche et des écologistes avec Rémi Zinck";"Pour vivre Lyon 4ème, l'union de la gauche et des écologistes avec Rémi Zinck";"491";"40,51%";"54,07%";"";"12";"4";"TERRENES";"Loïc";"M";"LDVC";"Coeur Lyonnais";"Coeur Lyonnais";"417";"34,41%";"45,93%";"";"3";"";"";"";"";"";"";"";"";"";"";"";"";"";"";"";"";"";"";"";"";"";"";"";""
"69";"Rhône";"69123SR04";"Lyon 4eme secteur";"0406";"1024";"694";"67,77%";"330";"32,23%";"678";"66,21%";"97,69%";"10";"0,98%";"1,44%";"6";"0,59%";"0,86%";"3";"ZINCK";"Rémi";"M";"LDVG";"Pour vivre Lyon 4ème, l'union de la gauche et des écologistes avec Rémi Zinck";"Pour vivre Lyon 4ème, l'union de la gauche et des écologistes avec Rémi Zinck";"253";"24,71%";"37,32%";"";"12";"4";"TERRENES";"Loïc";"M";"LDVC";"Coeur Lyonnais";"Coeur Lyonnais";"425";"41,50%";"62,68%";"";"3";"";"";"";"";"";"";"";"";"";"";"";"";"";"";"";"";"";"";"";"";"";"";"";""
"69";"Rhône";"69123SR04";"Lyon 4eme secteur";"0407";"1045";"723";"69,19%";"322";"30,81%";"707";"67,66%";"97,79%";"5";"0,48%";"0,69%";"11";"1,05%";"1,52%";"3";"ZINCK";"Rémi";"M";"LDVG";"Pour vivre Lyon 4ème, l'union de la gauche et des écologistes avec Rémi Zinck";"Pour vivre Lyon 4ème, l'union de la gauche et des écologistes avec Rémi Zinck";"282";"26,99%";"39,89%";"";"12";"4";"TERRENES";"Loïc";"M";"LDVC";"Coeur Lyonnais";"Coeur Lyonnais";"425";"40,67%";"60,11%";"";"3";"";"";"";"";"";"";"";"";"";"";"";"";"";"";"";"";"";"";"";"";"";"";"";""
"69";"Rhône";"69123SR04";"Lyon 4eme secteur";"0408";"931";"658";"70,68%";"273";"29,32%";"643";"69,07%";"97,72%";"14";"1,50%";"2,13%";"1";"0,11%";"0,15%";"3";"ZINCK";"Rémi";"M";"LDVG";"Pour vivre Lyon 4ème, l'union de la gauche et des écologistes avec Rémi Zinck";"Pour vivre Lyon 4ème, l'union de la gauche et des écologistes avec Rémi Zinck";"383";"41,14%";"59,56%";"";"12";"4";"TERRENES";"Loïc";"M";"LDVC";"Coeur Lyonnais";"Coeur Lyonnais";"260";"27,93%";"40,44%";"";"3";"";"";"";"";"";"";"";"";"";"";"";"";"";"";"";"";"";"";"";"";"";"";"";""
"69";"Rhône";"69123SR04";"Lyon 4eme secteur";"0409";"1148";"845";"73,61%";"303";"26,39%";"828";"72,13%";"97,99%";"13";"1,13%";"1,54%";"4";"0,35%";"0,47%";"3";"ZINCK";"Rémi";"M";"LDVG";"Pour vivre Lyon 4ème, l'union de la gauche et des écologistes avec Rémi Zinck";"Pour vivre Lyon 4ème, l'union de la gauche et des écologistes avec Rémi Zinck";"527";"45,91%";"63,65%";"";"12";"4";"TERRENES";"Loïc";"M";"LDVC";"Coeur Lyonnais";"Coeur Lyonnais";"301";"26,22%";"36,35%";"";"3";"";"";"";"";"";"";"";"";"";"";"";"";"";"";"";"";"";"";"";"";"";"";"";""
"69";"Rhône";"69123SR04";"Lyon 4eme secteur";"0410";"1046";"769";"73,52%";"277";"26,48%";"759";"72,56%";"98,70%";"5";"0,48%";"0,65%";"5";"0,48%";"0,65%";"3";"ZINCK";"Rémi";"M";"LDVG";"Pour vivre Lyon 4ème, l'union de la gauche et des écologistes avec Rémi Zinck";"Pour vivre Lyon 4ème, l'union de la gauche et des écologistes avec Rémi Zinck";"563";"53,82%";"74,18%";"";"12";"4";"TERRENES";"Loïc";"M";"LDVC";"Coeur Lyonnais";"Coeur Lyonnais";"196";"18,74%";"25,82%";"";"3";"";"";"";"";"";"";"";"";"";"";"";"";"";"";"";"";"";"";"";"";"";"";"";""
"69";"Rhône";"69123SR04";"Lyon 4eme secteur";"0411";"1089";"770";"70,71%";"319";"29,29%";"754";"69,24%";"97,92%";"12";"1,10%";"1,56%";"4";"0,37%";"0,52%";"3";"ZINCK";"Rémi";"M";"LDVG";"Pour vivre Lyon 4ème, l'union de la gauche et des écologistes avec Rémi Zinck";"Pour vivre Lyon 4ème, l'union de la gauche et des écologistes avec Rémi Zinck";"536";"49,22%";"71,09%";"";"12";"4";"TERRENES";"Loïc";"M";"LDVC";"Coeur Lyonnais";"Coeur Lyonnais";"218";"20,02%";"28,91%";"";"3";"";"";"";"";"";"";"";"";"";"";"";"";"";"";"";"";"";"";"";"";"";"";"";""
"69";"Rhône";"69123SR04";"Lyon 4eme secteur";"0412";"1189";"826";"69,47%";"363";"30,53%";"810";"68,12%";"98,06%";"8";"0,67%";"0,97%";"8";"0,67%";"0,97%";"3";"ZINCK";"Rémi";"M";"LDVG";"Pour vivre Lyon 4ème, l'union de la gauche et des écologistes avec Rémi Zinck";"Pour vivre Lyon 4ème, l'union de la gauche et des écologistes avec Rémi Zinck";"553";"46,51%";"68,27%";"";"12";"4";"TERRENES";"Loïc";"M";"LDVC";"Coeur Lyonnais";"Coeur Lyonnais";"257";"21,61%";"31,73%";"";"3";"";"";"";"";"";"";"";"";"";"";"";"";"";"";"";"";"";"";"";"";"";"";"";""
"69";"Rhône";"69123SR04";"Lyon 4eme secteur";"0413";"1171";"875";"74,72%";"296";"25,28%";"854";"72,93%";"97,60%";"15";"1,28%";"1,71%";"6";"0,51%";"0,69%";"3";"ZINCK";"Rémi";"M";"LDVG";"Pour vivre Lyon 4ème, l'union de la gauche et des écologistes avec Rémi Zinck";"Pour vivre Lyon 4ème, l'union de la gauche et des écologistes avec Rémi Zinck";"555";"47,40%";"64,99%";"";"12";"4";"TERRENES";"Loïc";"M";"LDVC";"Coeur Lyonnais";"Coeur Lyonnais";"299";"25,53%";"35,01%";"";"3";"";"";"";"";"";"";"";"";"";"";"";"";"";"";"";"";"";"";"";"";"";"";"";""
"69";"Rhône";"69123SR04";"Lyon 4eme secteur";"0414";"1056";"772";"73,11%";"284";"26,89%";"753";"71,31%";"97,54%";"16";"1,52%";"2,07%";"3";"0,28%";"0,39%";"3";"ZINCK";"Rémi";"M";"LDVG";"Pour vivre Lyon 4ème, l'union de la gauche et des écologistes avec Rémi Zinck";"Pour vivre Lyon 4ème, l'union de la gauche et des écologistes avec Rémi Zinck";"523";"49,53%";"69,46%";"";"12";"4";"TERRENES";"Loïc";"M";"LDVC";"Coeur Lyonnais";"Coeur Lyonnais";"230";"21,78%";"30,54%";"";"3";"";"";"";"";"";"";"";"";"";"";"";"";"";"";"";"";"";"";"";"";"";"";"";""
"69";"Rhône";"69123SR04";"Lyon 4eme secteur";"0415";"1073";"698";"65,05%";"375";"34,95%";"691";"64,40%";"99,00%";"5";"0,47%";"0,72%";"2";"0,19%";"0,29%";"3";"ZINCK";"Rémi";"M";"LDVG";"Pour vivre Lyon 4ème, l'union de la gauche et des écologistes avec Rémi Zinck";"Pour vivre Lyon 4ème, l'union de la gauche et des écologistes avec Rémi Zinck";"414";"38,58%";"59,91%";"";"12";"4";"TERRENES";"Loïc";"M";"LDVC";"Coeur Lyonnais";"Coeur Lyonnais";"277";"25,82%";"40,09%";"";"3";"";"";"";"";"";"";"";"";"";"";"";"";"";"";"";"";"";"";"";"";"";"";"";""
"69";"Rhône";"69123SR04";"Lyon 4eme secteur";"0416";"816";"561";"68,75%";"255";"31,25%";"547";"67,03%";"97,50%";"8";"0,98%";"1,43%";"6";"0,74%";"1,07%";"3";"ZINCK";"Rémi";"M";"LDVG";"Pour vivre Lyon 4ème, l'union de la gauche et des écologistes avec Rémi Zinck";"Pour vivre Lyon 4ème, l'union de la gauche et des écologistes avec Rémi Zinck";"204";"25,00%";"37,29%";"";"12";"4";"TERRENES";"Loïc";"M";"LDVC";"Coeur Lyonnais";"Coeur Lyonnais";"343";"42,03%";"62,71%";"";"3";"";"";"";"";"";"";"";"";"";"";"";"";"";"";"";"";"";"";"";"";"";"";"";""
"69";"Rhône";"69123SR04";"Lyon 4eme secteur";"0417";"864";"641";"74,19%";"223";"25,81%";"627";"72,57%";"97,82%";"8";"0,93%";"1,25%";"6";"0,69%";"0,94%";"3";"ZINCK";"Rémi";"M";"LDVG";"Pour vivre Lyon 4ème, l'union de la gauche et des écologistes avec Rémi Zinck";"Pour vivre Lyon 4ème, l'union de la gauche et des écologistes avec Rémi Zinck";"208";"24,07%";"33,17%";"";"12";"4";"TERRENES";"Loïc";"M";"LDVC";"Coeur Lyonnais";"Coeur Lyonnais";"419";"48,50%";"66,83%";"";"3";"";"";"";"";"";"";"";"";"";"";"";"";"";"";"";"";"";"";"";"";"";"";"";""
"69";"Rhône";"69123SR04";"Lyon 4eme secteur";"0418";"757";"410";"54,16%";"347";"45,84%";"392";"51,78%";"95,61%";"8";"1,06%";"1,95%";"10";"1,32%";"2,44%";"3";"ZINCK";"Rémi";"M";"LDVG";"Pour vivre Lyon 4ème, l'union de la gauche et des écologistes avec Rémi Zinck";"Pour vivre Lyon 4ème, l'union de la gauche et des écologistes avec Rémi Zinck";"127";"16,78%";"32,40%";"";"12";"4";"TERRENES";"Loïc";"M";"LDVC";"Coeur Lyonnais";"Coeur Lyonnais";"265";"35,01%";"67,60%";"";"3";"";"";"";"";"";"";"";"";"";"";"";"";"";"";"";"";"";"";"";"";"";"";"";""
"69";"Rhône";"69123SR04";"Lyon 4eme secteur";"0419";"888";"622";"70,05%";"266";"29,95%";"613";"69,03%";"98,55%";"3";"0,34%";"0,48%";"6";"0,68%";"0,96%";"3";"ZINCK";"Rémi";"M";"LDVG";"Pour vivre Lyon 4ème, l'union de la gauche et des écologistes avec Rémi Zinck";"Pour vivre Lyon 4ème, l'union de la gauche et des écologistes avec Rémi Zinck";"177";"19,93%";"28,87%";"";"12";"4";"TERRENES";"Loïc";"M";"LDVC";"Coeur Lyonnais";"Coeur Lyonnais";"436";"49,10%";"71,13%";"";"3";"";"";"";"";"";"";"";"";"";"";"";"";"";"";"";"";"";"";"";"";"";"";"";""
"69";"Rhône";"69123SR04";"Lyon 4eme secteur";"0420";"933";"680";"72,88%";"253";"27,12%";"662";"70,95%";"97,35%";"10";"1,07%";"1,47%";"8";"0,86%";"1,18%";"3";"ZINCK";"Rémi";"M";"LDVG";"Pour vivre Lyon 4ème, l'union de la gauche et des écologistes avec Rémi Zinck";"Pour vivre Lyon 4ème, l'union de la gauche et des écologistes avec Rémi Zinck";"319";"34,19%";"48,19%";"";"12";"4";"TERRENES";"Loïc";"M";"LDVC";"Coeur Lyonnais";"Coeur Lyonnais";"343";"36,76%";"51,81%";"";"3";"";"";"";"";"";"";"";"";"";"";"";"";"";"";"";"";"";"";"";"";"";"";"";""
"69";"Rhône";"69123SR04";"Lyon 4eme secteur";"0421";"884";"609";"68,89%";"275";"31,11%";"597";"67,53%";"98,03%";"6";"0,68%";"0,99%";"6";"0,68%";"0,99%";"3";"ZINCK";"Rémi";"M";"LDVG";"Pour vivre Lyon 4ème, l'union de la gauche et des écologistes avec Rémi Zinck";"Pour vivre Lyon 4ème, l'union de la gauche et des écologistes avec Rémi Zinck";"297";"33,60%";"49,75%";"";"12";"4";"TERRENES";"Loïc";"M";"LDVC";"Coeur Lyonnais";"Coeur Lyonnais";"300";"33,94%";"50,25%";"";"3";"";"";"";"";"";"";"";"";"";"";"";"";"";"";"";"";"";"";"";"";"";"";"";""
"69";"Rhône";"69123SR04";"Lyon 4eme secteur";"0422";"904";"537";"59,40%";"367";"40,60%";"525";"58,08%";"97,77%";"8";"0,88%";"1,49%";"4";"0,44%";"0,74%";"3";"ZINCK";"Rémi";"M";"LDVG";"Pour vivre Lyon 4ème, l'union de la gauche et des écologistes avec Rémi Zinck";"Pour vivre Lyon 4ème, l'union de la gauche et des écologistes avec Rémi Zinck";"245";"27,10%";"46,67%";"";"12";"4";"TERRENES";"Loïc";"M";"LDVC";"Coeur Lyonnais";"Coeur Lyonnais";"280";"30,97%";"53,33%";"";"3";"";"";"";"";"";"";"";"";"";"";"";"";"";"";"";"";"";"";"";"";"";"";"";""
"69";"Rhône";"69123SR04";"Lyon 4eme secteur";"0423";"885";"629";"71,07%";"256";"28,93%";"617";"69,72%";"98,09%";"9";"1,02%";"1,43%";"3";"0,34%";"0,48%";"3";"ZINCK";"Rémi";"M";"LDVG";"Pour vivre Lyon 4ème, l'union de la gauche et des écologistes avec Rémi Zinck";"Pour vivre Lyon 4ème, l'union de la gauche et des écologistes avec Rémi Zinck";"304";"34,35%";"49,27%";"";"12";"4";"TERRENES";"Loïc";"M";"LDVC";"Coeur Lyonnais";"Coeur Lyonnais";"313";"35,37%";"50,73%";"";"3";"";"";"";"";"";"";"";"";"";"";"";"";"";"";"";"";"";"";"";"";"";"";"";""
"69";"Rhône";"69123SR04";"Lyon 4eme secteur";"0424";"1337";"921";"68,89%";"416";"31,11%";"897";"67,09%";"97,39%";"20";"1,50%";"2,17%";"4";"0,30%";"0,43%";"3";"ZINCK";"Rémi";"M";"LDVG";"Pour vivre Lyon 4ème, l'union de la gauche et des écologistes avec Rémi Zinck";"Pour vivre Lyon 4ème, l'union de la gauche et des écologistes avec Rémi Zinck";"559";"41,81%";"62,32%";"";"12";"4";"TERRENES";"Loïc";"M";"LDVC";"Coeur Lyonnais";"Coeur Lyonnais";"338";"25,28%";"37,68%";"";"3";"";"";"";"";"";"";"";"";"";"";"";"";"";"";"";"";"";"";"";"";"";"";"";""
"69";"Rhône";"69123SR04";"Lyon 4eme secteur";"0425";"1004";"741";"73,80%";"263";"26,20%";"730";"72,71%";"98,52%";"10";"1,00%";"1,35%";"1";"0,10%";"0,13%";"3";"ZINCK";"Rémi";"M";"LDVG";"Pour vivre Lyon 4ème, l'union de la gauche et des écologistes avec Rémi Zinck";"Pour vivre Lyon 4ème, l'union de la gauche et des écologistes avec Rémi Zinck";"399";"39,74%";"54,66%";"";"12";"4";"TERRENES";"Loïc";"M";"LDVC";"Coeur Lyonnais";"Coeur Lyonnais";"331";"32,97%";"45,34%";"";"3";"";"";"";"";"";"";"";"";"";"";"";"";"";"";"";"";"";"";"";"";"";"";"";""
"69";"Rhône";"69123SR04";"Lyon 4eme secteur";"0426";"916";"648";"70,74%";"268";"29,26%";"632";"69,00%";"97,53%";"13";"1,42%";"2,01%";"3";"0,33%";"0,46%";"3";"ZINCK";"Rémi";"M";"LDVG";"Pour vivre Lyon 4ème, l'union de la gauche et des écologistes avec Rémi Zinck";"Pour vivre Lyon 4ème, l'union de la gauche et des écologistes avec Rémi Zinck";"340";"37,12%";"53,80%";"";"12";"4";"TERRENES";"Loïc";"M";"LDVC";"Coeur Lyonnais";"Coeur Lyonnais";"292";"31,88%";"46,20%";"";"3";"";"";"";"";"";"";"";"";"";"";"";"";"";"";"";"";"";"";"";"";"";"";"";""
"69";"Rhône";"69123SR07";"Lyon 7eme secteur";"0701";"1180";"812";"68,81%";"368";"31,19%";"793";"67,20%";"97,66%";"10";"0,85%";"1,23%";"9";"0,76%";"1,11%";"2";"DESRIEUX";"Emilie";"F";"LDVC";"Coeur lyonnais";"Coeur lyonnais";"294";"24,92%";"37,07%";"";"7";"4";"DUBOT";"Fanny";"F";"LDVG";"Pour vivre Lyon 7ème, l'union de la gauche et des écologistes avec Fanny Dubot";"Pour vivre Lyon 7ème, l'union de la gauche et des écologistes avec Fanny Dubot";"499";"42,29%";"62,93%";"";"30";"";"";"";"";"";"";"";"";"";"";"";"";"";"";"";"";"";"";"";"";"";"";"";""
"69";"Rhône";"69123SR07";"Lyon 7eme secteur";"0702";"1211";"901";"74,40%";"310";"25,60%";"885";"73,08%";"98,22%";"9";"0,74%";"1,00%";"7";"0,58%";"0,78%";"2";"DESRIEUX";"Emilie";"F";"LDVC";"Coeur lyonnais";"Coeur lyonnais";"273";"22,54%";"30,85%";"";"7";"4";"DUBOT";"Fanny";"F";"LDVG";"Pour vivre Lyon 7ème, l'union de la gauche et des écologistes avec Fanny Dubot";"Pour vivre Lyon 7ème, l'union de la gauche et des écologistes avec Fanny Dubot";"612";"50,54%";"69,15%";"";"30";"";"";"";"";"";"";"";"";"";"";"";"";"";"";"";"";"";"";"";"";"";"";"";""
"69";"Rhône";"69123SR07";"Lyon 7eme secteur";"0703";"1075";"794";"73,86%";"281";"26,14%";"779";"72,47%";"98,11%";"9";"0,84%";"1,13%";"6";"0,56%";"0,76%";"2";"DESRIEUX";"Emilie";"F";"LDVC";"Coeur lyonnais";"Coeur lyonnais";"290";"26,98%";"37,23%";"";"7";"4";"DUBOT";"Fanny";"F";"LDVG";"Pour vivre Lyon 7ème, l'union de la gauche et des écologistes avec Fanny Dubot";"Pour vivre Lyon 7ème, l'union de la gauche et des écologistes avec Fanny Dubot";"489";"45,49%";"62,77%";"";"30";"";"";"";"";"";"";"";"";"";"";"";"";"";"";"";"";"";"";"";"";"";"";"";""
"69";"Rhône";"69123SR07";"Lyon 7eme secteur";"0704";"921";"672";"72,96%";"249";"27,04%";"660";"71,66%";"98,21%";"8";"0,87%";"1,19%";"4";"0,43%";"0,60%";"2";"DESRIEUX";"Emilie";"F";"LDVC";"Coeur lyonnais";"Coeur lyonnais";"229";"24,86%";"34,70%";"";"7";"4";"DUBOT";"Fanny";"F";"LDVG";"Pour vivre Lyon 7ème, l'union de la gauche et des écologistes avec Fanny Dubot";"Pour vivre Lyon 7ème, l'union de la gauche et des écologistes avec Fanny Dubot";"431";"46,80%";"65,30%";"";"30";"";"";"";"";"";"";"";"";"";"";"";"";"";"";"";"";"";"";"";"";"";"";"";""
"69";"Rhône";"69123SR07";"Lyon 7eme secteur";"0705";"1043";"756";"72,48%";"287";"27,52%";"744";"71,33%";"98,41%";"3";"0,29%";"0,40%";"9";"0,86%";"1,19%";"2";"DESRIEUX";"Emilie";"F";"LDVC";"Coeur lyonnais";"Coeur lyonnais";"216";"20,71%";"29,03%";"";"7";"4";"DUBOT";"Fanny";"F";"LDVG";"Pour vivre Lyon 7ème, l'union de la gauche et des écologistes avec Fanny Dubot";"Pour vivre Lyon 7ème, l'union de la gauche et des écologistes avec Fanny Dubot";"528";"50,62%";"70,97%";"";"30";"";"";"";"";"";"";"";"";"";"";"";"";"";"";"";"";"";"";"";"";"";"";"";""
"69";"Rhône";"69123SR07";"Lyon 7eme secteur";"0706";"1238";"901";"72,78%";"337";"27,22%";"883";"71,32%";"98,00%";"8";"0,65%";"0,89%";"10";"0,81%";"1,11%";"2";"DESRIEUX";"Emilie";"F";"LDVC";"Coeur lyonnais";"Coeur lyonnais";"170";"13,73%";"19,25%";"";"7";"4";"DUBOT";"Fanny";"F";"LDVG";"Pour vivre Lyon 7ème, l'union de la gauche et des écologistes avec Fanny Dubot";"Pour vivre Lyon 7ème, l'union de la gauche et des écologistes avec Fanny Dubot";"713";"57,59%";"80,75%";"";"30";"";"";"";"";"";"";"";"";"";"";"";"";"";"";"";"";"";"";"";"";"";"";"";""
"69";"Rhône";"69123SR07";"Lyon 7eme secteur";"0707";"895";"660";"73,74%";"235";"26,26%";"645";"72,07%";"97,73%";"11";"1,23%";"1,67%";"4";"0,45%";"0,61%";"2";"DESRIEUX";"Emilie";"F";"LDVC";"Coeur lyonnais";"Coeur lyonnais";"208";"23,24%";"32,25%";"";"7";"4";"DUBOT";"Fanny";"F";"LDVG";"Pour vivre Lyon 7ème, l'union de la gauche et des écologistes avec Fanny Dubot";"Pour vivre Lyon 7ème, l'union de la gauche et des écologistes avec Fanny Dubot";"437";"48,83%";"67,75%";"";"30";"";"";"";"";"";"";"";"";"";"";"";"";"";"";"";"";"";"";"";"";"";"";"";""
"69";"Rhône";"69123SR07";"Lyon 7eme secteur";"0708";"1028";"737";"71,69%";"291";"28,31%";"720";"70,04%";"97,69%";"8";"0,78%";"1,09%";"9";"0,88%";"1,22%";"2";"DESRIEUX";"Emilie";"F";"LDVC";"Coeur lyonnais";"Coeur lyonnais";"138";"13,42%";"19,17%";"";"7";"4";"DUBOT";"Fanny";"F";"LDVG";"Pour vivre Lyon 7ème, l'union de la gauche et des écologistes avec Fanny Dubot";"Pour vivre Lyon 7ème, l'union de la gauche et des écologistes avec Fanny Dubot";"582";"56,61%";"80,83%";"";"30";"";"";"";"";"";"";"";"";"";"";"";"";"";"";"";"";"";"";"";"";"";"";"";""
"69";"Rhône";"69123SR07";"Lyon 7eme secteur";"0709";"971";"685";"70,55%";"286";"29,45%";"675";"69,52%";"98,54%";"9";"0,93%";"1,31%";"1";"0,10%";"0,15%";"2";"DESRIEUX";"Emilie";"F";"LDVC";"Coeur lyonnais";"Coeur lyonnais";"176";"18,13%";"26,07%";"";"7";"4";"DUBOT";"Fanny";"F";"LDVG";"Pour vivre Lyon 7ème, l'union de la gauche et des écologistes avec Fanny Dubot";"Pour vivre Lyon 7ème, l'union de la gauche et des écologistes avec Fanny Dubot";"499";"51,39%";"73,93%";"";"30";"";"";"";"";"";"";"";"";"";"";"";"";"";"";"";"";"";"";"";"";"";"";"";""
"69";"Rhône";"69123SR07";"Lyon 7eme secteur";"0710";"1189";"801";"67,37%";"388";"32,63%";"790";"66,44%";"98,63%";"6";"0,50%";"0,75%";"5";"0,42%";"0,62%";"2";"DESRIEUX";"Emilie";"F";"LDVC";"Coeur lyonnais";"Coeur lyonnais";"191";"16,06%";"24,18%";"";"7";"4";"DUBOT";"Fanny";"F";"LDVG";"Pour vivre Lyon 7ème, l'union de la gauche et des écologistes avec Fanny Dubot";"Pour vivre Lyon 7ème, l'union de la gauche et des écologistes avec Fanny Dubot";"599";"50,38%";"75,82%";"";"30";"";"";"";"";"";"";"";"";"";"";"";"";"";"";"";"";"";"";"";"";"";"";"";""
"69";"Rhône";"69123SR07";"Lyon 7eme secteur";"0711";"1150";"820";"71,30%";"330";"28,70%";"810";"70,43%";"98,78%";"8";"0,70%";"0,98%";"2";"0,17%";"0,24%";"2";"DESRIEUX";"Emilie";"F";"LDVC";"Coeur lyonnais";"Coeur lyonnais";"268";"23,30%";"33,09%";"";"7";"4";"DUBOT";"Fanny";"F";"LDVG";"Pour vivre Lyon 7ème, l'union de la gauche et des écologistes avec Fanny Dubot";"Pour vivre Lyon 7ème, l'union de la gauche et des écologistes avec Fanny Dubot";"542";"47,13%";"66,91%";"";"30";"";"";"";"";"";"";"";"";"";"";"";"";"";"";"";"";"";"";"";"";"";"";"";""
"69";"Rhône";"69123SR07";"Lyon 7eme secteur";"0712";"1307";"918";"70,24%";"389";"29,76%";"910";"69,63%";"99,13%";"5";"0,38%";"0,54%";"3";"0,23%";"0,33%";"2";"DESRIEUX";"Emilie";"F";"LDVC";"Coeur lyonnais";"Coeur lyonnais";"264";"20,20%";"29,01%";"";"7";"4";"DUBOT";"Fanny";"F";"LDVG";"Pour vivre Lyon 7ème, l'union de la gauche et des écologistes avec Fanny Dubot";"Pour vivre Lyon 7ème, l'union de la gauche et des écologistes avec Fanny Dubot";"646";"49,43%";"70,99%";"";"30";"";"";"";"";"";"";"";"";"";"";"";"";"";"";"";"";"";"";"";"";"";"";"";""
"69";"Rhône";"69123SR07";"Lyon 7eme secteur";"0713";"1245";"963";"77,35%";"282";"22,65%";"947";"76,06%";"98,34%";"11";"0,88%";"1,14%";"5";"0,40%";"0,52%";"2";"DESRIEUX";"Emilie";"F";"LDVC";"Coeur lyonnais";"Coeur lyonnais";"372";"29,88%";"39,28%";"";"7";"4";"DUBOT";"Fanny";"F";"LDVG";"Pour vivre Lyon 7ème, l'union de la gauche et des écologistes avec Fanny Dubot";"Pour vivre Lyon 7ème, l'union de la gauche et des écologistes avec Fanny Dubot";"575";"46,18%";"60,72%";"";"30";"";"";"";"";"";"";"";"";"";"";"";"";"";"";"";"";"";"";"";"";"";"";"";""
"69";"Rhône";"69123SR07";"Lyon 7eme secteur";"0714";"1184";"864";"72,97%";"320";"27,03%";"842";"71,11%";"97,45%";"12";"1,01%";"1,39%";"10";"0,84%";"1,16%";"2";"DESRIEUX";"Emilie";"F";"LDVC";"Coeur lyonnais";"Coeur lyonnais";"302";"25,51%";"35,87%";"";"7";"4";"DUBOT";"Fanny";"F";"LDVG";"Pour vivre Lyon 7ème, l'union de la gauche et des écologistes avec Fanny Dubot";"Pour vivre Lyon 7ème, l'union de la gauche et des écologistes avec Fanny Dubot";"540";"45,61%";"64,13%";"";"30";"";"";"";"";"";"";"";"";"";"";"";"";"";"";"";"";"";"";"";"";"";"";"";""
"69";"Rhône";"69123SR07";"Lyon 7eme secteur";"0715";"1144";"826";"72,20%";"318";"27,80%";"811";"70,89%";"98,18%";"11";"0,96%";"1,33%";"4";"0,35%";"0,48%";"2";"DESRIEUX";"Emilie";"F";"LDVC";"Coeur lyonnais";"Coeur lyonnais";"275";"24,04%";"33,91%";"";"7";"4";"DUBOT";"Fanny";"F";"LDVG";"Pour vivre Lyon 7ème, l'union de la gauche et des écologistes avec Fanny Dubot";"Pour vivre Lyon 7ème, l'union de la gauche et des écologistes avec Fanny Dubot";"536";"46,85%";"66,09%";"";"30";"";"";"";"";"";"";"";"";"";"";"";"";"";"";"";"";"";"";"";"";"";"";"";""
"69";"Rhône";"69123SR07";"Lyon 7eme secteur";"0716";"1362";"932";"68,43%";"430";"31,57%";"914";"67,11%";"98,07%";"10";"0,73%";"1,07%";"8";"0,59%";"0,86%";"2";"DESRIEUX";"Emilie";"F";"LDVC";"Coeur lyonnais";"Coeur lyonnais";"342";"25,11%";"37,42%";"";"7";"4";"DUBOT";"Fanny";"F";"LDVG";"Pour vivre Lyon 7ème, l'union de la gauche et des écologistes avec Fanny Dubot";"Pour vivre Lyon 7ème, l'union de la gauche et des écologistes avec Fanny Dubot";"572";"42,00%";"62,58%";"";"30";"";"";"";"";"";"";"";"";"";"";"";"";"";"";"";"";"";"";"";"";"";"";"";""
"69";"Rhône";"69123SR07";"Lyon 7eme secteur";"0717";"1088";"768";"70,59%";"320";"29,41%";"746";"68,57%";"97,14%";"14";"1,29%";"1,82%";"8";"0,74%";"1,04%";"2";"DESRIEUX";"Emilie";"F";"LDVC";"Coeur lyonnais";"Coeur lyonnais";"277";"25,46%";"37,13%";"";"7";"4";"DUBOT";"Fanny";"F";"LDVG";"Pour vivre Lyon 7ème, l'union de la gauche et des écologistes avec Fanny Dubot";"Pour vivre Lyon 7ème, l'union de la gauche et des écologistes avec Fanny Dubot";"469";"43,11%";"62,87%";"";"30";"";"";"";"";"";"";"";"";"";"";"";"";"";"";"";"";"";"";"";"";"";"";"";""
"69";"Rhône";"69123SR07";"Lyon 7eme secteur";"0718";"1134";"813";"71,69%";"321";"28,31%";"803";"70,81%";"98,77%";"6";"0,53%";"0,74%";"4";"0,35%";"0,49%";"2";"DESRIEUX";"Emilie";"F";"LDVC";"Coeur lyonnais";"Coeur lyonnais";"301";"26,54%";"37,48%";"";"7";"4";"DUBOT";"Fanny";"F";"LDVG";"Pour vivre Lyon 7ème, l'union de la gauche et des écologistes avec Fanny Dubot";"Pour vivre Lyon 7ème, l'union de la gauche et des écologistes avec Fanny Dubot";"502";"44,27%";"62,52%";"";"30";"";"";"";"";"";"";"";"";"";"";"";"";"";"";"";"";"";"";"";"";"";"";"";""
"69";"Rhône";"69123SR07";"Lyon 7eme secteur";"0719";"1023";"797";"77,91%";"226";"22,09%";"787";"76,93%";"98,75%";"1";"0,10%";"0,13%";"9";"0,88%";"1,13%";"2";"DESRIEUX";"Emilie";"F";"LDVC";"Coeur lyonnais";"Coeur lyonnais";"302";"29,52%";"38,37%";"";"7";"4";"DUBOT";"Fanny";"F";"LDVG";"Pour vivre Lyon 7ème, l'union de la gauche et des écologistes avec Fanny Dubot";"Pour vivre Lyon 7ème, l'union de la gauche et des écologistes avec Fanny Dubot";"485";"47,41%";"61,63%";"";"30";"";"";"";"";"";"";"";"";"";"";"";"";"";"";"";"";"";"";"";"";"";"";"";""
"69";"Rhône";"69123SR07";"Lyon 7eme secteur";"0720";"1173";"811";"69,14%";"362";"30,86%";"798";"68,03%";"98,40%";"7";"0,60%";"0,86%";"6";"0,51%";"0,74%";"2";"DESRIEUX";"Emilie";"F";"LDVC";"Coeur lyonnais";"Coeur lyonnais";"286";"24,38%";"35,84%";"";"7";"4";"DUBOT";"Fanny";"F";"LDVG";"Pour vivre Lyon 7ème, l'union de la gauche et des écologistes avec Fanny Dubot";"Pour vivre Lyon 7ème, l'union de la gauche et des écologistes avec Fanny Dubot";"512";"43,65%";"64,16%";"";"30";"";"";"";"";"";"";"";"";"";"";"";"";"";"";"";"";"";"";"";"";"";"";"";""
"69";"Rhône";"69123SR07";"Lyon 7eme secteur";"0721";"1176";"828";"70,41%";"348";"29,59%";"806";"68,54%";"97,34%";"8";"0,68%";"0,97%";"14";"1,19%";"1,69%";"2";"DESRIEUX";"Emilie";"F";"LDVC";"Coeur lyonnais";"Coeur lyonnais";"291";"24,74%";"36,10%";"";"7";"4";"DUBOT";"Fanny";"F";"LDVG";"Pour vivre Lyon 7ème, l'union de la gauche et des écologistes avec Fanny Dubot";"Pour vivre Lyon 7ème, l'union de la gauche et des écologistes avec Fanny Dubot";"515";"43,79%";"63,90%";"";"30";"";"";"";"";"";"";"";"";"";"";"";"";"";"";"";"";"";"";"";"";"";"";"";""
"69";"Rhône";"69123SR07";"Lyon 7eme secteur";"0722";"1243";"800";"64,36%";"443";"35,64%";"781";"62,83%";"97,63%";"11";"0,88%";"1,38%";"8";"0,64%";"1,00%";"2";"DESRIEUX";"Emilie";"F";"LDVC";"Coeur lyonnais";"Coeur lyonnais";"328";"26,39%";"42,00%";"";"7";"4";"DUBOT";"Fanny";"F";"LDVG";"Pour vivre Lyon 7ème, l'union de la gauche et des écologistes avec Fanny Dubot";"Pour vivre Lyon 7ème, l'union de la gauche et des écologistes avec Fanny Dubot";"453";"36,44%";"58,00%";"";"30";"";"";"";"";"";"";"";"";"";"";"";"";"";"";"";"";"";"";"";"";"";"";"";""
"69";"Rhône";"69123SR07";"Lyon 7eme secteur";"0723";"1151";"694";"60,30%";"457";"39,70%";"672";"58,38%";"96,83%";"11";"0,96%";"1,59%";"11";"0,96%";"1,59%";"2";"DESRIEUX";"Emilie";"F";"LDVC";"Coeur lyonnais";"Coeur lyonnais";"298";"25,89%";"44,35%";"";"7";"4";"DUBOT";"Fanny";"F";"LDVG";"Pour vivre Lyon 7ème, l'union de la gauche et des écologistes avec Fanny Dubot";"Pour vivre Lyon 7ème, l'union de la gauche et des écologistes avec Fanny Dubot";"374";"32,49%";"55,65%";"";"30";"";"";"";"";"";"";"";"";"";"";"";"";"";"";"";"";"";"";"";"";"";"";"";""
"69";"Rhône";"69123SR07";"Lyon 7eme secteur";"0724";"1150";"861";"74,87%";"289";"25,13%";"832";"72,35%";"96,63%";"16";"1,39%";"1,86%";"13";"1,13%";"1,51%";"2";"DESRIEUX";"Emilie";"F";"LDVC";"Coeur lyonnais";"Coeur lyonnais";"358";"31,13%";"43,03%";"";"7";"4";"DUBOT";"Fanny";"F";"LDVG";"Pour vivre Lyon 7ème, l'union de la gauche et des écologistes avec Fanny Dubot";"Pour vivre Lyon 7ème, l'union de la gauche et des écologistes avec Fanny Dubot";"474";"41,22%";"56,97%";"";"30";"";"";"";"";"";"";"";"";"";"";"";"";"";"";"";"";"";"";"";"";"";"";"";""
"69";"Rhône";"69123SR07";"Lyon 7eme secteur";"0725";"1385";"877";"63,32%";"508";"36,68%";"868";"62,67%";"98,97%";"2";"0,14%";"0,23%";"7";"0,51%";"0,80%";"2";"DESRIEUX";"Emilie";"F";"LDVC";"Coeur lyonnais";"Coeur lyonnais";"252";"18,19%";"29,03%";"";"7";"4";"DUBOT";"Fanny";"F";"LDVG";"Pour vivre Lyon 7ème, l'union de la gauche et des écologistes avec Fanny Dubot";"Pour vivre Lyon 7ème, l'union de la gauche et des écologistes avec Fanny Dubot";"616";"44,48%";"70,97%";"";"30";"";"";"";"";"";"";"";"";"";"";"";"";"";"";"";"";"";"";"";"";"";"";"";""
"69";"Rhône";"69123SR07";"Lyon 7eme secteur";"0726";"1260";"779";"61,83%";"481";"38,17%";"760";"60,32%";"97,56%";"13";"1,03%";"1,67%";"6";"0,48%";"0,77%";"2";"DESRIEUX";"Emilie";"F";"LDVC";"Coeur lyonnais";"Coeur lyonnais";"255";"20,24%";"33,55%";"";"7";"4";"DUBOT";"Fanny";"F";"LDVG";"Pour vivre Lyon 7ème, l'union de la gauche et des écologistes avec Fanny Dubot";"Pour vivre Lyon 7ème, l'union de la gauche et des écologistes avec Fanny Dubot";"505";"40,08%";"66,45%";"";"30";"";"";"";"";"";"";"";"";"";"";"";"";"";"";"";"";"";"";"";"";"";"";"";""
"69";"Rhône";"69123SR07";"Lyon 7eme secteur";"0727";"1234";"800";"64,83%";"434";"35,17%";"789";"63,94%";"98,63%";"6";"0,49%";"0,75%";"5";"0,41%";"0,63%";"2";"DESRIEUX";"Emilie";"F";"LDVC";"Coeur lyonnais";"Coeur lyonnais";"283";"22,93%";"35,87%";"";"7";"4";"DUBOT";"Fanny";"F";"LDVG";"Pour vivre Lyon 7ème, l'union de la gauche et des écologistes avec Fanny Dubot";"Pour vivre Lyon 7ème, l'union de la gauche et des écologistes avec Fanny Dubot";"506";"41,00%";"64,13%";"";"30";"";"";"";"";"";"";"";"";"";"";"";"";"";"";"";"";"";"";"";"";"";"";"";""
"69";"Rhône";"69123SR07";"Lyon 7eme secteur";"0728";"836";"515";"61,60%";"321";"38,40%";"504";"60,29%";"97,86%";"2";"0,24%";"0,39%";"9";"1,08%";"1,75%";"2";"DESRIEUX";"Emilie";"F";"LDVC";"Coeur lyonnais";"Coeur lyonnais";"234";"27,99%";"46,43%";"";"7";"4";"DUBOT";"Fanny";"F";"LDVG";"Pour vivre Lyon 7ème, l'union de la gauche et des écologistes avec Fanny Dubot";"Pour vivre Lyon 7ème, l'union de la gauche et des écologistes avec Fanny Dubot";"270";"32,30%";"53,57%";"";"30";"";"";"";"";"";"";"";"";"";"";"";"";"";"";"";"";"";"";"";"";"";"";"";""
"69";"Rhône";"69123SR07";"Lyon 7eme secteur";"0729";"1194";"774";"64,82%";"420";"35,18%";"743";"62,23%";"95,99%";"19";"1,59%";"2,45%";"12";"1,01%";"1,55%";"2";"DESRIEUX";"Emilie";"F";"LDVC";"Coeur lyonnais";"Coeur lyonnais";"386";"32,33%";"51,95%";"";"7";"4";"DUBOT";"Fanny";"F";"LDVG";"Pour vivre Lyon 7ème, l'union de la gauche et des écologistes avec Fanny Dubot";"Pour vivre Lyon 7ème, l'union de la gauche et des écologistes avec Fanny Dubot";"357";"29,90%";"48,05%";"";"30";"";"";"";"";"";"";"";"";"";"";"";"";"";"";"";"";"";"";"";"";"";"";"";""
"69";"Rhône";"69123SR07";"Lyon 7eme secteur";"0730";"960";"527";"54,90%";"433";"45,10%";"515";"53,65%";"97,72%";"6";"0,63%";"1,14%";"6";"0,63%";"1,14%";"2";"DESRIEUX";"Emilie";"F";"LDVC";"Coeur lyonnais";"Coeur lyonnais";"303";"31,56%";"58,83%";"";"7";"4";"DUBOT";"Fanny";"F";"LDVG";"Pour vivre Lyon 7ème, l'union de la gauche et des écologistes avec Fanny Dubot";"Pour vivre Lyon 7ème, l'union de la gauche et des écologistes avec Fanny Dubot";"212";"22,08%";"41,17%";"";"30";"";"";"";"";"";"";"";"";"";"";"";"";"";"";"";"";"";"";"";"";"";"";"";""
"69";"Rhône";"69123SR07";"Lyon 7eme secteur";"0731";"1173";"759";"64,71%";"414";"35,29%";"747";"63,68%";"98,42%";"8";"0,68%";"1,05%";"4";"0,34%";"0,53%";"2";"DESRIEUX";"Emilie";"F";"LDVC";"Coeur lyonnais";"Coeur lyonnais";"330";"28,13%";"44,18%";"";"7";"4";"DUBOT";"Fanny";"F";"LDVG";"Pour vivre Lyon 7ème, l'union de la gauche et des écologistes avec Fanny Dubot";"Pour vivre Lyon 7ème, l'union de la gauche et des écologistes avec Fanny Dubot";"417";"35,55%";"55,82%";"";"30";"";"";"";"";"";"";"";"";"";"";"";"";"";"";"";"";"";"";"";"";"";"";"";""
"69";"Rhône";"69123SR07";"Lyon 7eme secteur";"0732";"1283";"785";"61,18%";"498";"38,82%";"763";"59,47%";"97,20%";"15";"1,17%";"1,91%";"7";"0,55%";"0,89%";"2";"DESRIEUX";"Emilie";"F";"LDVC";"Coeur lyonnais";"Coeur lyonnais";"359";"27,98%";"47,05%";"";"7";"4";"DUBOT";"Fanny";"F";"LDVG";"Pour vivre Lyon 7ème, l'union de la gauche et des écologistes avec Fanny Dubot";"Pour vivre Lyon 7ème, l'union de la gauche et des écologistes avec Fanny Dubot";"404";"31,49%";"52,95%";"";"30";"";"";"";"";"";"";"";"";"";"";"";"";"";"";"";"";"";"";"";"";"";"";"";""
"69";"Rhône";"69123SR07";"Lyon 7eme secteur";"0733";"992";"670";"67,54%";"322";"32,46%";"661";"66,63%";"98,66%";"7";"0,71%";"1,04%";"2";"0,20%";"0,30%";"2";"DESRIEUX";"Emilie";"F";"LDVC";"Coeur lyonnais";"Coeur lyonnais";"273";"27,52%";"41,30%";"";"7";"4";"DUBOT";"Fanny";"F";"LDVG";"Pour vivre Lyon 7ème, l'union de la gauche et des écologistes avec Fanny Dubot";"Pour vivre Lyon 7ème, l'union de la gauche et des écologistes avec Fanny Dubot";"388";"39,11%";"58,70%";"";"30";"";"";"";"";"";"";"";"";"";"";"";"";"";"";"";"";"";"";"";"";"";"";"";""
"69";"Rhône";"69123SR07";"Lyon 7eme secteur";"0734";"831";"533";"64,14%";"298";"35,86%";"524";"63,06%";"98,31%";"5";"0,60%";"0,94%";"4";"0,48%";"0,75%";"2";"DESRIEUX";"Emilie";"F";"LDVC";"Coeur lyonnais";"Coeur lyonnais";"205";"24,67%";"39,12%";"";"7";"4";"DUBOT";"Fanny";"F";"LDVG";"Pour vivre Lyon 7ème, l'union de la gauche et des écologistes avec Fanny Dubot";"Pour vivre Lyon 7ème, l'union de la gauche et des écologistes avec Fanny Dubot";"319";"38,39%";"60,88%";"";"30";"";"";"";"";"";"";"";"";"";"";"";"";"";"";"";"";"";"";"";"";"";"";"";""
"69";"Rhône";"69123SR07";"Lyon 7eme secteur";"0735";"1284";"757";"58,96%";"527";"41,04%";"737";"57,40%";"97,36%";"12";"0,93%";"1,59%";"8";"0,62%";"1,06%";"2";"DESRIEUX";"Emilie";"F";"LDVC";"Coeur lyonnais";"Coeur lyonnais";"273";"21,26%";"37,04%";"";"7";"4";"DUBOT";"Fanny";"F";"LDVG";"Pour vivre Lyon 7ème, l'union de la gauche et des écologistes avec Fanny Dubot";"Pour vivre Lyon 7ème, l'union de la gauche et des écologistes avec Fanny Dubot";"464";"36,14%";"62,96%";"";"30";"";"";"";"";"";"";"";"";"";"";"";"";"";"";"";"";"";"";"";"";"";"";"";""
"69";"Rhône";"69123SR07";"Lyon 7eme secteur";"0736";"1222";"675";"55,24%";"547";"44,76%";"659";"53,93%";"97,63%";"7";"0,57%";"1,04%";"9";"0,74%";"1,33%";"2";"DESRIEUX";"Emilie";"F";"LDVC";"Coeur lyonnais";"Coeur lyonnais";"290";"23,73%";"44,01%";"";"7";"4";"DUBOT";"Fanny";"F";"LDVG";"Pour vivre Lyon 7ème, l'union de la gauche et des écologistes avec Fanny Dubot";"Pour vivre Lyon 7ème, l'union de la gauche et des écologistes avec Fanny Dubot";"369";"30,20%";"55,99%";"";"30";"";"";"";"";"";"";"";"";"";"";"";"";"";"";"";"";"";"";"";"";"";"";"";""
"69";"Rhône";"69123SR07";"Lyon 7eme secteur";"0737";"860";"486";"56,51%";"374";"43,49%";"472";"54,88%";"97,12%";"10";"1,16%";"2,06%";"4";"0,47%";"0,82%";"2";"DESRIEUX";"Emilie";"F";"LDVC";"Coeur lyonnais";"Coeur lyonnais";"223";"25,93%";"47,25%";"";"7";"4";"DUBOT";"Fanny";"F";"LDVG";"Pour vivre Lyon 7ème, l'union de la gauche et des écologistes avec Fanny Dubot";"Pour vivre Lyon 7ème, l'union de la gauche et des écologistes avec Fanny Dubot";"249";"28,95%";"52,75%";"";"30";"";"";"";"";"";"";"";"";"";"";"";"";"";"";"";"";"";"";"";"";"";"";"";""
"69";"Rhône";"69123SR07";"Lyon 7eme secteur";"0738";"1226";"691";"56,36%";"535";"43,64%";"671";"54,73%";"97,11%";"7";"0,57%";"1,01%";"13";"1,06%";"1,88%";"2";"DESRIEUX";"Emilie";"F";"LDVC";"Coeur lyonnais";"Coeur lyonnais";"271";"22,10%";"40,39%";"";"7";"4";"DUBOT";"Fanny";"F";"LDVG";"Pour vivre Lyon 7ème, l'union de la gauche et des écologistes avec Fanny Dubot";"Pour vivre Lyon 7ème, l'union de la gauche et des écologistes avec Fanny Dubot";"400";"32,63%";"59,61%";"";"30";"";"";"";"";"";"";"";"";"";"";"";"";"";"";"";"";"";"";"";"";"";"";"";""
"69";"Rhône";"69123SR07";"Lyon 7eme secteur";"0739";"854";"524";"61,36%";"330";"38,64%";"509";"59,60%";"97,14%";"8";"0,94%";"1,53%";"7";"0,82%";"1,34%";"2";"DESRIEUX";"Emilie";"F";"LDVC";"Coeur lyonnais";"Coeur lyonnais";"221";"25,88%";"43,42%";"";"7";"4";"DUBOT";"Fanny";"F";"LDVG";"Pour vivre Lyon 7ème, l'union de la gauche et des écologistes avec Fanny Dubot";"Pour vivre Lyon 7ème, l'union de la gauche et des écologistes avec Fanny Dubot";"288";"33,72%";"56,58%";"";"30";"";"";"";"";"";"";"";"";"";"";"";"";"";"";"";"";"";"";"";"";"";"";"";""
"69";"Rhône";"69123SR07";"Lyon 7eme secteur";"0740";"896";"408";"45,54%";"488";"54,46%";"402";"44,87%";"98,53%";"4";"0,45%";"0,98%";"2";"0,22%";"0,49%";"2";"DESRIEUX";"Emilie";"F";"LDVC";"Coeur lyonnais";"Coeur lyonnais";"199";"22,21%";"49,50%";"";"7";"4";"DUBOT";"Fanny";"F";"LDVG";"Pour vivre Lyon 7ème, l'union de la gauche et des écologistes avec Fanny Dubot";"Pour vivre Lyon 7ème, l'union de la gauche et des écologistes avec Fanny Dubot";"203";"22,66%";"50,50%";"";"30";"";"";"";"";"";"";"";"";"";"";"";"";"";"";"";"";"";"";"";"";"";"";"";""
"69";"Rhône";"69123SR07";"Lyon 7eme secteur";"0741";"1202";"750";"62,40%";"452";"37,60%";"732";"60,90%";"97,60%";"11";"0,92%";"1,47%";"7";"0,58%";"0,93%";"2";"DESRIEUX";"Emilie";"F";"LDVC";"Coeur lyonnais";"Coeur lyonnais";"330";"27,45%";"45,08%";"";"7";"4";"DUBOT";"Fanny";"F";"LDVG";"Pour vivre Lyon 7ème, l'union de la gauche et des écologistes avec Fanny Dubot";"Pour vivre Lyon 7ème, l'union de la gauche et des écologistes avec Fanny Dubot";"402";"33,44%";"54,92%";"";"30";"";"";"";"";"";"";"";"";"";"";"";"";"";"";"";"";"";"";"";"";"";"";"";""
"69";"Rhône";"69123SR07";"Lyon 7eme secteur";"0742";"1187";"736";"62,01%";"451";"37,99%";"724";"60,99%";"98,37%";"8";"0,67%";"1,09%";"4";"0,34%";"0,54%";"2";"DESRIEUX";"Emilie";"F";"LDVC";"Coeur lyonnais";"Coeur lyonnais";"303";"25,53%";"41,85%";"";"7";"4";"DUBOT";"Fanny";"F";"LDVG";"Pour vivre Lyon 7ème, l'union de la gauche et des écologistes avec Fanny Dubot";"Pour vivre Lyon 7ème, l'union de la gauche et des écologistes avec Fanny Dubot";"421";"35,47%";"58,15%";"";"30";"";"";"";"";"";"";"";"";"";"";"";"";"";"";"";"";"";"";"";"";"";"";"";""
"69";"Rhône";"69123SR07";"Lyon 7eme secteur";"0743";"1170";"764";"65,30%";"406";"34,70%";"753";"64,36%";"98,56%";"5";"0,43%";"0,65%";"6";"0,51%";"0,79%";"2";"DESRIEUX";"Emilie";"F";"LDVC";"Coeur lyonnais";"Coeur lyonnais";"311";"26,58%";"41,30%";"";"7";"4";"DUBOT";"Fanny";"F";"LDVG";"Pour vivre Lyon 7ème, l'union de la gauche et des écologistes avec Fanny Dubot";"Pour vivre Lyon 7ème, l'union de la gauche et des écologistes avec Fanny Dubot";"442";"37,78%";"58,70%";"";"30";"";"";"";"";"";"";"";"";"";"";"";"";"";"";"";"";"";"";"";"";"";"";"";""
"69";"Rhône";"69123SR07";"Lyon 7eme secteur";"0744";"1476";"976";"66,12%";"500";"33,88%";"949";"64,30%";"97,23%";"16";"1,08%";"1,64%";"11";"0,75%";"1,13%";"2";"DESRIEUX";"Emilie";"F";"LDVC";"Coeur lyonnais";"Coeur lyonnais";"369";"25,00%";"38,88%";"";"7";"4";"DUBOT";"Fanny";"F";"LDVG";"Pour vivre Lyon 7ème, l'union de la gauche et des écologistes avec Fanny Dubot";"Pour vivre Lyon 7ème, l'union de la gauche et des écologistes avec Fanny Dubot";"580";"39,30%";"61,12%";"";"30";"";"";"";"";"";"";"";"";"";"";"";"";"";"";"";"";"";"";"";"";"";"";"";""
"69";"Rhône";"69123SR07";"Lyon 7eme secteur";"0745";"961";"569";"59,21%";"392";"40,79%";"553";"57,54%";"97,19%";"11";"1,14%";"1,93%";"5";"0,52%";"0,88%";"2";"DESRIEUX";"Emilie";"F";"LDVC";"Coeur lyonnais";"Coeur lyonnais";"194";"20,19%";"35,08%";"";"7";"4";"DUBOT";"Fanny";"F";"LDVG";"Pour vivre Lyon 7ème, l'union de la gauche et des écologistes avec Fanny Dubot";"Pour vivre Lyon 7ème, l'union de la gauche et des écologistes avec Fanny Dubot";"359";"37,36%";"64,92%";"";"30";"";"";"";"";"";"";"";"";"";"";"";"";"";"";"";"";"";"";"";"";"";"";"";""
"69";"Rhône";"69123SR08";"Lyon 8eme secteur";"0801";"1158";"633";"54,66%";"525";"45,34%";"612";"52,85%";"96,68%";"16";"1,38%";"2,53%";"5";"0,43%";"0,79%";"1";"BERZANE";"Olivier";"M";"LDVG";"Pour Vivre Lyon 8 L'Union de la gauche et des écologistes avec Olivier Berzane";"Pour Vivre Lyon 8 L'Union de la gauche et des écologistes avec Olivier Berzane";"325";"28,07%";"53,10%";"";"27";"4";"VELON";"Barbara";"F";"LDVC";"Cœur Lyonnais";"Cœur Lyonnais";"257";"22,19%";"41,99%";"";"8";"6";"DUPALAIS";"Alexandre";"M";"LUXD";"Retrouver Lyon 8";"Retrouver Lyon 8";"30";"2,59%";"4,90%";"";"1";"";"";"";"";"";"";"";"";"";"";"";""
"69";"Rhône";"69123SR08";"Lyon 8eme secteur";"0802";"1191";"840";"70,53%";"351";"29,47%";"819";"68,77%";"97,50%";"13";"1,09%";"1,55%";"8";"0,67%";"0,95%";"1";"BERZANE";"Olivier";"M";"LDVG";"Pour Vivre Lyon 8 L'Union de la gauche et des écologistes avec Olivier Berzane";"Pour Vivre Lyon 8 L'Union de la gauche et des écologistes avec Olivier Berzane";"450";"37,78%";"54,95%";"";"27";"4";"VELON";"Barbara";"F";"LDVC";"Cœur Lyonnais";"Cœur Lyonnais";"304";"25,52%";"37,12%";"";"8";"6";"DUPALAIS";"Alexandre";"M";"LUXD";"Retrouver Lyon 8";"Retrouver Lyon 8";"65";"5,46%";"7,94%";"";"1";"";"";"";"";"";"";"";"";"";"";"";""
"69";"Rhône";"69123SR08";"Lyon 8eme secteur";"0803";"1350";"852";"63,11%";"498";"36,89%";"838";"62,07%";"98,36%";"8";"0,59%";"0,94%";"6";"0,44%";"0,70%";"1";"BERZANE";"Olivier";"M";"LDVG";"Pour Vivre Lyon 8 L'Union de la gauche et des écologistes avec Olivier Berzane";"Pour Vivre Lyon 8 L'Union de la gauche et des écologistes avec Olivier Berzane";"406";"30,07%";"48,45%";"";"27";"4";"VELON";"Barbara";"F";"LDVC";"Cœur Lyonnais";"Cœur Lyonnais";"390";"28,89%";"46,54%";"";"8";"6";"DUPALAIS";"Alexandre";"M";"LUXD";"Retrouver Lyon 8";"Retrouver Lyon 8";"42";"3,11%";"5,01%";"";"1";"";"";"";"";"";"";"";"";"";"";"";""
"69";"Rhône";"69123SR08";"Lyon 8eme secteur";"0804";"1081";"737";"68,18%";"344";"31,82%";"726";"67,16%";"98,51%";"7";"0,65%";"0,95%";"4";"0,37%";"0,54%";"1";"BERZANE";"Olivier";"M";"LDVG";"Pour Vivre Lyon 8 L'Union de la gauche et des écologistes avec Olivier Berzane";"Pour Vivre Lyon 8 L'Union de la gauche et des écologistes avec Olivier Berzane";"378";"34,97%";"52,07%";"";"27";"4";"VELON";"Barbara";"F";"LDVC";"Cœur Lyonnais";"Cœur Lyonnais";"301";"27,84%";"41,46%";"";"8";"6";"DUPALAIS";"Alexandre";"M";"LUXD";"Retrouver Lyon 8";"Retrouver Lyon 8";"47";"4,35%";"6,47%";"";"1";"";"";"";"";"";"";"";"";"";"";"";""
"69";"Rhône";"69123SR08";"Lyon 8eme secteur";"0805";"1004";"723";"72,01%";"281";"27,99%";"711";"70,82%";"98,34%";"11";"1,10%";"1,52%";"1";"0,10%";"0,14%";"1";"BERZANE";"Olivier";"M";"LDVG";"Pour Vivre Lyon 8 L'Union de la gauche et des écologistes avec Olivier Berzane";"Pour Vivre Lyon 8 L'Union de la gauche et des écologistes avec Olivier Berzane";"344";"34,26%";"48,38%";"";"27";"4";"VELON";"Barbara";"F";"LDVC";"Cœur Lyonnais";"Cœur Lyonnais";"323";"32,17%";"45,43%";"";"8";"6";"DUPALAIS";"Alexandre";"M";"LUXD";"Retrouver Lyon 8";"Retrouver Lyon 8";"44";"4,38%";"6,19%";"";"1";"";"";"";"";"";"";"";"";"";"";"";""
"69";"Rhône";"69123SR08";"Lyon 8eme secteur";"0806";"998";"705";"70,64%";"293";"29,36%";"697";"69,84%";"98,87%";"5";"0,50%";"0,71%";"3";"0,30%";"0,43%";"1";"BERZANE";"Olivier";"M";"LDVG";"Pour Vivre Lyon 8 L'Union de la gauche et des écologistes avec Olivier Berzane";"Pour Vivre Lyon 8 L'Union de la gauche et des écologistes avec Olivier Berzane";"386";"38,68%";"55,38%";"";"27";"4";"VELON";"Barbara";"F";"LDVC";"Cœur Lyonnais";"Cœur Lyonnais";"273";"27,35%";"39,17%";"";"8";"6";"DUPALAIS";"Alexandre";"M";"LUXD";"Retrouver Lyon 8";"Retrouver Lyon 8";"38";"3,81%";"5,45%";"";"1";"";"";"";"";"";"";"";"";"";"";"";""
"69";"Rhône";"69123SR08";"Lyon 8eme secteur";"0807";"967";"644";"66,60%";"323";"33,40%";"632";"65,36%";"98,14%";"9";"0,93%";"1,40%";"3";"0,31%";"0,47%";"1";"BERZANE";"Olivier";"M";"LDVG";"Pour Vivre Lyon 8 L'Union de la gauche et des écologistes avec Olivier Berzane";"Pour Vivre Lyon 8 L'Union de la gauche et des écologistes avec Olivier Berzane";"293";"30,30%";"46,36%";"";"27";"4";"VELON";"Barbara";"F";"LDVC";"Cœur Lyonnais";"Cœur Lyonnais";"299";"30,92%";"47,31%";"";"8";"6";"DUPALAIS";"Alexandre";"M";"LUXD";"Retrouver Lyon 8";"Retrouver Lyon 8";"40";"4,14%";"6,33%";"";"1";"";"";"";"";"";"";"";"";"";"";"";""
"69";"Rhône";"69123SR08";"Lyon 8eme secteur";"0808";"950";"706";"74,32%";"244";"25,68%";"696";"73,26%";"98,58%";"5";"0,53%";"0,71%";"5";"0,53%";"0,71%";"1";"BERZANE";"Olivier";"M";"LDVG";"Pour Vivre Lyon 8 L'Union de la gauche et des écologistes avec Olivier Berzane";"Pour Vivre Lyon 8 L'Union de la gauche et des écologistes avec Olivier Berzane";"352";"37,05%";"50,57%";"";"27";"4";"VELON";"Barbara";"F";"LDVC";"Cœur Lyonnais";"Cœur Lyonnais";"294";"30,95%";"42,24%";"";"8";"6";"DUPALAIS";"Alexandre";"M";"LUXD";"Retrouver Lyon 8";"Retrouver Lyon 8";"50";"5,26%";"7,18%";"";"1";"";"";"";"";"";"";"";"";"";"";"";""
"69";"Rhône";"69123SR08";"Lyon 8eme secteur";"0809";"1187";"911";"76,75%";"276";"23,25%";"896";"75,48%";"98,35%";"9";"0,76%";"0,99%";"6";"0,51%";"0,66%";"1";"BERZANE";"Olivier";"M";"LDVG";"Pour Vivre Lyon 8 L'Union de la gauche et des écologistes avec Olivier Berzane";"Pour Vivre Lyon 8 L'Union de la gauche et des écologistes avec Olivier Berzane";"456";"38,42%";"50,89%";"";"27";"4";"VELON";"Barbara";"F";"LDVC";"Cœur Lyonnais";"Cœur Lyonnais";"394";"33,19%";"43,97%";"";"8";"6";"DUPALAIS";"Alexandre";"M";"LUXD";"Retrouver Lyon 8";"Retrouver Lyon 8";"46";"3,88%";"5,13%";"";"1";"";"";"";"";"";"";"";"";"";"";"";""
"69";"Rhône";"69123SR08";"Lyon 8eme secteur";"0810";"1083";"725";"66,94%";"358";"33,06%";"711";"65,65%";"98,07%";"10";"0,92%";"1,38%";"4";"0,37%";"0,55%";"1";"BERZANE";"Olivier";"M";"LDVG";"Pour Vivre Lyon 8 L'Union de la gauche et des écologistes avec Olivier Berzane";"Pour Vivre Lyon 8 L'Union de la gauche et des écologistes avec Olivier Berzane";"323";"29,82%";"45,43%";"";"27";"4";"VELON";"Barbara";"F";"LDVC";"Cœur Lyonnais";"Cœur Lyonnais";"344";"31,76%";"48,38%";"";"8";"6";"DUPALAIS";"Alexandre";"M";"LUXD";"Retrouver Lyon 8";"Retrouver Lyon 8";"44";"4,06%";"6,19%";"";"1";"";"";"";"";"";"";"";"";"";"";"";""
"69";"Rhône";"69123SR08";"Lyon 8eme secteur";"0811";"1069";"793";"74,18%";"276";"25,82%";"776";"72,59%";"97,86%";"10";"0,94%";"1,26%";"7";"0,65%";"0,88%";"1";"BERZANE";"Olivier";"M";"LDVG";"Pour Vivre Lyon 8 L'Union de la gauche et des écologistes avec Olivier Berzane";"Pour Vivre Lyon 8 L'Union de la gauche et des écologistes avec Olivier Berzane";"346";"32,37%";"44,59%";"";"27";"4";"VELON";"Barbara";"F";"LDVC";"Cœur Lyonnais";"Cœur Lyonnais";"391";"36,58%";"50,39%";"";"8";"6";"DUPALAIS";"Alexandre";"M";"LUXD";"Retrouver Lyon 8";"Retrouver Lyon 8";"39";"3,65%";"5,03%";"";"1";"";"";"";"";"";"";"";"";"";"";"";""
"69";"Rhône";"69123SR08";"Lyon 8eme secteur";"0812";"1206";"878";"72,80%";"328";"27,20%";"872";"72,31%";"99,32%";"5";"0,41%";"0,57%";"1";"0,08%";"0,11%";"1";"BERZANE";"Olivier";"M";"LDVG";"Pour Vivre Lyon 8 L'Union de la gauche et des écologistes avec Olivier Berzane";"Pour Vivre Lyon 8 L'Union de la gauche et des écologistes avec Olivier Berzane";"422";"34,99%";"48,39%";"";"27";"4";"VELON";"Barbara";"F";"LDVC";"Cœur Lyonnais";"Cœur Lyonnais";"404";"33,50%";"46,33%";"";"8";"6";"DUPALAIS";"Alexandre";"M";"LUXD";"Retrouver Lyon 8";"Retrouver Lyon 8";"46";"3,81%";"5,28%";"";"1";"";"";"";"";"";"";"";"";"";"";"";""
"69";"Rhône";"69123SR08";"Lyon 8eme secteur";"0813";"1226";"777";"63,38%";"449";"36,62%";"763";"62,23%";"98,20%";"14";"1,14%";"1,80%";"0";"0,00%";"0,00%";"1";"BERZANE";"Olivier";"M";"LDVG";"Pour Vivre Lyon 8 L'Union de la gauche et des écologistes avec Olivier Berzane";"Pour Vivre Lyon 8 L'Union de la gauche et des écologistes avec Olivier Berzane";"389";"31,73%";"50,98%";"";"27";"4";"VELON";"Barbara";"F";"LDVC";"Cœur Lyonnais";"Cœur Lyonnais";"337";"27,49%";"44,17%";"";"8";"6";"DUPALAIS";"Alexandre";"M";"LUXD";"Retrouver Lyon 8";"Retrouver Lyon 8";"37";"3,02%";"4,85%";"";"1";"";"";"";"";"";"";"";"";"";"";"";""
"69";"Rhône";"69123SR08";"Lyon 8eme secteur";"0814";"1337";"866";"64,77%";"471";"35,23%";"848";"63,43%";"97,92%";"13";"0,97%";"1,50%";"5";"0,37%";"0,58%";"1";"BERZANE";"Olivier";"M";"LDVG";"Pour Vivre Lyon 8 L'Union de la gauche et des écologistes avec Olivier Berzane";"Pour Vivre Lyon 8 L'Union de la gauche et des écologistes avec Olivier Berzane";"453";"33,88%";"53,42%";"";"27";"4";"VELON";"Barbara";"F";"LDVC";"Cœur Lyonnais";"Cœur Lyonnais";"326";"24,38%";"38,44%";"";"8";"6";"DUPALAIS";"Alexandre";"M";"LUXD";"Retrouver Lyon 8";"Retrouver Lyon 8";"69";"5,16%";"8,14%";"";"1";"";"";"";"";"";"";"";"";"";"";"";""
"69";"Rhône";"69123SR08";"Lyon 8eme secteur";"0815";"1258";"705";"56,04%";"553";"43,96%";"690";"54,85%";"97,87%";"7";"0,56%";"0,99%";"8";"0,64%";"1,13%";"1";"BERZANE";"Olivier";"M";"LDVG";"Pour Vivre Lyon 8 L'Union de la gauche et des écologistes avec Olivier Berzane";"Pour Vivre Lyon 8 L'Union de la gauche et des écologistes avec Olivier Berzane";"355";"28,22%";"51,45%";"";"27";"4";"VELON";"Barbara";"F";"LDVC";"Cœur Lyonnais";"Cœur Lyonnais";"274";"21,78%";"39,71%";"";"8";"6";"DUPALAIS";"Alexandre";"M";"LUXD";"Retrouver Lyon 8";"Retrouver Lyon 8";"61";"4,85%";"8,84%";"";"1";"";"";"";"";"";"";"";"";"";"";"";""
"69";"Rhône";"69123SR08";"Lyon 8eme secteur";"0816";"1014";"505";"49,80%";"509";"50,20%";"492";"48,52%";"97,43%";"7";"0,69%";"1,39%";"6";"0,59%";"1,19%";"1";"BERZANE";"Olivier";"M";"LDVG";"Pour Vivre Lyon 8 L'Union de la gauche et des écologistes avec Olivier Berzane";"Pour Vivre Lyon 8 L'Union de la gauche et des écologistes avec Olivier Berzane";"242";"23,87%";"49,19%";"";"27";"4";"VELON";"Barbara";"F";"LDVC";"Cœur Lyonnais";"Cœur Lyonnais";"203";"20,02%";"41,26%";"";"8";"6";"DUPALAIS";"Alexandre";"M";"LUXD";"Retrouver Lyon 8";"Retrouver Lyon 8";"47";"4,64%";"9,55%";"";"1";"";"";"";"";"";"";"";"";"";"";"";""
"69";"Rhône";"69123SR08";"Lyon 8eme secteur";"0817";"1082";"564";"52,13%";"518";"47,87%";"554";"51,20%";"98,23%";"7";"0,65%";"1,24%";"3";"0,28%";"0,53%";"1";"BERZANE";"Olivier";"M";"LDVG";"Pour Vivre Lyon 8 L'Union de la gauche et des écologistes avec Olivier Berzane";"Pour Vivre Lyon 8 L'Union de la gauche et des écologistes avec Olivier Berzane";"292";"26,99%";"52,71%";"";"27";"4";"VELON";"Barbara";"F";"LDVC";"Cœur Lyonnais";"Cœur Lyonnais";"212";"19,59%";"38,27%";"";"8";"6";"DUPALAIS";"Alexandre";"M";"LUXD";"Retrouver Lyon 8";"Retrouver Lyon 8";"50";"4,62%";"9,03%";"";"1";"";"";"";"";"";"";"";"";"";"";"";""
"69";"Rhône";"69123SR08";"Lyon 8eme secteur";"0818";"1144";"601";"52,53%";"543";"47,47%";"590";"51,57%";"98,17%";"10";"0,87%";"1,66%";"1";"0,09%";"0,17%";"1";"BERZANE";"Olivier";"M";"LDVG";"Pour Vivre Lyon 8 L'Union de la gauche et des écologistes avec Olivier Berzane";"Pour Vivre Lyon 8 L'Union de la gauche et des écologistes avec Olivier Berzane";"321";"28,06%";"54,41%";"";"27";"4";"VELON";"Barbara";"F";"LDVC";"Cœur Lyonnais";"Cœur Lyonnais";"215";"18,79%";"36,44%";"";"8";"6";"DUPALAIS";"Alexandre";"M";"LUXD";"Retrouver Lyon 8";"Retrouver Lyon 8";"54";"4,72%";"9,15%";"";"1";"";"";"";"";"";"";"";"";"";"";"";""
"69";"Rhône";"69123SR08";"Lyon 8eme secteur";"0819";"1283";"611";"47,62%";"672";"52,38%";"600";"46,77%";"98,20%";"5";"0,39%";"0,82%";"6";"0,47%";"0,98%";"1";"BERZANE";"Olivier";"M";"LDVG";"Pour Vivre Lyon 8 L'Union de la gauche et des écologistes avec Olivier Berzane";"Pour Vivre Lyon 8 L'Union de la gauche et des écologistes avec Olivier Berzane";"289";"22,53%";"48,17%";"";"27";"4";"VELON";"Barbara";"F";"LDVC";"Cœur Lyonnais";"Cœur Lyonnais";"274";"21,36%";"45,67%";"";"8";"6";"DUPALAIS";"Alexandre";"M";"LUXD";"Retrouver Lyon 8";"Retrouver Lyon 8";"37";"2,88%";"6,17%";"";"1";"";"";"";"";"";"";"";"";"";"";"";""
"69";"Rhône";"69123SR08";"Lyon 8eme secteur";"0820";"807";"338";"41,88%";"469";"58,12%";"334";"41,39%";"98,82%";"2";"0,25%";"0,59%";"2";"0,25%";"0,59%";"1";"BERZANE";"Olivier";"M";"LDVG";"Pour Vivre Lyon 8 L'Union de la gauche et des écologistes avec Olivier Berzane";"Pour Vivre Lyon 8 L'Union de la gauche et des écologistes avec Olivier Berzane";"172";"21,31%";"51,50%";"";"27";"4";"VELON";"Barbara";"F";"LDVC";"Cœur Lyonnais";"Cœur Lyonnais";"137";"16,98%";"41,02%";"";"8";"6";"DUPALAIS";"Alexandre";"M";"LUXD";"Retrouver Lyon 8";"Retrouver Lyon 8";"25";"3,10%";"7,49%";"";"1";"";"";"";"";"";"";"";"";"";"";"";""
"69";"Rhône";"69123SR08";"Lyon 8eme secteur";"0821";"799";"277";"34,67%";"522";"65,33%";"274";"34,29%";"98,92%";"1";"0,13%";"0,36%";"2";"0,25%";"0,72%";"1";"BERZANE";"Olivier";"M";"LDVG";"Pour Vivre Lyon 8 L'Union de la gauche et des écologistes avec Olivier Berzane";"Pour Vivre Lyon 8 L'Union de la gauche et des écologistes avec Olivier Berzane";"155";"19,40%";"56,57%";"";"27";"4";"VELON";"Barbara";"F";"LDVC";"Cœur Lyonnais";"Cœur Lyonnais";"109";"13,64%";"39,78%";"";"8";"6";"DUPALAIS";"Alexandre";"M";"LUXD";"Retrouver Lyon 8";"Retrouver Lyon 8";"10";"1,25%";"3,65%";"";"1";"";"";"";"";"";"";"";"";"";"";"";""
"69";"Rhône";"69123SR08";"Lyon 8eme secteur";"0822";"819";"432";"52,75%";"387";"47,25%";"429";"52,38%";"99,31%";"2";"0,24%";"0,46%";"1";"0,12%";"0,23%";"1";"BERZANE";"Olivier";"M";"LDVG";"Pour Vivre Lyon 8 L'Union de la gauche et des écologistes avec Olivier Berzane";"Pour Vivre Lyon 8 L'Union de la gauche et des écologistes avec Olivier Berzane";"139";"16,97%";"32,40%";"";"27";"4";"VELON";"Barbara";"F";"LDVC";"Cœur Lyonnais";"Cœur Lyonnais";"238";"29,06%";"55,48%";"";"8";"6";"DUPALAIS";"Alexandre";"M";"LUXD";"Retrouver Lyon 8";"Retrouver Lyon 8";"52";"6,35%";"12,12%";"";"1";"";"";"";"";"";"";"";"";"";"";"";""
"69";"Rhône";"69123SR08";"Lyon 8eme secteur";"0823";"882";"525";"59,52%";"357";"40,48%";"512";"58,05%";"97,52%";"5";"0,57%";"0,95%";"8";"0,91%";"1,52%";"1";"BERZANE";"Olivier";"M";"LDVG";"Pour Vivre Lyon 8 L'Union de la gauche et des écologistes avec Olivier Berzane";"Pour Vivre Lyon 8 L'Union de la gauche et des écologistes avec Olivier Berzane";"228";"25,85%";"44,53%";"";"27";"4";"VELON";"Barbara";"F";"LDVC";"Cœur Lyonnais";"Cœur Lyonnais";"239";"27,10%";"46,68%";"";"8";"6";"DUPALAIS";"Alexandre";"M";"LUXD";"Retrouver Lyon 8";"Retrouver Lyon 8";"45";"5,10%";"8,79%";"";"1";"";"";"";"";"";"";"";"";"";"";"";""
"69";"Rhône";"69123SR08";"Lyon 8eme secteur";"0824";"712";"443";"62,22%";"269";"37,78%";"436";"61,24%";"98,42%";"4";"0,56%";"0,90%";"3";"0,42%";"0,68%";"1";"BERZANE";"Olivier";"M";"LDVG";"Pour Vivre Lyon 8 L'Union de la gauche et des écologistes avec Olivier Berzane";"Pour Vivre Lyon 8 L'Union de la gauche et des écologistes avec Olivier Berzane";"164";"23,03%";"37,61%";"";"27";"4";"VELON";"Barbara";"F";"LDVC";"Cœur Lyonnais";"Cœur Lyonnais";"229";"32,16%";"52,52%";"";"8";"6";"DUPALAIS";"Alexandre";"M";"LUXD";"Retrouver Lyon 8";"Retrouver Lyon 8";"43";"6,04%";"9,86%";"";"1";"";"";"";"";"";"";"";"";"";"";"";""
"69";"Rhône";"69123SR08";"Lyon 8eme secteur";"0825";"861";"534";"62,02%";"327";"37,98%";"520";"60,39%";"97,38%";"10";"1,16%";"1,87%";"4";"0,46%";"0,75%";"1";"BERZANE";"Olivier";"M";"LDVG";"Pour Vivre Lyon 8 L'Union de la gauche et des écologistes avec Olivier Berzane";"Pour Vivre Lyon 8 L'Union de la gauche et des écologistes avec Olivier Berzane";"243";"28,22%";"46,73%";"";"27";"4";"VELON";"Barbara";"F";"LDVC";"Cœur Lyonnais";"Cœur Lyonnais";"217";"25,20%";"41,73%";"";"8";"6";"DUPALAIS";"Alexandre";"M";"LUXD";"Retrouver Lyon 8";"Retrouver Lyon 8";"60";"6,97%";"11,54%";"";"1";"";"";"";"";"";"";"";"";"";"";"";""
"69";"Rhône";"69123SR08";"Lyon 8eme secteur";"0826";"850";"299";"35,18%";"551";"64,82%";"294";"34,59%";"98,33%";"4";"0,47%";"1,34%";"1";"0,12%";"0,33%";"1";"BERZANE";"Olivier";"M";"LDVG";"Pour Vivre Lyon 8 L'Union de la gauche et des écologistes avec Olivier Berzane";"Pour Vivre Lyon 8 L'Union de la gauche et des écologistes avec Olivier Berzane";"152";"17,88%";"51,70%";"";"27";"4";"VELON";"Barbara";"F";"LDVC";"Cœur Lyonnais";"Cœur Lyonnais";"119";"14,00%";"40,48%";"";"8";"6";"DUPALAIS";"Alexandre";"M";"LUXD";"Retrouver Lyon 8";"Retrouver Lyon 8";"23";"2,71%";"7,82%";"";"1";"";"";"";"";"";"";"";"";"";"";"";""
"69";"Rhône";"69123SR08";"Lyon 8eme secteur";"0827";"939";"439";"46,75%";"500";"53,25%";"430";"45,79%";"97,95%";"2";"0,21%";"0,46%";"7";"0,75%";"1,59%";"1";"BERZANE";"Olivier";"M";"LDVG";"Pour Vivre Lyon 8 L'Union de la gauche et des écologistes avec Olivier Berzane";"Pour Vivre Lyon 8 L'Union de la gauche et des écologistes avec Olivier Berzane";"192";"20,45%";"44,65%";"";"27";"4";"VELON";"Barbara";"F";"LDVC";"Cœur Lyonnais";"Cœur Lyonnais";"199";"21,19%";"46,28%";"";"8";"6";"DUPALAIS";"Alexandre";"M";"LUXD";"Retrouver Lyon 8";"Retrouver Lyon 8";"39";"4,15%";"9,07%";"";"1";"";"";"";"";"";"";"";"";"";"";"";""
"69";"Rhône";"69123SR08";"Lyon 8eme secteur";"0828";"826";"275";"33,29%";"551";"66,71%";"270";"32,69%";"98,18%";"5";"0,61%";"1,82%";"0";"0,00%";"0,00%";"1";"BERZANE";"Olivier";"M";"LDVG";"Pour Vivre Lyon 8 L'Union de la gauche et des écologistes avec Olivier Berzane";"Pour Vivre Lyon 8 L'Union de la gauche et des écologistes avec Olivier Berzane";"100";"12,11%";"37,04%";"";"27";"4";"VELON";"Barbara";"F";"LDVC";"Cœur Lyonnais";"Cœur Lyonnais";"144";"17,43%";"53,33%";"";"8";"6";"DUPALAIS";"Alexandre";"M";"LUXD";"Retrouver Lyon 8";"Retrouver Lyon 8";"26";"3,15%";"9,63%";"";"1";"";"";"";"";"";"";"";"";"";"";"";""
"69";"Rhône";"69123SR08";"Lyon 8eme secteur";"0829";"959";"317";"33,06%";"642";"66,94%";"304";"31,70%";"95,90%";"2";"0,21%";"0,63%";"11";"1,15%";"3,47%";"1";"BERZANE";"Olivier";"M";"LDVG";"Pour Vivre Lyon 8 L'Union de la gauche et des écologistes avec Olivier Berzane";"Pour Vivre Lyon 8 L'Union de la gauche et des écologistes avec Olivier Berzane";"140";"14,60%";"46,05%";"";"27";"4";"VELON";"Barbara";"F";"LDVC";"Cœur Lyonnais";"Cœur Lyonnais";"127";"13,24%";"41,78%";"";"8";"6";"DUPALAIS";"Alexandre";"M";"LUXD";"Retrouver Lyon 8";"Retrouver Lyon 8";"37";"3,86%";"12,17%";"";"1";"";"";"";"";"";"";"";"";"";"";"";""
"69";"Rhône";"69123SR08";"Lyon 8eme secteur";"0830";"733";"290";"39,56%";"443";"60,44%";"282";"38,47%";"97,24%";"7";"0,95%";"2,41%";"1";"0,14%";"0,34%";"1";"BERZANE";"Olivier";"M";"LDVG";"Pour Vivre Lyon 8 L'Union de la gauche et des écologistes avec Olivier Berzane";"Pour Vivre Lyon 8 L'Union de la gauche et des écologistes avec Olivier Berzane";"85";"11,60%";"30,14%";"";"27";"4";"VELON";"Barbara";"F";"LDVC";"Cœur Lyonnais";"Cœur Lyonnais";"157";"21,42%";"55,67%";"";"8";"6";"DUPALAIS";"Alexandre";"M";"LUXD";"Retrouver Lyon 8";"Retrouver Lyon 8";"40";"5,46%";"14,18%";"";"1";"";"";"";"";"";"";"";"";"";"";"";""
"69";"Rhône";"69123SR08";"Lyon 8eme secteur";"0831";"1029";"561";"54,52%";"468";"45,48%";"544";"52,87%";"96,97%";"4";"0,39%";"0,71%";"13";"1,26%";"2,32%";"1";"BERZANE";"Olivier";"M";"LDVG";"Pour Vivre Lyon 8 L'Union de la gauche et des écologistes avec Olivier Berzane";"Pour Vivre Lyon 8 L'Union de la gauche et des écologistes avec Olivier Berzane";"265";"25,75%";"48,71%";"";"27";"4";"VELON";"Barbara";"F";"LDVC";"Cœur Lyonnais";"Cœur Lyonnais";"228";"22,16%";"41,91%";"";"8";"6";"DUPALAIS";"Alexandre";"M";"LUXD";"Retrouver Lyon 8";"Retrouver Lyon 8";"51";"4,96%";"9,38%";"";"1";"";"";"";"";"";"";"";"";"";"";"";""
"69";"Rhône";"69123SR08";"Lyon 8eme secteur";"0832";"713";"364";"51,05%";"349";"48,95%";"357";"50,07%";"98,08%";"1";"0,14%";"0,27%";"6";"0,84%";"1,65%";"1";"BERZANE";"Olivier";"M";"LDVG";"Pour Vivre Lyon 8 L'Union de la gauche et des écologistes avec Olivier Berzane";"Pour Vivre Lyon 8 L'Union de la gauche et des écologistes avec Olivier Berzane";"142";"19,92%";"39,78%";"";"27";"4";"VELON";"Barbara";"F";"LDVC";"Cœur Lyonnais";"Cœur Lyonnais";"178";"24,96%";"49,86%";"";"8";"6";"DUPALAIS";"Alexandre";"M";"LUXD";"Retrouver Lyon 8";"Retrouver Lyon 8";"37";"5,19%";"10,36%";"";"1";"";"";"";"";"";"";"";"";"";"";"";""
"69";"Rhône";"69123SR08";"Lyon 8eme secteur";"0833";"911";"476";"52,25%";"435";"47,75%";"461";"50,60%";"96,85%";"9";"0,99%";"1,89%";"6";"0,66%";"1,26%";"1";"BERZANE";"Olivier";"M";"LDVG";"Pour Vivre Lyon 8 L'Union de la gauche et des écologistes avec Olivier Berzane";"Pour Vivre Lyon 8 L'Union de la gauche et des écologistes avec Olivier Berzane";"237";"26,02%";"51,41%";"";"27";"4";"VELON";"Barbara";"F";"LDVC";"Cœur Lyonnais";"Cœur Lyonnais";"186";"20,42%";"40,35%";"";"8";"6";"DUPALAIS";"Alexandre";"M";"LUXD";"Retrouver Lyon 8";"Retrouver Lyon 8";"38";"4,17%";"8,24%";"";"1";"";"";"";"";"";"";"";"";"";"";"";""
"69";"Rhône";"69123SR08";"Lyon 8eme secteur";"0834";"1084";"618";"57,01%";"466";"42,99%";"608";"56,09%";"98,38%";"10";"0,92%";"1,62%";"0";"0,00%";"0,00%";"1";"BERZANE";"Olivier";"M";"LDVG";"Pour Vivre Lyon 8 L'Union de la gauche et des écologistes avec Olivier Berzane";"Pour Vivre Lyon 8 L'Union de la gauche et des écologistes avec Olivier Berzane";"326";"30,07%";"53,62%";"";"27";"4";"VELON";"Barbara";"F";"LDVC";"Cœur Lyonnais";"Cœur Lyonnais";"233";"21,49%";"38,32%";"";"8";"6";"DUPALAIS";"Alexandre";"M";"LUXD";"Retrouver Lyon 8";"Retrouver Lyon 8";"49";"4,52%";"8,06%";"";"1";"";"";"";"";"";"";"";"";"";"";"";""
"69";"Rhône";"69123SR08";"Lyon 8eme secteur";"0835";"1026";"524";"51,07%";"502";"48,93%";"515";"50,19%";"98,28%";"2";"0,19%";"0,38%";"7";"0,68%";"1,34%";"1";"BERZANE";"Olivier";"M";"LDVG";"Pour Vivre Lyon 8 L'Union de la gauche et des écologistes avec Olivier Berzane";"Pour Vivre Lyon 8 L'Union de la gauche et des écologistes avec Olivier Berzane";"259";"25,24%";"50,29%";"";"27";"4";"VELON";"Barbara";"F";"LDVC";"Cœur Lyonnais";"Cœur Lyonnais";"223";"21,73%";"43,30%";"";"8";"6";"DUPALAIS";"Alexandre";"M";"LUXD";"Retrouver Lyon 8";"Retrouver Lyon 8";"33";"3,22%";"6,41%";"";"1";"";"";"";"";"";"";"";"";"";"";"";""
"69";"Rhône";"69123SR08";"Lyon 8eme secteur";"0836";"917";"616";"67,18%";"301";"32,82%";"604";"65,87%";"98,05%";"9";"0,98%";"1,46%";"3";"0,33%";"0,49%";"1";"BERZANE";"Olivier";"M";"LDVG";"Pour Vivre Lyon 8 L'Union de la gauche et des écologistes avec Olivier Berzane";"Pour Vivre Lyon 8 L'Union de la gauche et des écologistes avec Olivier Berzane";"356";"38,82%";"58,94%";"";"27";"4";"VELON";"Barbara";"F";"LDVC";"Cœur Lyonnais";"Cœur Lyonnais";"213";"23,23%";"35,26%";"";"8";"6";"DUPALAIS";"Alexandre";"M";"LUXD";"Retrouver Lyon 8";"Retrouver Lyon 8";"35";"3,82%";"5,79%";"";"1";"";"";"";"";"";"";"";"";"";"";"";""
"69";"Rhône";"69123SR08";"Lyon 8eme secteur";"0837";"1129";"670";"59,34%";"459";"40,66%";"650";"57,57%";"97,01%";"16";"1,42%";"2,39%";"4";"0,35%";"0,60%";"1";"BERZANE";"Olivier";"M";"LDVG";"Pour Vivre Lyon 8 L'Union de la gauche et des écologistes avec Olivier Berzane";"Pour Vivre Lyon 8 L'Union de la gauche et des écologistes avec Olivier Berzane";"392";"34,72%";"60,31%";"";"27";"4";"VELON";"Barbara";"F";"LDVC";"Cœur Lyonnais";"Cœur Lyonnais";"217";"19,22%";"33,38%";"";"8";"6";"DUPALAIS";"Alexandre";"M";"LUXD";"Retrouver Lyon 8";"Retrouver Lyon 8";"41";"3,63%";"6,31%";"";"1";"";"";"";"";"";"";"";"";"";"";"";""
"69";"Rhône";"69123SR08";"Lyon 8eme secteur";"0838";"965";"559";"57,93%";"406";"42,07%";"552";"57,20%";"98,75%";"4";"0,41%";"0,72%";"3";"0,31%";"0,54%";"1";"BERZANE";"Olivier";"M";"LDVG";"Pour Vivre Lyon 8 L'Union de la gauche et des écologistes avec Olivier Berzane";"Pour Vivre Lyon 8 L'Union de la gauche et des écologistes avec Olivier Berzane";"311";"32,23%";"56,34%";"";"27";"4";"VELON";"Barbara";"F";"LDVC";"Cœur Lyonnais";"Cœur Lyonnais";"204";"21,14%";"36,96%";"";"8";"6";"DUPALAIS";"Alexandre";"M";"LUXD";"Retrouver Lyon 8";"Retrouver Lyon 8";"37";"3,83%";"6,70%";"";"1";"";"";"";"";"";"";"";"";"";"";"";""
"69";"Rhône";"69123SR08";"Lyon 8eme secteur";"0839";"686";"368";"53,64%";"318";"46,36%";"362";"52,77%";"98,37%";"2";"0,29%";"0,54%";"4";"0,58%";"1,09%";"1";"BERZANE";"Olivier";"M";"LDVG";"Pour Vivre Lyon 8 L'Union de la gauche et des écologistes avec Olivier Berzane";"Pour Vivre Lyon 8 L'Union de la gauche et des écologistes avec Olivier Berzane";"171";"24,93%";"47,24%";"";"27";"4";"VELON";"Barbara";"F";"LDVC";"Cœur Lyonnais";"Cœur Lyonnais";"153";"22,30%";"42,27%";"";"8";"6";"DUPALAIS";"Alexandre";"M";"LUXD";"Retrouver Lyon 8";"Retrouver Lyon 8";"38";"5,54%";"10,50%";"";"1";"";"";"";"";"";"";"";"";"";"";"";""
"69";"Rhône";"69123SR08";"Lyon 8eme secteur";"0840";"767";"385";"50,20%";"382";"49,80%";"377";"49,15%";"97,92%";"4";"0,52%";"1,04%";"4";"0,52%";"1,04%";"1";"BERZANE";"Olivier";"M";"LDVG";"Pour Vivre Lyon 8 L'Union de la gauche et des écologistes avec Olivier Berzane";"Pour Vivre Lyon 8 L'Union de la gauche et des écologistes avec Olivier Berzane";"191";"24,90%";"50,66%";"";"27";"4";"VELON";"Barbara";"F";"LDVC";"Cœur Lyonnais";"Cœur Lyonnais";"149";"19,43%";"39,52%";"";"8";"6";"DUPALAIS";"Alexandre";"M";"LUXD";"Retrouver Lyon 8";"Retrouver Lyon 8";"37";"4,82%";"9,81%";"";"1";"";"";"";"";"";"";"";"";"";"";"";""
"69";"Rhône";"69123SR08";"Lyon 8eme secteur";"0841";"1005";"615";"61,19%";"390";"38,81%";"603";"60,00%";"98,05%";"8";"0,80%";"1,30%";"4";"0,40%";"0,65%";"1";"BERZANE";"Olivier";"M";"LDVG";"Pour Vivre Lyon 8 L'Union de la gauche et des écologistes avec Olivier Berzane";"Pour Vivre Lyon 8 L'Union de la gauche et des écologistes avec Olivier Berzane";"335";"33,33%";"55,56%";"";"27";"4";"VELON";"Barbara";"F";"LDVC";"Cœur Lyonnais";"Cœur Lyonnais";"214";"21,29%";"35,49%";"";"8";"6";"DUPALAIS";"Alexandre";"M";"LUXD";"Retrouver Lyon 8";"Retrouver Lyon 8";"54";"5,37%";"8,96%";"";"1";"";"";"";"";"";"";"";"";"";"";"";""
"69";"Rhône";"69123SR08";"Lyon 8eme secteur";"0842";"905";"463";"51,16%";"442";"48,84%";"459";"50,72%";"99,14%";"1";"0,11%";"0,22%";"3";"0,33%";"0,65%";"1";"BERZANE";"Olivier";"M";"LDVG";"Pour Vivre Lyon 8 L'Union de la gauche et des écologistes avec Olivier Berzane";"Pour Vivre Lyon 8 L'Union de la gauche et des écologistes avec Olivier Berzane";"199";"21,99%";"43,36%";"";"27";"4";"VELON";"Barbara";"F";"LDVC";"Cœur Lyonnais";"Cœur Lyonnais";"212";"23,43%";"46,19%";"";"8";"6";"DUPALAIS";"Alexandre";"M";"LUXD";"Retrouver Lyon 8";"Retrouver Lyon 8";"48";"5,30%";"10,46%";"";"1";"";"";"";"";"";"";"";"";"";"";"";""
"69";"Rhône";"69123SR08";"Lyon 8eme secteur";"0843";"1124";"483";"42,97%";"641";"57,03%";"473";"42,08%";"97,93%";"6";"0,53%";"1,24%";"4";"0,36%";"0,83%";"1";"BERZANE";"Olivier";"M";"LDVG";"Pour Vivre Lyon 8 L'Union de la gauche et des écologistes avec Olivier Berzane";"Pour Vivre Lyon 8 L'Union de la gauche et des écologistes avec Olivier Berzane";"227";"20,20%";"47,99%";"";"27";"4";"VELON";"Barbara";"F";"LDVC";"Cœur Lyonnais";"Cœur Lyonnais";"202";"17,97%";"42,71%";"";"8";"6";"DUPALAIS";"Alexandre";"M";"LUXD";"Retrouver Lyon 8";"Retrouver Lyon 8";"44";"3,91%";"9,30%";"";"1";"";"";"";"";"";"";"";"";"";"";"";""
"69";"Rhône";"69123SR08";"Lyon 8eme secteur";"0844";"677";"377";"55,69%";"300";"44,31%";"367";"54,21%";"97,35%";"5";"0,74%";"1,33%";"5";"0,74%";"1,33%";"1";"BERZANE";"Olivier";"M";"LDVG";"Pour Vivre Lyon 8 L'Union de la gauche et des écologistes avec Olivier Berzane";"Pour Vivre Lyon 8 L'Union de la gauche et des écologistes avec Olivier Berzane";"180";"26,59%";"49,05%";"";"27";"4";"VELON";"Barbara";"F";"LDVC";"Cœur Lyonnais";"Cœur Lyonnais";"158";"23,34%";"43,05%";"";"8";"6";"DUPALAIS";"Alexandre";"M";"LUXD";"Retrouver Lyon 8";"Retrouver Lyon 8";"29";"4,28%";"7,90%";"";"1";"";"";"";"";"";"";"";"";"";"";"";""
"69";"Rhône";"69123SR08";"Lyon 8eme secteur";"0845";"654";"424";"64,83%";"230";"35,17%";"417";"63,76%";"98,35%";"7";"1,07%";"1,65%";"0";"0,00%";"0,00%";"1";"BERZANE";"Olivier";"M";"LDVG";"Pour Vivre Lyon 8 L'Union de la gauche et des écologistes avec Olivier Berzane";"Pour Vivre Lyon 8 L'Union de la gauche et des écologistes avec Olivier Berzane";"224";"34,25%";"53,72%";"";"27";"4";"VELON";"Barbara";"F";"LDVC";"Cœur Lyonnais";"Cœur Lyonnais";"159";"24,31%";"38,13%";"";"8";"6";"DUPALAIS";"Alexandre";"M";"LUXD";"Retrouver Lyon 8";"Retrouver Lyon 8";"34";"5,20%";"8,15%";"";"1";"";"";"";"";"";"";"";"";"";"";"";""
"69";"Rhône";"69123SR08";"Lyon 8eme secteur";"0846";"685";"437";"63,80%";"248";"36,20%";"426";"62,19%";"97,48%";"3";"0,44%";"0,69%";"8";"1,17%";"1,83%";"1";"BERZANE";"Olivier";"M";"LDVG";"Pour Vivre Lyon 8 L'Union de la gauche et des écologistes avec Olivier Berzane";"Pour Vivre Lyon 8 L'Union de la gauche et des écologistes avec Olivier Berzane";"252";"36,79%";"59,15%";"";"27";"4";"VELON";"Barbara";"F";"LDVC";"Cœur Lyonnais";"Cœur Lyonnais";"154";"22,48%";"36,15%";"";"8";"6";"DUPALAIS";"Alexandre";"M";"LUXD";"Retrouver Lyon 8";"Retrouver Lyon 8";"20";"2,92%";"4,69%";"";"1";"";"";"";"";"";"";"";"";"";"";"";""
"69";"Rhône";"69123SR08";"Lyon 8eme secteur";"0847";"666";"372";"55,86%";"294";"44,14%";"369";"55,41%";"99,19%";"2";"0,30%";"0,54%";"1";"0,15%";"0,27%";"1";"BERZANE";"Olivier";"M";"LDVG";"Pour Vivre Lyon 8 L'Union de la gauche et des écologistes avec Olivier Berzane";"Pour Vivre Lyon 8 L'Union de la gauche et des écologistes avec Olivier Berzane";"209";"31,38%";"56,64%";"";"27";"4";"VELON";"Barbara";"F";"LDVC";"Cœur Lyonnais";"Cœur Lyonnais";"133";"19,97%";"36,04%";"";"8";"6";"DUPALAIS";"Alexandre";"M";"LUXD";"Retrouver Lyon 8";"Retrouver Lyon 8";"27";"4,05%";"7,32%";"";"1";"";"";"";"";"";"";"";"";"";"";"";""
"69";"Rhône";"69123SR09";"Lyon 9eme secteur";"0901";"1292";"762";"58,98%";"530";"41,02%";"746";"57,74%";"97,90%";"13";"1,01%";"1,71%";"3";"0,23%";"0,39%";"1";"PATARD";"Florian";"M";"LRN";"RETROUVER LYON 9";"RETROUVER LYON 9";"45";"3,48%";"6,03%";"";"0";"2";"KHALLOUK";"Laïla";"F";"LDVC";"Coeur lyonnais";"Coeur lyonnais";"244";"18,89%";"32,71%";"";"5";"3";"GIRAUD";"Emmanuel";"M";"LDVG";"Pour vivre Lyon 9ème, l'union de la Gauche et des Ecologistes avec Emmanuel Giraud";"Pour vivre Lyon 9ème, l'union de la Gauche et des Ecologistes avec Emmanuel Giraud";"457";"35,37%";"61,26%";"";"18";"";"";"";"";"";"";"";"";"";"";"";""
"69";"Rhône";"69123SR09";"Lyon 9eme secteur";"0902";"962";"604";"62,79%";"358";"37,21%";"594";"61,75%";"98,34%";"6";"0,62%";"0,99%";"4";"0,42%";"0,66%";"1";"PATARD";"Florian";"M";"LRN";"RETROUVER LYON 9";"RETROUVER LYON 9";"33";"3,43%";"5,56%";"";"0";"2";"KHALLOUK";"Laïla";"F";"LDVC";"Coeur lyonnais";"Coeur lyonnais";"202";"21,00%";"34,01%";"";"5";"3";"GIRAUD";"Emmanuel";"M";"LDVG";"Pour vivre Lyon 9ème, l'union de la Gauche et des Ecologistes avec Emmanuel Giraud";"Pour vivre Lyon 9ème, l'union de la Gauche et des Ecologistes avec Emmanuel Giraud";"359";"37,32%";"60,44%";"";"18";"";"";"";"";"";"";"";"";"";"";"";""
"69";"Rhône";"69123SR09";"Lyon 9eme secteur";"0903";"1338";"826";"61,73%";"512";"38,27%";"811";"60,61%";"98,18%";"11";"0,82%";"1,33%";"4";"0,30%";"0,48%";"1";"PATARD";"Florian";"M";"LRN";"RETROUVER LYON 9";"RETROUVER LYON 9";"44";"3,29%";"5,43%";"";"0";"2";"KHALLOUK";"Laïla";"F";"LDVC";"Coeur lyonnais";"Coeur lyonnais";"243";"18,16%";"29,96%";"";"5";"3";"GIRAUD";"Emmanuel";"M";"LDVG";"Pour vivre Lyon 9ème, l'union de la Gauche et des Ecologistes avec Emmanuel Giraud";"Pour vivre Lyon 9ème, l'union de la Gauche et des Ecologistes avec Emmanuel Giraud";"524";"39,16%";"64,61%";"";"18";"";"";"";"";"";"";"";"";"";"";"";""
"69";"Rhône";"69123SR09";"Lyon 9eme secteur";"0904";"1113";"708";"63,61%";"405";"36,39%";"698";"62,71%";"98,59%";"4";"0,36%";"0,56%";"6";"0,54%";"0,85%";"1";"PATARD";"Florian";"M";"LRN";"RETROUVER LYON 9";"RETROUVER LYON 9";"32";"2,88%";"4,58%";"";"0";"2";"KHALLOUK";"Laïla";"F";"LDVC";"Coeur lyonnais";"Coeur lyonnais";"214";"19,23%";"30,66%";"";"5";"3";"GIRAUD";"Emmanuel";"M";"LDVG";"Pour vivre Lyon 9ème, l'union de la Gauche et des Ecologistes avec Emmanuel Giraud";"Pour vivre Lyon 9ème, l'union de la Gauche et des Ecologistes avec Emmanuel Giraud";"452";"40,61%";"64,76%";"";"18";"";"";"";"";"";"";"";"";"";"";"";""
"69";"Rhône";"69123SR09";"Lyon 9eme secteur";"0905";"1007";"666";"66,14%";"341";"33,86%";"657";"65,24%";"98,65%";"5";"0,50%";"0,75%";"4";"0,40%";"0,60%";"1";"PATARD";"Florian";"M";"LRN";"RETROUVER LYON 9";"RETROUVER LYON 9";"31";"3,08%";"4,72%";"";"0";"2";"KHALLOUK";"Laïla";"F";"LDVC";"Coeur lyonnais";"Coeur lyonnais";"201";"19,96%";"30,59%";"";"5";"3";"GIRAUD";"Emmanuel";"M";"LDVG";"Pour vivre Lyon 9ème, l'union de la Gauche et des Ecologistes avec Emmanuel Giraud";"Pour vivre Lyon 9ème, l'union de la Gauche et des Ecologistes avec Emmanuel Giraud";"425";"42,20%";"64,69%";"";"18";"";"";"";"";"";"";"";"";"";"";"";""
"69";"Rhône";"69123SR09";"Lyon 9eme secteur";"0906";"1044";"553";"52,97%";"491";"47,03%";"545";"52,20%";"98,55%";"3";"0,29%";"0,54%";"5";"0,48%";"0,90%";"1";"PATARD";"Florian";"M";"LRN";"RETROUVER LYON 9";"RETROUVER LYON 9";"45";"4,31%";"8,26%";"";"0";"2";"KHALLOUK";"Laïla";"F";"LDVC";"Coeur lyonnais";"Coeur lyonnais";"231";"22,13%";"42,39%";"";"5";"3";"GIRAUD";"Emmanuel";"M";"LDVG";"Pour vivre Lyon 9ème, l'union de la Gauche et des Ecologistes avec Emmanuel Giraud";"Pour vivre Lyon 9ème, l'union de la Gauche et des Ecologistes avec Emmanuel Giraud";"269";"25,77%";"49,36%";"";"18";"";"";"";"";"";"";"";"";"";"";"";""
"69";"Rhône";"69123SR09";"Lyon 9eme secteur";"0907";"936";"587";"62,71%";"349";"37,29%";"570";"60,90%";"97,10%";"9";"0,96%";"1,53%";"8";"0,85%";"1,36%";"1";"PATARD";"Florian";"M";"LRN";"RETROUVER LYON 9";"RETROUVER LYON 9";"30";"3,21%";"5,26%";"";"0";"2";"KHALLOUK";"Laïla";"F";"LDVC";"Coeur lyonnais";"Coeur lyonnais";"281";"30,02%";"49,30%";"";"5";"3";"GIRAUD";"Emmanuel";"M";"LDVG";"Pour vivre Lyon 9ème, l'union de la Gauche et des Ecologistes avec Emmanuel Giraud";"Pour vivre Lyon 9ème, l'union de la Gauche et des Ecologistes avec Emmanuel Giraud";"259";"27,67%";"45,44%";"";"18";"";"";"";"";"";"";"";"";"";"";"";""
"69";"Rhône";"69123SR09";"Lyon 9eme secteur";"0908";"844";"413";"48,93%";"431";"51,07%";"401";"47,51%";"97,09%";"5";"0,59%";"1,21%";"7";"0,83%";"1,69%";"1";"PATARD";"Florian";"M";"LRN";"RETROUVER LYON 9";"RETROUVER LYON 9";"38";"4,50%";"9,48%";"";"0";"2";"KHALLOUK";"Laïla";"F";"LDVC";"Coeur lyonnais";"Coeur lyonnais";"188";"22,27%";"46,88%";"";"5";"3";"GIRAUD";"Emmanuel";"M";"LDVG";"Pour vivre Lyon 9ème, l'union de la Gauche et des Ecologistes avec Emmanuel Giraud";"Pour vivre Lyon 9ème, l'union de la Gauche et des Ecologistes avec Emmanuel Giraud";"175";"20,73%";"43,64%";"";"18";"";"";"";"";"";"";"";"";"";"";"";""
"69";"Rhône";"69123SR09";"Lyon 9eme secteur";"0909";"870";"566";"65,06%";"304";"34,94%";"555";"63,79%";"98,06%";"9";"1,03%";"1,59%";"2";"0,23%";"0,35%";"1";"PATARD";"Florian";"M";"LRN";"RETROUVER LYON 9";"RETROUVER LYON 9";"62";"7,13%";"11,17%";"";"0";"2";"KHALLOUK";"Laïla";"F";"LDVC";"Coeur lyonnais";"Coeur lyonnais";"293";"33,68%";"52,79%";"";"5";"3";"GIRAUD";"Emmanuel";"M";"LDVG";"Pour vivre Lyon 9ème, l'union de la Gauche et des Ecologistes avec Emmanuel Giraud";"Pour vivre Lyon 9ème, l'union de la Gauche et des Ecologistes avec Emmanuel Giraud";"200";"22,99%";"36,04%";"";"18";"";"";"";"";"";"";"";"";"";"";"";""
"69";"Rhône";"69123SR09";"Lyon 9eme secteur";"0910";"725";"495";"68,28%";"230";"31,72%";"483";"66,62%";"97,58%";"7";"0,97%";"1,41%";"5";"0,69%";"1,01%";"1";"PATARD";"Florian";"M";"LRN";"RETROUVER LYON 9";"RETROUVER LYON 9";"41";"5,66%";"8,49%";"";"0";"2";"KHALLOUK";"Laïla";"F";"LDVC";"Coeur lyonnais";"Coeur lyonnais";"245";"33,79%";"50,72%";"";"5";"3";"GIRAUD";"Emmanuel";"M";"LDVG";"Pour vivre Lyon 9ème, l'union de la Gauche et des Ecologistes avec Emmanuel Giraud";"Pour vivre Lyon 9ème, l'union de la Gauche et des Ecologistes avec Emmanuel Giraud";"197";"27,17%";"40,79%";"";"18";"";"";"";"";"";"";"";"";"";"";"";""
"69";"Rhône";"69123SR09";"Lyon 9eme secteur";"0911";"838";"590";"70,41%";"248";"29,59%";"582";"69,45%";"98,64%";"7";"0,84%";"1,19%";"1";"0,12%";"0,17%";"1";"PATARD";"Florian";"M";"LRN";"RETROUVER LYON 9";"RETROUVER LYON 9";"22";"2,63%";"3,78%";"";"0";"2";"KHALLOUK";"Laïla";"F";"LDVC";"Coeur lyonnais";"Coeur lyonnais";"242";"28,88%";"41,58%";"";"5";"3";"GIRAUD";"Emmanuel";"M";"LDVG";"Pour vivre Lyon 9ème, l'union de la Gauche et des Ecologistes avec Emmanuel Giraud";"Pour vivre Lyon 9ème, l'union de la Gauche et des Ecologistes avec Emmanuel Giraud";"318";"37,95%";"54,64%";"";"18";"";"";"";"";"";"";"";"";"";"";"";""
"69";"Rhône";"69123SR09";"Lyon 9eme secteur";"0912";"928";"587";"63,25%";"341";"36,75%";"576";"62,07%";"98,13%";"4";"0,43%";"0,68%";"7";"0,75%";"1,19%";"1";"PATARD";"Florian";"M";"LRN";"RETROUVER LYON 9";"RETROUVER LYON 9";"36";"3,88%";"6,25%";"";"0";"2";"KHALLOUK";"Laïla";"F";"LDVC";"Coeur lyonnais";"Coeur lyonnais";"199";"21,44%";"34,55%";"";"5";"3";"GIRAUD";"Emmanuel";"M";"LDVG";"Pour vivre Lyon 9ème, l'union de la Gauche et des Ecologistes avec Emmanuel Giraud";"Pour vivre Lyon 9ème, l'union de la Gauche et des Ecologistes avec Emmanuel Giraud";"341";"36,75%";"59,20%";"";"18";"";"";"";"";"";"";"";"";"";"";"";""
"69";"Rhône";"69123SR09";"Lyon 9eme secteur";"0913";"1141";"768";"67,31%";"373";"32,69%";"759";"66,52%";"98,83%";"3";"0,26%";"0,39%";"6";"0,53%";"0,78%";"1";"PATARD";"Florian";"M";"LRN";"RETROUVER LYON 9";"RETROUVER LYON 9";"47";"4,12%";"6,19%";"";"0";"2";"KHALLOUK";"Laïla";"F";"LDVC";"Coeur lyonnais";"Coeur lyonnais";"229";"20,07%";"30,17%";"";"5";"3";"GIRAUD";"Emmanuel";"M";"LDVG";"Pour vivre Lyon 9ème, l'union de la Gauche et des Ecologistes avec Emmanuel Giraud";"Pour vivre Lyon 9ème, l'union de la Gauche et des Ecologistes avec Emmanuel Giraud";"483";"42,33%";"63,64%";"";"18";"";"";"";"";"";"";"";"";"";"";"";""
"69";"Rhône";"69123SR09";"Lyon 9eme secteur";"0914";"957";"627";"65,52%";"330";"34,48%";"613";"64,05%";"97,77%";"12";"1,25%";"1,91%";"2";"0,21%";"0,32%";"1";"PATARD";"Florian";"M";"LRN";"RETROUVER LYON 9";"RETROUVER LYON 9";"35";"3,66%";"5,71%";"";"0";"2";"KHALLOUK";"Laïla";"F";"LDVC";"Coeur lyonnais";"Coeur lyonnais";"206";"21,53%";"33,61%";"";"5";"3";"GIRAUD";"Emmanuel";"M";"LDVG";"Pour vivre Lyon 9ème, l'union de la Gauche et des Ecologistes avec Emmanuel Giraud";"Pour vivre Lyon 9ème, l'union de la Gauche et des Ecologistes avec Emmanuel Giraud";"372";"38,87%";"60,69%";"";"18";"";"";"";"";"";"";"";"";"";"";"";""
"69";"Rhône";"69123SR09";"Lyon 9eme secteur";"0915";"1120";"624";"55,71%";"496";"44,29%";"613";"54,73%";"98,24%";"6";"0,54%";"0,96%";"5";"0,45%";"0,80%";"1";"PATARD";"Florian";"M";"LRN";"RETROUVER LYON 9";"RETROUVER LYON 9";"32";"2,86%";"5,22%";"";"0";"2";"KHALLOUK";"Laïla";"F";"LDVC";"Coeur lyonnais";"Coeur lyonnais";"193";"17,23%";"31,48%";"";"5";"3";"GIRAUD";"Emmanuel";"M";"LDVG";"Pour vivre Lyon 9ème, l'union de la Gauche et des Ecologistes avec Emmanuel Giraud";"Pour vivre Lyon 9ème, l'union de la Gauche et des Ecologistes avec Emmanuel Giraud";"388";"34,64%";"63,30%";"";"18";"";"";"";"";"";"";"";"";"";"";"";""
"69";"Rhône";"69123SR09";"Lyon 9eme secteur";"0916";"1144";"785";"68,62%";"359";"31,38%";"776";"67,83%";"98,85%";"4";"0,35%";"0,51%";"5";"0,44%";"0,64%";"1";"PATARD";"Florian";"M";"LRN";"RETROUVER LYON 9";"RETROUVER LYON 9";"57";"4,98%";"7,35%";"";"0";"2";"KHALLOUK";"Laïla";"F";"LDVC";"Coeur lyonnais";"Coeur lyonnais";"294";"25,70%";"37,89%";"";"5";"3";"GIRAUD";"Emmanuel";"M";"LDVG";"Pour vivre Lyon 9ème, l'union de la Gauche et des Ecologistes avec Emmanuel Giraud";"Pour vivre Lyon 9ème, l'union de la Gauche et des Ecologistes avec Emmanuel Giraud";"425";"37,15%";"54,77%";"";"18";"";"";"";"";"";"";"";"";"";"";"";""
"69";"Rhône";"69123SR09";"Lyon 9eme secteur";"0917";"1140";"618";"54,21%";"522";"45,79%";"604";"52,98%";"97,73%";"11";"0,96%";"1,78%";"3";"0,26%";"0,49%";"1";"PATARD";"Florian";"M";"LRN";"RETROUVER LYON 9";"RETROUVER LYON 9";"48";"4,21%";"7,95%";"";"0";"2";"KHALLOUK";"Laïla";"F";"LDVC";"Coeur lyonnais";"Coeur lyonnais";"257";"22,54%";"42,55%";"";"5";"3";"GIRAUD";"Emmanuel";"M";"LDVG";"Pour vivre Lyon 9ème, l'union de la Gauche et des Ecologistes avec Emmanuel Giraud";"Pour vivre Lyon 9ème, l'union de la Gauche et des Ecologistes avec Emmanuel Giraud";"299";"26,23%";"49,50%";"";"18";"";"";"";"";"";"";"";"";"";"";"";""
"69";"Rhône";"69123SR09";"Lyon 9eme secteur";"0918";"857";"358";"41,77%";"499";"58,23%";"350";"40,84%";"97,77%";"4";"0,47%";"1,12%";"4";"0,47%";"1,12%";"1";"PATARD";"Florian";"M";"LRN";"RETROUVER LYON 9";"RETROUVER LYON 9";"31";"3,62%";"8,86%";"";"0";"2";"KHALLOUK";"Laïla";"F";"LDVC";"Coeur lyonnais";"Coeur lyonnais";"141";"16,45%";"40,29%";"";"5";"3";"GIRAUD";"Emmanuel";"M";"LDVG";"Pour vivre Lyon 9ème, l'union de la Gauche et des Ecologistes avec Emmanuel Giraud";"Pour vivre Lyon 9ème, l'union de la Gauche et des Ecologistes avec Emmanuel Giraud";"178";"20,77%";"50,86%";"";"18";"";"";"";"";"";"";"";"";"";"";"";""
"69";"Rhône";"69123SR09";"Lyon 9eme secteur";"0919";"871";"429";"49,25%";"442";"50,75%";"419";"48,11%";"97,67%";"8";"0,92%";"1,86%";"2";"0,23%";"0,47%";"1";"PATARD";"Florian";"M";"LRN";"RETROUVER LYON 9";"RETROUVER LYON 9";"26";"2,99%";"6,21%";"";"0";"2";"KHALLOUK";"Laïla";"F";"LDVC";"Coeur lyonnais";"Coeur lyonnais";"182";"20,90%";"43,44%";"";"5";"3";"GIRAUD";"Emmanuel";"M";"LDVG";"Pour vivre Lyon 9ème, l'union de la Gauche et des Ecologistes avec Emmanuel Giraud";"Pour vivre Lyon 9ème, l'union de la Gauche et des Ecologistes avec Emmanuel Giraud";"211";"24,23%";"50,36%";"";"18";"";"";"";"";"";"";"";"";"";"";"";""
"69";"Rhône";"69123SR09";"Lyon 9eme secteur";"0920";"850";"369";"43,41%";"481";"56,59%";"358";"42,12%";"97,02%";"6";"0,71%";"1,63%";"5";"0,59%";"1,36%";"1";"PATARD";"Florian";"M";"LRN";"RETROUVER LYON 9";"RETROUVER LYON 9";"22";"2,59%";"6,15%";"";"0";"2";"KHALLOUK";"Laïla";"F";"LDVC";"Coeur lyonnais";"Coeur lyonnais";"167";"19,65%";"46,65%";"";"5";"3";"GIRAUD";"Emmanuel";"M";"LDVG";"Pour vivre Lyon 9ème, l'union de la Gauche et des Ecologistes avec Emmanuel Giraud";"Pour vivre Lyon 9ème, l'union de la Gauche et des Ecologistes avec Emmanuel Giraud";"169";"19,88%";"47,21%";"";"18";"";"";"";"";"";"";"";"";"";"";"";""
"69";"Rhône";"69123SR09";"Lyon 9eme secteur";"0921";"962";"317";"32,95%";"645";"67,05%";"309";"32,12%";"97,48%";"4";"0,42%";"1,26%";"4";"0,42%";"1,26%";"1";"PATARD";"Florian";"M";"LRN";"RETROUVER LYON 9";"RETROUVER LYON 9";"26";"2,70%";"8,41%";"";"0";"2";"KHALLOUK";"Laïla";"F";"LDVC";"Coeur lyonnais";"Coeur lyonnais";"151";"15,70%";"48,87%";"";"5";"3";"GIRAUD";"Emmanuel";"M";"LDVG";"Pour vivre Lyon 9ème, l'union de la Gauche et des Ecologistes avec Emmanuel Giraud";"Pour vivre Lyon 9ème, l'union de la Gauche et des Ecologistes avec Emmanuel Giraud";"132";"13,72%";"42,72%";"";"18";"";"";"";"";"";"";"";"";"";"";"";""
"69";"Rhône";"69123SR09";"Lyon 9eme secteur";"0922";"676";"306";"45,27%";"370";"54,73%";"299";"44,23%";"97,71%";"3";"0,44%";"0,98%";"4";"0,59%";"1,31%";"1";"PATARD";"Florian";"M";"LRN";"RETROUVER LYON 9";"RETROUVER LYON 9";"55";"8,14%";"18,39%";"";"0";"2";"KHALLOUK";"Laïla";"F";"LDVC";"Coeur lyonnais";"Coeur lyonnais";"148";"21,89%";"49,50%";"";"5";"3";"GIRAUD";"Emmanuel";"M";"LDVG";"Pour vivre Lyon 9ème, l'union de la Gauche et des Ecologistes avec Emmanuel Giraud";"Pour vivre Lyon 9ème, l'union de la Gauche et des Ecologistes avec Emmanuel Giraud";"96";"14,20%";"32,11%";"";"18";"";"";"";"";"";"";"";"";"";"";"";""
"69";"Rhône";"69123SR09";"Lyon 9eme secteur";"0923";"881";"424";"48,13%";"457";"51,87%";"411";"46,65%";"96,93%";"6";"0,68%";"1,42%";"7";"0,79%";"1,65%";"1";"PATARD";"Florian";"M";"LRN";"RETROUVER LYON 9";"RETROUVER LYON 9";"48";"5,45%";"11,68%";"";"0";"2";"KHALLOUK";"Laïla";"F";"LDVC";"Coeur lyonnais";"Coeur lyonnais";"196";"22,25%";"47,69%";"";"5";"3";"GIRAUD";"Emmanuel";"M";"LDVG";"Pour vivre Lyon 9ème, l'union de la Gauche et des Ecologistes avec Emmanuel Giraud";"Pour vivre Lyon 9ème, l'union de la Gauche et des Ecologistes avec Emmanuel Giraud";"167";"18,96%";"40,63%";"";"18";"";"";"";"";"";"";"";"";"";"";"";""
"69";"Rhône";"69123SR09";"Lyon 9eme secteur";"0924";"935";"533";"57,01%";"402";"42,99%";"528";"56,47%";"99,06%";"2";"0,21%";"0,38%";"3";"0,32%";"0,56%";"1";"PATARD";"Florian";"M";"LRN";"RETROUVER LYON 9";"RETROUVER LYON 9";"42";"4,49%";"7,95%";"";"0";"2";"KHALLOUK";"Laïla";"F";"LDVC";"Coeur lyonnais";"Coeur lyonnais";"260";"27,81%";"49,24%";"";"5";"3";"GIRAUD";"Emmanuel";"M";"LDVG";"Pour vivre Lyon 9ème, l'union de la Gauche et des Ecologistes avec Emmanuel Giraud";"Pour vivre Lyon 9ème, l'union de la Gauche et des Ecologistes avec Emmanuel Giraud";"226";"24,17%";"42,80%";"";"18";"";"";"";"";"";"";"";"";"";"";"";""
"69";"Rhône";"69123SR09";"Lyon 9eme secteur";"0925";"1206";"669";"55,47%";"537";"44,53%";"658";"54,56%";"98,36%";"7";"0,58%";"1,05%";"4";"0,33%";"0,60%";"1";"PATARD";"Florian";"M";"LRN";"RETROUVER LYON 9";"RETROUVER LYON 9";"53";"4,39%";"8,05%";"";"0";"2";"KHALLOUK";"Laïla";"F";"LDVC";"Coeur lyonnais";"Coeur lyonnais";"291";"24,13%";"44,22%";"";"5";"3";"GIRAUD";"Emmanuel";"M";"LDVG";"Pour vivre Lyon 9ème, l'union de la Gauche et des Ecologistes avec Emmanuel Giraud";"Pour vivre Lyon 9ème, l'union de la Gauche et des Ecologistes avec Emmanuel Giraud";"314";"26,04%";"47,72%";"";"18";"";"";"";"";"";"";"";"";"";"";"";""
"69";"Rhône";"69123SR09";"Lyon 9eme secteur";"0926";"985";"671";"68,12%";"314";"31,88%";"661";"67,11%";"98,51%";"8";"0,81%";"1,19%";"2";"0,20%";"0,30%";"1";"PATARD";"Florian";"M";"LRN";"RETROUVER LYON 9";"RETROUVER LYON 9";"31";"3,15%";"4,69%";"";"0";"2";"KHALLOUK";"Laïla";"F";"LDVC";"Coeur lyonnais";"Coeur lyonnais";"313";"31,78%";"47,35%";"";"5";"3";"GIRAUD";"Emmanuel";"M";"LDVG";"Pour vivre Lyon 9ème, l'union de la Gauche et des Ecologistes avec Emmanuel Giraud";"Pour vivre Lyon 9ème, l'union de la Gauche et des Ecologistes avec Emmanuel Giraud";"317";"32,18%";"47,96%";"";"18";"";"";"";"";"";"";"";"";"";"";"";""
"69";"Rhône";"69123SR09";"Lyon 9eme secteur";"0927";"872";"630";"72,25%";"242";"27,75%";"612";"70,18%";"97,14%";"13";"1,49%";"2,06%";"5";"0,57%";"0,79%";"1";"PATARD";"Florian";"M";"LRN";"RETROUVER LYON 9";"RETROUVER LYON 9";"64";"7,34%";"10,46%";"";"0";"2";"KHALLOUK";"Laïla";"F";"LDVC";"Coeur lyonnais";"Coeur lyonnais";"298";"34,17%";"48,69%";"";"5";"3";"GIRAUD";"Emmanuel";"M";"LDVG";"Pour vivre Lyon 9ème, l'union de la Gauche et des Ecologistes avec Emmanuel Giraud";"Pour vivre Lyon 9ème, l'union de la Gauche et des Ecologistes avec Emmanuel Giraud";"250";"28,67%";"40,85%";"";"18";"";"";"";"";"";"";"";"";"";"";"";""
"69";"Rhône";"69123SR09";"Lyon 9eme secteur";"0928";"754";"550";"72,94%";"204";"27,06%";"541";"71,75%";"98,36%";"9";"1,19%";"1,64%";"0";"0,00%";"0,00%";"1";"PATARD";"Florian";"M";"LRN";"RETROUVER LYON 9";"RETROUVER LYON 9";"49";"6,50%";"9,06%";"";"0";"2";"KHALLOUK";"Laïla";"F";"LDVC";"Coeur lyonnais";"Coeur lyonnais";"299";"39,66%";"55,27%";"";"5";"3";"GIRAUD";"Emmanuel";"M";"LDVG";"Pour vivre Lyon 9ème, l'union de la Gauche et des Ecologistes avec Emmanuel Giraud";"Pour vivre Lyon 9ème, l'union de la Gauche et des Ecologistes avec Emmanuel Giraud";"193";"25,60%";"35,67%";"";"18";"";"";"";"";"";"";"";"";"";"";"";""
"69";"Rhône";"69123SR09";"Lyon 9eme secteur";"0929";"823";"595";"72,30%";"228";"27,70%";"584";"70,96%";"98,15%";"10";"1,22%";"1,68%";"1";"0,12%";"0,17%";"1";"PATARD";"Florian";"M";"LRN";"RETROUVER LYON 9";"RETROUVER LYON 9";"45";"5,47%";"7,71%";"";"0";"2";"KHALLOUK";"Laïla";"F";"LDVC";"Coeur lyonnais";"Coeur lyonnais";"289";"35,12%";"49,49%";"";"5";"3";"GIRAUD";"Emmanuel";"M";"LDVG";"Pour vivre Lyon 9ème, l'union de la Gauche et des Ecologistes avec Emmanuel Giraud";"Pour vivre Lyon 9ème, l'union de la Gauche et des Ecologistes avec Emmanuel Giraud";"250";"30,38%";"42,81%";"";"18";"";"";"";"";"";"";"";"";"";"";"";""
"69";"Rhône";"69123SR09";"Lyon 9eme secteur";"0930";"1426";"716";"50,21%";"710";"49,79%";"709";"49,72%";"99,02%";"5";"0,35%";"0,70%";"2";"0,14%";"0,28%";"1";"PATARD";"Florian";"M";"LRN";"RETROUVER LYON 9";"RETROUVER LYON 9";"67";"4,70%";"9,45%";"";"0";"2";"KHALLOUK";"Laïla";"F";"LDVC";"Coeur lyonnais";"Coeur lyonnais";"352";"24,68%";"49,65%";"";"5";"3";"GIRAUD";"Emmanuel";"M";"LDVG";"Pour vivre Lyon 9ème, l'union de la Gauche et des Ecologistes avec Emmanuel Giraud";"Pour vivre Lyon 9ème, l'union de la Gauche et des Ecologistes avec Emmanuel Giraud";"290";"20,34%";"40,90%";"";"18";"";"";"";"";"";"";"";"";"";"";"";""
"75";"Paris";"75056SR01";"Paris 1er secteur";"0101";"1122";"735";"65,51%";"387";"34,49%";"720";"64,17%";"97,96%";"11";"0,98%";"1,50%";"4";"0,36%";"0,54%";"1";"PANIZZI";"Cédric";"M";"LFI";"LNPPC";"LE NOUVEAU PARIS POPULAIRE CENTRE";"91";"8,11%";"12,64%";"";"1";"3";"WEIL";"Ariel";"M";"LUG";"LParisCentreEAV";"Paris Centre est à vous ! Avec Ariel Weil et Emmanuel Grégoire L'union de la gauche et des écologistes";"289";"25,76%";"40,14%";"";"18";"6";"VÉRON";"Aurélien";"M";"LUD";"CPC";"Changer Paris Centre avec Aurélien Véron et Rachida Dati";"340";"30,30%";"47,22%";"";"4";"";"";"";"";"";"";"";"";"";"";"";""
"75";"Paris";"75056SR01";"Paris 1er secteur";"0102";"1217";"753";"61,87%";"464";"38,13%";"745";"61,22%";"98,94%";"6";"0,49%";"0,80%";"2";"0,16%";"0,27%";"1";"PANIZZI";"Cédric";"M";"LFI";"LNPPC";"LE NOUVEAU PARIS POPULAIRE CENTRE";"57";"4,68%";"7,65%";"";"1";"3";"WEIL";"Ariel";"M";"LUG";"LParisCentreEAV";"Paris Centre est à vous ! Avec Ariel Weil et Emmanuel Grégoire L'union de la gauche et des écologistes";"348";"28,59%";"46,71%";"";"18";"6";"VÉRON";"Aurélien";"M";"LUD";"CPC";"Changer Paris Centre avec Aurélien Véron et Rachida Dati";"340";"27,94%";"45,64%";"";"4";"";"";"";"";"";"";"";"";"";"";"";""
"75";"Paris";"75056SR01";"Paris 1er secteur";"0103";"1255";"778";"61,99%";"477";"38,01%";"768";"61,20%";"98,71%";"8";"0,64%";"1,03%";"2";"0,16%";"0,26%";"1";"PANIZZI";"Cédric";"M";"LFI";"LNPPC";"LE NOUVEAU PARIS POPULAIRE CENTRE";"75";"5,98%";"9,77%";"";"1";"3";"WEIL";"Ariel";"M";"LUG";"LParisCentreEAV";"Paris Centre est à vous ! Avec Ariel Weil et Emmanuel Grégoire L'union de la gauche et des écologistes";"384";"30,60%";"50,00%";"";"18";"6";"VÉRON";"Aurélien";"M";"LUD";"CPC";"Changer Paris Centre avec Aurélien Véron et Rachida Dati";"309";"24,62%";"40,23%";"";"4";"";"";"";"";"";"";"";"";"";"";"";""
"75";"Paris";"75056SR01";"Paris 1er secteur";"0104";"1329";"784";"58,99%";"545";"41,01%";"775";"58,31%";"98,85%";"9";"0,68%";"1,15%";"0";"0,00%";"0,00%";"1";"PANIZZI";"Cédric";"M";"LFI";"LNPPC";"LE NOUVEAU PARIS POPULAIRE CENTRE";"117";"8,80%";"15,10%";"";"1";"3";"WEIL";"Ariel";"M";"LUG";"LParisCentreEAV";"Paris Centre est à vous ! Avec Ariel Weil et Emmanuel Grégoire L'union de la gauche et des écologistes";"376";"28,29%";"48,52%";"";"18";"6";"VÉRON";"Aurélien";"M";"LUD";"CPC";"Changer Paris Centre avec Aurélien Véron et Rachida Dati";"282";"21,22%";"36,39%";"";"4";"";"";"";"";"";"";"";"";"";"";"";""
"75";"Paris";"75056SR01";"Paris 1er secteur";"0105";"1133";"702";"61,96%";"431";"38,04%";"690";"60,90%";"98,29%";"9";"0,79%";"1,28%";"3";"0,26%";"0,43%";"1";"PANIZZI";"Cédric";"M";"LFI";"LNPPC";"LE NOUVEAU PARIS POPULAIRE CENTRE";"90";"7,94%";"13,04%";"";"1";"3";"WEIL";"Ariel";"M";"LUG";"LParisCentreEAV";"Paris Centre est à vous ! Avec Ariel Weil et Emmanuel Grégoire L'union de la gauche et des écologistes";"335";"29,57%";"48,55%";"";"18";"6";"VÉRON";"Aurélien";"M";"LUD";"CPC";"Changer Paris Centre avec Aurélien Véron et Rachida Dati";"265";"23,39%";"38,41%";"";"4";"";"";"";"";"";"";"";"";"";"";"";""
"75";"Paris";"75056SR01";"Paris 1er secteur";"0106";"1313";"813";"61,92%";"500";"38,08%";"806";"61,39%";"99,14%";"5";"0,38%";"0,62%";"2";"0,15%";"0,25%";"1";"PANIZZI";"Cédric";"M";"LFI";"LNPPC";"LE NOUVEAU PARIS POPULAIRE CENTRE";"65";"4,95%";"8,06%";"";"1";"3";"WEIL";"Ariel";"M";"LUG";"LParisCentreEAV";"Paris Centre est à vous ! Avec Ariel Weil et Emmanuel Grégoire L'union de la gauche et des écologistes";"373";"28,41%";"46,28%";"";"18";"6";"VÉRON";"Aurélien";"M";"LUD";"CPC";"Changer Paris Centre avec Aurélien Véron et Rachida Dati";"368";"28,03%";"45,66%";"";"4";"";"";"";"";"";"";"";"";"";"";"";""
"75";"Paris";"75056SR01";"Paris 1er secteur";"0107";"1122";"717";"63,90%";"405";"36,10%";"704";"62,75%";"98,19%";"7";"0,62%";"0,98%";"6";"0,53%";"0,84%";"1";"PANIZZI";"Cédric";"M";"LFI";"LNPPC";"LE NOUVEAU PARIS POPULAIRE CENTRE";"54";"4,81%";"7,67%";"";"1";"3";"WEIL";"Ariel";"M";"LUG";"LParisCentreEAV";"Paris Centre est à vous ! Avec Ariel Weil et Emmanuel Grégoire L'union de la gauche et des écologistes";"280";"24,96%";"39,77%";"";"18";"6";"VÉRON";"Aurélien";"M";"LUD";"CPC";"Changer Paris Centre avec Aurélien Véron et Rachida Dati";"370";"32,98%";"52,56%";"";"4";"";"";"";"";"";"";"";"";"";"";"";""
"75";"Paris";"75056SR01";"Paris 1er secteur";"0108";"1021";"599";"58,67%";"422";"41,33%";"589";"57,69%";"98,33%";"9";"0,88%";"1,50%";"1";"0,10%";"0,17%";"1";"PANIZZI";"Cédric";"M";"LFI";"LNPPC";"LE NOUVEAU PARIS POPULAIRE CENTRE";"32";"3,13%";"5,43%";"";"1";"3";"WEIL";"Ariel";"M";"LUG";"LParisCentreEAV";"Paris Centre est à vous ! Avec Ariel Weil et Emmanuel Grégoire L'union de la gauche et des écologistes";"205";"20,08%";"34,80%";"";"18";"6";"VÉRON";"Aurélien";"M";"LUD";"CPC";"Changer Paris Centre avec Aurélien Véron et Rachida Dati";"352";"34,48%";"59,76%";"";"4";"";"";"";"";"";"";"";"";"";"";"";""
"75";"Paris";"75056SR01";"Paris 1er secteur";"0109";"948";"603";"63,61%";"345";"36,39%";"596";"62,87%";"98,84%";"4";"0,42%";"0,66%";"3";"0,32%";"0,50%";"1";"PANIZZI";"Cédric";"M";"LFI";"LNPPC";"LE NOUVEAU PARIS POPULAIRE CENTRE";"31";"3,27%";"5,20%";"";"1";"3";"WEIL";"Ariel";"M";"LUG";"LParisCentreEAV";"Paris Centre est à vous ! Avec Ariel Weil et Emmanuel Grégoire L'union de la gauche et des écologistes";"180";"18,99%";"30,20%";"";"18";"6";"VÉRON";"Aurélien";"M";"LUD";"CPC";"Changer Paris Centre avec Aurélien Véron et Rachida Dati";"385";"40,61%";"64,60%";"";"4";"";"";"";"";"";"";"";"";"";"";"";""
"75";"Paris";"75056SR01";"Paris 1er secteur";"0110";"932";"562";"60,30%";"370";"39,70%";"556";"59,66%";"98,93%";"4";"0,43%";"0,71%";"2";"0,21%";"0,36%";"1";"PANIZZI";"Cédric";"M";"LFI";"LNPPC";"LE NOUVEAU PARIS POPULAIRE CENTRE";"46";"4,94%";"8,27%";"";"1";"3";"WEIL";"Ariel";"M";"LUG";"LParisCentreEAV";"Paris Centre est à vous ! Avec Ariel Weil et Emmanuel Grégoire L'union de la gauche et des écologistes";"165";"17,70%";"29,68%";"";"18";"6";"VÉRON";"Aurélien";"M";"LUD";"CPC";"Changer Paris Centre avec Aurélien Véron et Rachida Dati";"345";"37,02%";"62,05%";"";"4";"";"";"";"";"";"";"";"";"";"";"";""
"75";"Paris";"75056SR01";"Paris 1er secteur";"0211";"1113";"706";"63,43%";"407";"36,57%";"687";"61,73%";"97,31%";"13";"1,17%";"1,84%";"6";"0,54%";"0,85%";"1";"PANIZZI";"Cédric";"M";"LFI";"LNPPC";"LE NOUVEAU PARIS POPULAIRE CENTRE";"44";"3,95%";"6,40%";"";"1";"3";"WEIL";"Ariel";"M";"LUG";"LParisCentreEAV";"Paris Centre est à vous ! Avec Ariel Weil et Emmanuel Grégoire L'union de la gauche et des écologistes";"294";"26,42%";"42,79%";"";"18";"6";"VÉRON";"Aurélien";"M";"LUD";"CPC";"Changer Paris Centre avec Aurélien Véron et Rachida Dati";"349";"31,36%";"50,80%";"";"4";"";"";"";"";"";"";"";"";"";"";"";""
"75";"Paris";"75056SR01";"Paris 1er secteur";"0212";"1062";"667";"62,81%";"395";"37,19%";"658";"61,96%";"98,65%";"8";"0,75%";"1,20%";"1";"0,09%";"0,15%";"1";"PANIZZI";"Cédric";"M";"LFI";"LNPPC";"LE NOUVEAU PARIS POPULAIRE CENTRE";"84";"7,91%";"12,77%";"";"1";"3";"WEIL";"Ariel";"M";"LUG";"LParisCentreEAV";"Paris Centre est à vous ! Avec Ariel Weil et Emmanuel Grégoire L'union de la gauche et des écologistes";"283";"26,65%";"43,01%";"";"18";"6";"VÉRON";"Aurélien";"M";"LUD";"CPC";"Changer Paris Centre avec Aurélien Véron et Rachida Dati";"291";"27,40%";"44,22%";"";"4";"";"";"";"";"";"";"";"";"";"";"";""
"75";"Paris";"75056SR01";"Paris 1er secteur";"0213";"897";"516";"57,53%";"381";"42,47%";"509";"56,74%";"98,64%";"5";"0,56%";"0,97%";"2";"0,22%";"0,39%";"1";"PANIZZI";"Cédric";"M";"LFI";"LNPPC";"LE NOUVEAU PARIS POPULAIRE CENTRE";"46";"5,13%";"9,04%";"";"1";"3";"WEIL";"Ariel";"M";"LUG";"LParisCentreEAV";"Paris Centre est à vous ! Avec Ariel Weil et Emmanuel Grégoire L'union de la gauche et des écologistes";"182";"20,29%";"35,76%";"";"18";"6";"VÉRON";"Aurélien";"M";"LUD";"CPC";"Changer Paris Centre avec Aurélien Véron et Rachida Dati";"281";"31,33%";"55,21%";"";"4";"";"";"";"";"";"";"";"";"";"";"";""
"75";"Paris";"75056SR01";"Paris 1er secteur";"0214";"1609";"972";"60,41%";"637";"39,59%";"962";"59,79%";"98,97%";"10";"0,62%";"1,03%";"0";"0,00%";"0,00%";"1";"PANIZZI";"Cédric";"M";"LFI";"LNPPC";"LE NOUVEAU PARIS POPULAIRE CENTRE";"107";"6,65%";"11,12%";"";"1";"3";"WEIL";"Ariel";"M";"LUG";"LParisCentreEAV";"Paris Centre est à vous ! Avec Ariel Weil et Emmanuel Grégoire L'union de la gauche et des écologistes";"492";"30,58%";"51,14%";"";"18";"6";"VÉRON";"Aurélien";"M";"LUD";"CPC";"Changer Paris Centre avec Aurélien Véron et Rachida Dati";"363";"22,56%";"37,73%";"";"4";"";"";"";"";"";"";"";"";"";"";"";""
"75";"Paris";"75056SR01";"Paris 1er secteur";"0215";"1525";"1010";"66,23%";"515";"33,77%";"998";"65,44%";"98,81%";"7";"0,46%";"0,69%";"5";"0,33%";"0,50%";"1";"PANIZZI";"Cédric";"M";"LFI";"LNPPC";"LE NOUVEAU PARIS POPULAIRE CENTRE";"110";"7,21%";"11,02%";"";"1";"3";"WEIL";"Ariel";"M";"LUG";"LParisCentreEAV";"Paris Centre est à vous ! Avec Ariel Weil et Emmanuel Grégoire L'union de la gauche et des écologistes";"529";"34,69%";"53,01%";"";"18";"6";"VÉRON";"Aurélien";"M";"LUD";"CPC";"Changer Paris Centre avec Aurélien Véron et Rachida Dati";"359";"23,54%";"35,97%";"";"4";"";"";"";"";"";"";"";"";"";"";"";""
"75";"Paris";"75056SR01";"Paris 1er secteur";"0216";"1495";"1025";"68,56%";"470";"31,44%";"1013";"67,76%";"98,83%";"11";"0,74%";"1,07%";"1";"0,07%";"0,10%";"1";"PANIZZI";"Cédric";"M";"LFI";"LNPPC";"LE NOUVEAU PARIS POPULAIRE CENTRE";"79";"5,28%";"7,80%";"";"1";"3";"WEIL";"Ariel";"M";"LUG";"LParisCentreEAV";"Paris Centre est à vous ! Avec Ariel Weil et Emmanuel Grégoire L'union de la gauche et des écologistes";"501";"33,51%";"49,46%";"";"18";"6";"VÉRON";"Aurélien";"M";"LUD";"CPC";"Changer Paris Centre avec Aurélien Véron et Rachida Dati";"433";"28,96%";"42,74%";"";"4";"";"";"";"";"";"";"";"";"";"";"";""
"75";"Paris";"75056SR01";"Paris 1er secteur";"0217";"1568";"1004";"64,03%";"564";"35,97%";"986";"62,88%";"98,21%";"10";"0,64%";"1,00%";"8";"0,51%";"0,80%";"1";"PANIZZI";"Cédric";"M";"LFI";"LNPPC";"LE NOUVEAU PARIS POPULAIRE CENTRE";"90";"5,74%";"9,13%";"";"1";"3";"WEIL";"Ariel";"M";"LUG";"LParisCentreEAV";"Paris Centre est à vous ! Avec Ariel Weil et Emmanuel Grégoire L'union de la gauche et des écologistes";"534";"34,06%";"54,16%";"";"18";"6";"VÉRON";"Aurélien";"M";"LUD";"CPC";"Changer Paris Centre avec Aurélien Véron et Rachida Dati";"362";"23,09%";"36,71%";"";"4";"";"";"";"";"";"";"";"";"";"";"";""
"75";"Paris";"75056SR01";"Paris 1er secteur";"0218";"1848";"1093";"59,15%";"755";"40,85%";"1075";"58,17%";"98,35%";"13";"0,70%";"1,19%";"5";"0,27%";"0,46%";"1";"PANIZZI";"Cédric";"M";"LFI";"LNPPC";"LE NOUVEAU PARIS POPULAIRE CENTRE";"155";"8,39%";"14,42%";"";"1";"3";"WEIL";"Ariel";"M";"LUG";"LParisCentreEAV";"Paris Centre est à vous ! Avec Ariel Weil et Emmanuel Grégoire L'union de la gauche et des écologistes";"571";"30,90%";"53,12%";"";"18";"6";"VÉRON";"Aurélien";"M";"LUD";"CPC";"Changer Paris Centre avec Aurélien Véron et Rachida Dati";"349";"18,89%";"32,47%";"";"4";"";"";"";"";"";"";"";"";"";"";"";""
"75";"Paris";"75056SR01";"Paris 1er secteur";"0219";"1847";"1127";"61,02%";"720";"38,98%";"1114";"60,31%";"98,85%";"7";"0,38%";"0,62%";"6";"0,32%";"0,53%";"1";"PANIZZI";"Cédric";"M";"LFI";"LNPPC";"LE NOUVEAU PARIS POPULAIRE CENTRE";"155";"8,39%";"13,91%";"";"1";"3";"WEIL";"Ariel";"M";"LUG";"LParisCentreEAV";"Paris Centre est à vous ! Avec Ariel Weil et Emmanuel Grégoire L'union de la gauche et des écologistes";"620";"33,57%";"55,66%";"";"18";"6";"VÉRON";"Aurélien";"M";"LUD";"CPC";"Changer Paris Centre avec Aurélien Véron et Rachida Dati";"339";"18,35%";"30,43%";"";"4";"";"";"";"";"";"";"";"";"";"";"";""
"75";"Paris";"75056SR01";"Paris 1er secteur";"0220";"1454";"948";"65,20%";"506";"34,80%";"941";"64,72%";"99,26%";"7";"0,48%";"0,74%";"0";"0,00%";"0,00%";"1";"PANIZZI";"Cédric";"M";"LFI";"LNPPC";"LE NOUVEAU PARIS POPULAIRE CENTRE";"111";"7,63%";"11,80%";"";"1";"3";"WEIL";"Ariel";"M";"LUG";"LParisCentreEAV";"Paris Centre est à vous ! Avec Ariel Weil et Emmanuel Grégoire L'union de la gauche et des écologistes";"536";"36,86%";"56,96%";"";"18";"6";"VÉRON";"Aurélien";"M";"LUD";"CPC";"Changer Paris Centre avec Aurélien Véron et Rachida Dati";"294";"20,22%";"31,24%";"";"4";"";"";"";"";"";"";"";"";"";"";"";""
"75";"Paris";"75056SR01";"Paris 1er secteur";"0321";"1452";"976";"67,22%";"476";"32,78%";"961";"66,18%";"98,46%";"11";"0,76%";"1,13%";"4";"0,28%";"0,41%";"1";"PANIZZI";"Cédric";"M";"LFI";"LNPPC";"LE NOUVEAU PARIS POPULAIRE CENTRE";"98";"6,75%";"10,20%";"";"1";"3";"WEIL";"Ariel";"M";"LUG";"LParisCentreEAV";"Paris Centre est à vous ! Avec Ariel Weil et Emmanuel Grégoire L'union de la gauche et des écologistes";"510";"35,12%";"53,07%";"";"18";"6";"VÉRON";"Aurélien";"M";"LUD";"CPC";"Changer Paris Centre avec Aurélien Véron et Rachida Dati";"353";"24,31%";"36,73%";"";"4";"";"";"";"";"";"";"";"";"";"";"";""
"75";"Paris";"75056SR01";"Paris 1er secteur";"0322";"1630";"1053";"64,60%";"577";"35,40%";"1043";"63,99%";"99,05%";"6";"0,37%";"0,57%";"4";"0,25%";"0,38%";"1";"PANIZZI";"Cédric";"M";"LFI";"LNPPC";"LE NOUVEAU PARIS POPULAIRE CENTRE";"157";"9,63%";"15,05%";"";"1";"3";"WEIL";"Ariel";"M";"LUG";"LParisCentreEAV";"Paris Centre est à vous ! Avec Ariel Weil et Emmanuel Grégoire L'union de la gauche et des écologistes";"593";"36,38%";"56,86%";"";"18";"6";"VÉRON";"Aurélien";"M";"LUD";"CPC";"Changer Paris Centre avec Aurélien Véron et Rachida Dati";"293";"17,98%";"28,09%";"";"4";"";"";"";"";"";"";"";"";"";"";"";""
"75";"Paris";"75056SR01";"Paris 1er secteur";"0323";"1331";"886";"66,57%";"445";"33,43%";"877";"65,89%";"98,98%";"8";"0,60%";"0,90%";"1";"0,08%";"0,11%";"1";"PANIZZI";"Cédric";"M";"LFI";"LNPPC";"LE NOUVEAU PARIS POPULAIRE CENTRE";"91";"6,84%";"10,38%";"";"1";"3";"WEIL";"Ariel";"M";"LUG";"LParisCentreEAV";"Paris Centre est à vous ! Avec Ariel Weil et Emmanuel Grégoire L'union de la gauche et des écologistes";"525";"39,44%";"59,86%";"";"18";"6";"VÉRON";"Aurélien";"M";"LUD";"CPC";"Changer Paris Centre avec Aurélien Véron et Rachida Dati";"261";"19,61%";"29,76%";"";"4";"";"";"";"";"";"";"";"";"";"";"";""
"75";"Paris";"75056SR01";"Paris 1er secteur";"0324";"1472";"979";"66,51%";"493";"33,49%";"962";"65,35%";"98,26%";"9";"0,61%";"0,92%";"8";"0,54%";"0,82%";"1";"PANIZZI";"Cédric";"M";"LFI";"LNPPC";"LE NOUVEAU PARIS POPULAIRE CENTRE";"109";"7,40%";"11,33%";"";"1";"3";"WEIL";"Ariel";"M";"LUG";"LParisCentreEAV";"Paris Centre est à vous ! Avec Ariel Weil et Emmanuel Grégoire L'union de la gauche et des écologistes";"530";"36,01%";"55,09%";"";"18";"6";"VÉRON";"Aurélien";"M";"LUD";"CPC";"Changer Paris Centre avec Aurélien Véron et Rachida Dati";"323";"21,94%";"33,58%";"";"4";"";"";"";"";"";"";"";"";"";"";"";""
"75";"Paris";"75056SR01";"Paris 1er secteur";"0325";"1334";"900";"67,47%";"434";"32,53%";"876";"65,67%";"97,33%";"16";"1,20%";"1,78%";"8";"0,60%";"0,89%";"1";"PANIZZI";"Cédric";"M";"LFI";"LNPPC";"LE NOUVEAU PARIS POPULAIRE CENTRE";"79";"5,92%";"9,02%";"";"1";"3";"WEIL";"Ariel";"M";"LUG";"LParisCentreEAV";"Paris Centre est à vous ! Avec Ariel Weil et Emmanuel Grégoire L'union de la gauche et des écologistes";"478";"35,83%";"54,57%";"";"18";"6";"VÉRON";"Aurélien";"M";"LUD";"CPC";"Changer Paris Centre avec Aurélien Véron et Rachida Dati";"319";"23,91%";"36,42%";"";"4";"";"";"";"";"";"";"";"";"";"";"";""
"75";"Paris";"75056SR01";"Paris 1er secteur";"0326";"1555";"1063";"68,36%";"492";"31,64%";"1044";"67,14%";"98,21%";"14";"0,90%";"1,32%";"5";"0,32%";"0,47%";"1";"PANIZZI";"Cédric";"M";"LFI";"LNPPC";"LE NOUVEAU PARIS POPULAIRE CENTRE";"90";"5,79%";"8,62%";"";"1";"3";"WEIL";"Ariel";"M";"LUG";"LParisCentreEAV";"Paris Centre est à vous ! Avec Ariel Weil et Emmanuel Grégoire L'union de la gauche et des écologistes";"600";"38,59%";"57,47%";"";"18";"6";"VÉRON";"Aurélien";"M";"LUD";"CPC";"Changer Paris Centre avec Aurélien Véron et Rachida Dati";"354";"22,77%";"33,91%";"";"4";"";"";"";"";"";"";"";"";"";"";"";""
"75";"Paris";"75056SR01";"Paris 1er secteur";"0327";"1545";"1024";"66,28%";"521";"33,72%";"1008";"65,24%";"98,44%";"7";"0,45%";"0,68%";"9";"0,58%";"0,88%";"1";"PANIZZI";"Cédric";"M";"LFI";"LNPPC";"LE NOUVEAU PARIS POPULAIRE CENTRE";"105";"6,80%";"10,42%";"";"1";"3";"WEIL";"Ariel";"M";"LUG";"LParisCentreEAV";"Paris Centre est à vous ! Avec Ariel Weil et Emmanuel Grégoire L'union de la gauche et des écologistes";"509";"32,94%";"50,50%";"";"18";"6";"VÉRON";"Aurélien";"M";"LUD";"CPC";"Changer Paris Centre avec Aurélien Véron et Rachida Dati";"394";"25,50%";"39,09%";"";"4";"";"";"";"";"";"";"";"";"";"";"";""
"75";"Paris";"75056SR01";"Paris 1er secteur";"0328";"1375";"941";"68,44%";"434";"31,56%";"929";"67,56%";"98,72%";"8";"0,58%";"0,85%";"4";"0,29%";"0,43%";"1";"PANIZZI";"Cédric";"M";"LFI";"LNPPC";"LE NOUVEAU PARIS POPULAIRE CENTRE";"80";"5,82%";"8,61%";"";"1";"3";"WEIL";"Ariel";"M";"LUG";"LParisCentreEAV";"Paris Centre est à vous ! Avec Ariel Weil et Emmanuel Grégoire L'union de la gauche et des écologistes";"460";"33,45%";"49,52%";"";"18";"6";"VÉRON";"Aurélien";"M";"LUD";"CPC";"Changer Paris Centre avec Aurélien Véron et Rachida Dati";"389";"28,29%";"41,87%";"";"4";"";"";"";"";"";"";"";"";"";"";"";""
"75";"Paris";"75056SR01";"Paris 1er secteur";"0329";"1655";"1080";"65,26%";"575";"34,74%";"1059";"63,99%";"98,06%";"15";"0,91%";"1,39%";"6";"0,36%";"0,56%";"1";"PANIZZI";"Cédric";"M";"LFI";"LNPPC";"LE NOUVEAU PARIS POPULAIRE CENTRE";"128";"7,73%";"12,09%";"";"1";"3";"WEIL";"Ariel";"M";"LUG";"LParisCentreEAV";"Paris Centre est à vous ! Avec Ariel Weil et Emmanuel Grégoire L'union de la gauche et des écologistes";"560";"33,84%";"52,88%";"";"18";"6";"VÉRON";"Aurélien";"M";"LUD";"CPC";"Changer Paris Centre avec Aurélien Véron et Rachida Dati";"371";"22,42%";"35,03%";"";"4";"";"";"";"";"";"";"";"";"";"";"";""
"75";"Paris";"75056SR01";"Paris 1er secteur";"0330";"1764";"1073";"60,83%";"691";"39,17%";"1060";"60,09%";"98,79%";"8";"0,45%";"0,75%";"5";"0,28%";"0,47%";"1";"PANIZZI";"Cédric";"M";"LFI";"LNPPC";"LE NOUVEAU PARIS POPULAIRE CENTRE";"122";"6,92%";"11,51%";"";"1";"3";"WEIL";"Ariel";"M";"LUG";"LParisCentreEAV";"Paris Centre est à vous ! Avec Ariel Weil et Emmanuel Grégoire L'union de la gauche et des écologistes";"606";"34,35%";"57,17%";"";"18";"6";"VÉRON";"Aurélien";"M";"LUD";"CPC";"Changer Paris Centre avec Aurélien Véron et Rachida Dati";"332";"18,82%";"31,32%";"";"4";"";"";"";"";"";"";"";"";"";"";"";""
"75";"Paris";"75056SR01";"Paris 1er secteur";"0331";"1614";"1076";"66,67%";"538";"33,33%";"1064";"65,92%";"98,88%";"8";"0,50%";"0,74%";"4";"0,25%";"0,37%";"1";"PANIZZI";"Cédric";"M";"LFI";"LNPPC";"LE NOUVEAU PARIS POPULAIRE CENTRE";"112";"6,94%";"10,53%";"";"1";"3";"WEIL";"Ariel";"M";"LUG";"LParisCentreEAV";"Paris Centre est à vous ! Avec Ariel Weil et Emmanuel Grégoire L'union de la gauche et des écologistes";"574";"35,56%";"53,95%";"";"18";"6";"VÉRON";"Aurélien";"M";"LUD";"CPC";"Changer Paris Centre avec Aurélien Véron et Rachida Dati";"378";"23,42%";"35,53%";"";"4";"";"";"";"";"";"";"";"";"";"";"";""
"75";"Paris";"75056SR01";"Paris 1er secteur";"0332";"1512";"907";"59,99%";"605";"40,01%";"884";"58,47%";"97,46%";"16";"1,06%";"1,76%";"7";"0,46%";"0,77%";"1";"PANIZZI";"Cédric";"M";"LFI";"LNPPC";"LE NOUVEAU PARIS POPULAIRE CENTRE";"137";"9,06%";"15,50%";"";"1";"3";"WEIL";"Ariel";"M";"LUG";"LParisCentreEAV";"Paris Centre est à vous ! Avec Ariel Weil et Emmanuel Grégoire L'union de la gauche et des écologistes";"484";"32,01%";"54,75%";"";"18";"6";"VÉRON";"Aurélien";"M";"LUD";"CPC";"Changer Paris Centre avec Aurélien Véron et Rachida Dati";"263";"17,39%";"29,75%";"";"4";"";"";"";"";"";"";"";"";"";"";"";""
"75";"Paris";"75056SR01";"Paris 1er secteur";"0333";"1589";"971";"61,11%";"618";"38,89%";"956";"60,16%";"98,46%";"12";"0,76%";"1,24%";"3";"0,19%";"0,31%";"1";"PANIZZI";"Cédric";"M";"LFI";"LNPPC";"LE NOUVEAU PARIS POPULAIRE CENTRE";"125";"7,87%";"13,08%";"";"1";"3";"WEIL";"Ariel";"M";"LUG";"LParisCentreEAV";"Paris Centre est à vous ! Avec Ariel Weil et Emmanuel Grégoire L'union de la gauche et des écologistes";"575";"36,19%";"60,15%";"";"18";"6";"VÉRON";"Aurélien";"M";"LUD";"CPC";"Changer Paris Centre avec Aurélien Véron et Rachida Dati";"256";"16,11%";"26,78%";"";"4";"";"";"";"";"";"";"";"";"";"";"";""
"75";"Paris";"75056SR01";"Paris 1er secteur";"0334";"1738";"1161";"66,80%";"577";"33,20%";"1148";"66,05%";"98,88%";"10";"0,58%";"0,86%";"3";"0,17%";"0,26%";"1";"PANIZZI";"Cédric";"M";"LFI";"LNPPC";"LE NOUVEAU PARIS POPULAIRE CENTRE";"128";"7,36%";"11,15%";"";"1";"3";"WEIL";"Ariel";"M";"LUG";"LParisCentreEAV";"Paris Centre est à vous ! Avec Ariel Weil et Emmanuel Grégoire L'union de la gauche et des écologistes";"691";"39,76%";"60,19%";"";"18";"6";"VÉRON";"Aurélien";"M";"LUD";"CPC";"Changer Paris Centre avec Aurélien Véron et Rachida Dati";"329";"18,93%";"28,66%";"";"4";"";"";"";"";"";"";"";"";"";"";"";""
"75";"Paris";"75056SR01";"Paris 1er secteur";"0335";"1489";"969";"65,08%";"520";"34,92%";"959";"64,41%";"98,97%";"9";"0,60%";"0,93%";"1";"0,07%";"0,10%";"1";"PANIZZI";"Cédric";"M";"LFI";"LNPPC";"LE NOUVEAU PARIS POPULAIRE CENTRE";"111";"7,45%";"11,57%";"";"1";"3";"WEIL";"Ariel";"M";"LUG";"LParisCentreEAV";"Paris Centre est à vous ! Avec Ariel Weil et Emmanuel Grégoire L'union de la gauche et des écologistes";"514";"34,52%";"53,60%";"";"18";"6";"VÉRON";"Aurélien";"M";"LUD";"CPC";"Changer Paris Centre avec Aurélien Véron et Rachida Dati";"334";"22,43%";"34,83%";"";"4";"";"";"";"";"";"";"";"";"";"";"";""
"75";"Paris";"75056SR01";"Paris 1er secteur";"0436";"1286";"777";"60,42%";"509";"39,58%";"766";"59,56%";"98,58%";"7";"0,54%";"0,90%";"4";"0,31%";"0,51%";"1";"PANIZZI";"Cédric";"M";"LFI";"LNPPC";"LE NOUVEAU PARIS POPULAIRE CENTRE";"90";"7,00%";"11,75%";"";"1";"3";"WEIL";"Ariel";"M";"LUG";"LParisCentreEAV";"Paris Centre est à vous ! Avec Ariel Weil et Emmanuel Grégoire L'union de la gauche et des écologistes";"350";"27,22%";"45,69%";"";"18";"6";"VÉRON";"Aurélien";"M";"LUD";"CPC";"Changer Paris Centre avec Aurélien Véron et Rachida Dati";"326";"25,35%";"42,56%";"";"4";"";"";"";"";"";"";"";"";"";"";"";""
"75";"Paris";"75056SR01";"Paris 1er secteur";"0437";"1185";"800";"67,51%";"385";"32,49%";"783";"66,08%";"97,88%";"16";"1,35%";"2,00%";"1";"0,08%";"0,13%";"1";"PANIZZI";"Cédric";"M";"LFI";"LNPPC";"LE NOUVEAU PARIS POPULAIRE CENTRE";"104";"8,78%";"13,28%";"";"1";"3";"WEIL";"Ariel";"M";"LUG";"LParisCentreEAV";"Paris Centre est à vous ! Avec Ariel Weil et Emmanuel Grégoire L'union de la gauche et des écologistes";"375";"31,65%";"47,89%";"";"18";"6";"VÉRON";"Aurélien";"M";"LUD";"CPC";"Changer Paris Centre avec Aurélien Véron et Rachida Dati";"304";"25,65%";"38,83%";"";"4";"";"";"";"";"";"";"";"";"";"";"";""
"75";"Paris";"75056SR01";"Paris 1er secteur";"0438";"1471";"925";"62,88%";"546";"37,12%";"910";"61,86%";"98,38%";"10";"0,68%";"1,08%";"5";"0,34%";"0,54%";"1";"PANIZZI";"Cédric";"M";"LFI";"LNPPC";"LE NOUVEAU PARIS POPULAIRE CENTRE";"99";"6,73%";"10,88%";"";"1";"3";"WEIL";"Ariel";"M";"LUG";"LParisCentreEAV";"Paris Centre est à vous ! Avec Ariel Weil et Emmanuel Grégoire L'union de la gauche et des écologistes";"524";"35,62%";"57,58%";"";"18";"6";"VÉRON";"Aurélien";"M";"LUD";"CPC";"Changer Paris Centre avec Aurélien Véron et Rachida Dati";"287";"19,51%";"31,54%";"";"4";"";"";"";"";"";"";"";"";"";"";"";""
"75";"Paris";"75056SR01";"Paris 1er secteur";"0439";"1350";"883";"65,41%";"467";"34,59%";"865";"64,07%";"97,96%";"14";"1,04%";"1,59%";"4";"0,30%";"0,45%";"1";"PANIZZI";"Cédric";"M";"LFI";"LNPPC";"LE NOUVEAU PARIS POPULAIRE CENTRE";"125";"9,26%";"14,45%";"";"1";"3";"WEIL";"Ariel";"M";"LUG";"LParisCentreEAV";"Paris Centre est à vous ! Avec Ariel Weil et Emmanuel Grégoire L'union de la gauche et des écologistes";"437";"32,37%";"50,52%";"";"18";"6";"VÉRON";"Aurélien";"M";"LUD";"CPC";"Changer Paris Centre avec Aurélien Véron et Rachida Dati";"303";"22,44%";"35,03%";"";"4";"";"";"";"";"";"";"";"";"";"";"";""
"75";"Paris";"75056SR01";"Paris 1er secteur";"0440";"1519";"1079";"71,03%";"440";"28,97%";"1063";"69,98%";"98,52%";"11";"0,72%";"1,02%";"5";"0,33%";"0,46%";"1";"PANIZZI";"Cédric";"M";"LFI";"LNPPC";"LE NOUVEAU PARIS POPULAIRE CENTRE";"97";"6,39%";"9,13%";"";"1";"3";"WEIL";"Ariel";"M";"LUG";"LParisCentreEAV";"Paris Centre est à vous ! Avec Ariel Weil et Emmanuel Grégoire L'union de la gauche et des écologistes";"530";"34,89%";"49,86%";"";"18";"6";"VÉRON";"Aurélien";"M";"LUD";"CPC";"Changer Paris Centre avec Aurélien Véron et Rachida Dati";"436";"28,70%";"41,02%";"";"4";"";"";"";"";"";"";"";"";"";"";"";""
"75";"Paris";"75056SR01";"Paris 1er secteur";"0441";"1739";"1180";"67,86%";"559";"32,14%";"1171";"67,34%";"99,24%";"7";"0,40%";"0,59%";"2";"0,12%";"0,17%";"1";"PANIZZI";"Cédric";"M";"LFI";"LNPPC";"LE NOUVEAU PARIS POPULAIRE CENTRE";"103";"5,92%";"8,80%";"";"1";"3";"WEIL";"Ariel";"M";"LUG";"LParisCentreEAV";"Paris Centre est à vous ! Avec Ariel Weil et Emmanuel Grégoire L'union de la gauche et des écologistes";"640";"36,80%";"54,65%";"";"18";"6";"VÉRON";"Aurélien";"M";"LUD";"CPC";"Changer Paris Centre avec Aurélien Véron et Rachida Dati";"428";"24,61%";"36,55%";"";"4";"";"";"";"";"";"";"";"";"";"";"";""
"75";"Paris";"75056SR01";"Paris 1er secteur";"0442";"1359";"884";"65,05%";"475";"34,95%";"871";"64,09%";"98,53%";"11";"0,81%";"1,24%";"2";"0,15%";"0,23%";"1";"PANIZZI";"Cédric";"M";"LFI";"LNPPC";"LE NOUVEAU PARIS POPULAIRE CENTRE";"73";"5,37%";"8,38%";"";"1";"3";"WEIL";"Ariel";"M";"LUG";"LParisCentreEAV";"Paris Centre est à vous ! Avec Ariel Weil et Emmanuel Grégoire L'union de la gauche et des écologistes";"424";"31,20%";"48,68%";"";"18";"6";"VÉRON";"Aurélien";"M";"LUD";"CPC";"Changer Paris Centre avec Aurélien Véron et Rachida Dati";"374";"27,52%";"42,94%";"";"4";"";"";"";"";"";"";"";"";"";"";"";""
"75";"Paris";"75056SR01";"Paris 1er secteur";"0443";"1820";"1165";"64,01%";"655";"35,99%";"1138";"62,53%";"97,68%";"17";"0,93%";"1,46%";"10";"0,55%";"0,86%";"1";"PANIZZI";"Cédric";"M";"LFI";"LNPPC";"LE NOUVEAU PARIS POPULAIRE CENTRE";"120";"6,59%";"10,54%";"";"1";"3";"WEIL";"Ariel";"M";"LUG";"LParisCentreEAV";"Paris Centre est à vous ! Avec Ariel Weil et Emmanuel Grégoire L'union de la gauche et des écologistes";"554";"30,44%";"48,68%";"";"18";"6";"VÉRON";"Aurélien";"M";"LUD";"CPC";"Changer Paris Centre avec Aurélien Véron et Rachida Dati";"464";"25,49%";"40,77%";"";"4";"";"";"";"";"";"";"";"";"";"";"";""
"75";"Paris";"75056SR01";"Paris 1er secteur";"0444";"1157";"759";"65,60%";"398";"34,40%";"752";"65,00%";"99,08%";"5";"0,43%";"0,66%";"2";"0,17%";"0,26%";"1";"PANIZZI";"Cédric";"M";"LFI";"LNPPC";"LE NOUVEAU PARIS POPULAIRE CENTRE";"56";"4,84%";"7,45%";"";"1";"3";"WEIL";"Ariel";"M";"LUG";"LParisCentreEAV";"Paris Centre est à vous ! Avec Ariel Weil et Emmanuel Grégoire L'union de la gauche et des écologistes";"307";"26,53%";"40,82%";"";"18";"6";"VÉRON";"Aurélien";"M";"LUD";"CPC";"Changer Paris Centre avec Aurélien Véron et Rachida Dati";"389";"33,62%";"51,73%";"";"4";"";"";"";"";"";"";"";"";"";"";"";""
"75";"Paris";"75056SR01";"Paris 1er secteur";"0445";"1012";"657";"64,92%";"355";"35,08%";"639";"63,14%";"97,26%";"13";"1,28%";"1,98%";"5";"0,49%";"0,76%";"1";"PANIZZI";"Cédric";"M";"LFI";"LNPPC";"LE NOUVEAU PARIS POPULAIRE CENTRE";"32";"3,16%";"5,01%";"";"1";"3";"WEIL";"Ariel";"M";"LUG";"LParisCentreEAV";"Paris Centre est à vous ! Avec Ariel Weil et Emmanuel Grégoire L'union de la gauche et des écologistes";"262";"25,89%";"41,00%";"";"18";"6";"VÉRON";"Aurélien";"M";"LUD";"CPC";"Changer Paris Centre avec Aurélien Véron et Rachida Dati";"345";"34,09%";"53,99%";"";"4";"";"";"";"";"";"";"";"";"";"";"";""
"75";"Paris";"75056SR01";"Paris 1er secteur";"0446";"1093";"720";"65,87%";"373";"34,13%";"704";"64,41%";"97,78%";"11";"1,01%";"1,53%";"5";"0,46%";"0,69%";"1";"PANIZZI";"Cédric";"M";"LFI";"LNPPC";"LE NOUVEAU PARIS POPULAIRE CENTRE";"74";"6,77%";"10,51%";"";"1";"3";"WEIL";"Ariel";"M";"LUG";"LParisCentreEAV";"Paris Centre est à vous ! Avec Ariel Weil et Emmanuel Grégoire L'union de la gauche et des écologistes";"349";"31,93%";"49,57%";"";"18";"6";"VÉRON";"Aurélien";"M";"LUD";"CPC";"Changer Paris Centre avec Aurélien Véron et Rachida Dati";"281";"25,71%";"39,91%";"";"4";"";"";"";"";"";"";"";"";"";"";"";""
"75";"Paris";"75056SR01";"Paris 1er secteur";"0447";"1275";"861";"67,53%";"414";"32,47%";"847";"66,43%";"98,37%";"9";"0,71%";"1,05%";"5";"0,39%";"0,58%";"1";"PANIZZI";"Cédric";"M";"LFI";"LNPPC";"LE NOUVEAU PARIS POPULAIRE CENTRE";"100";"7,84%";"11,81%";"";"1";"3";"WEIL";"Ariel";"M";"LUG";"LParisCentreEAV";"Paris Centre est à vous ! Avec Ariel Weil et Emmanuel Grégoire L'union de la gauche et des écologistes";"435";"34,12%";"51,36%";"";"18";"6";"VÉRON";"Aurélien";"M";"LUD";"CPC";"Changer Paris Centre avec Aurélien Véron et Rachida Dati";"312";"24,47%";"36,84%";"";"4";"";"";"";"";"";"";"";"";"";"";"";""
"75";"Paris";"75056SR01";"Paris 1er secteur";"0448";"1712";"1020";"59,58%";"692";"40,42%";"1004";"58,64%";"98,43%";"7";"0,41%";"0,69%";"9";"0,53%";"0,88%";"1";"PANIZZI";"Cédric";"M";"LFI";"LNPPC";"LE NOUVEAU PARIS POPULAIRE CENTRE";"148";"8,64%";"14,74%";"";"1";"3";"WEIL";"Ariel";"M";"LUG";"LParisCentreEAV";"Paris Centre est à vous ! Avec Ariel Weil et Emmanuel Grégoire L'union de la gauche et des écologistes";"522";"30,49%";"51,99%";"";"18";"6";"VÉRON";"Aurélien";"M";"LUD";"CPC";"Changer Paris Centre avec Aurélien Véron et Rachida Dati";"334";"19,51%";"33,27%";"";"4";"";"";"";"";"";"";"";"";"";"";"";""
"75";"Paris";"75056SR01";"Paris 1er secteur";"0449";"1284";"797";"62,07%";"487";"37,93%";"785";"61,14%";"98,49%";"10";"0,78%";"1,25%";"2";"0,16%";"0,25%";"1";"PANIZZI";"Cédric";"M";"LFI";"LNPPC";"LE NOUVEAU PARIS POPULAIRE CENTRE";"70";"5,45%";"8,92%";"";"1";"3";"WEIL";"Ariel";"M";"LUG";"LParisCentreEAV";"Paris Centre est à vous ! Avec Ariel Weil et Emmanuel Grégoire L'union de la gauche et des écologistes";"411";"32,01%";"52,36%";"";"18";"6";"VÉRON";"Aurélien";"M";"LUD";"CPC";"Changer Paris Centre avec Aurélien Véron et Rachida Dati";"304";"23,68%";"38,73%";"";"4";"";"";"";"";"";"";"";"";"";"";"";""
"75";"Paris";"75056SR05";"Paris 5eme secteur";"0501";"1579";"1025";"64,91%";"554";"35,09%";"1008";"63,84%";"98,34%";"11";"0,70%";"1,07%";"6";"0,38%";"0,59%";"4";"BERTHOUT";"Florence";"F";"LUC";"5 UDC";"Liste d'union de la droite et du centre pour le 5ème";"546";"34,58%";"54,17%";"";"10";"8";"ROSSET";"Marine";"F";"LUG";"LE5EAV";"Le 5e est à vous ! avec Marine Rosset et Emmanuel Grégoire L'union de la gauche et des écologistes";"462";"29,26%";"45,83%";"";"3";"";"";"";"";"";"";"";"";"";"";"";"";"";"";"";"";"";"";"";"";"";"";"";""
"75";"Paris";"75056SR05";"Paris 5eme secteur";"0502";"1646";"1081";"65,67%";"565";"34,33%";"1055";"64,09%";"97,59%";"17";"1,03%";"1,57%";"9";"0,55%";"0,83%";"4";"BERTHOUT";"Florence";"F";"LUC";"5 UDC";"Liste d'union de la droite et du centre pour le 5ème";"604";"36,70%";"57,25%";"";"10";"8";"ROSSET";"Marine";"F";"LUG";"LE5EAV";"Le 5e est à vous ! avec Marine Rosset et Emmanuel Grégoire L'union de la gauche et des écologistes";"451";"27,40%";"42,75%";"";"3";"";"";"";"";"";"";"";"";"";"";"";"";"";"";"";"";"";"";"";"";"";"";"";""
"75";"Paris";"75056SR05";"Paris 5eme secteur";"0503";"1737";"1116";"64,25%";"621";"35,75%";"1097";"63,15%";"98,30%";"16";"0,92%";"1,43%";"3";"0,17%";"0,27%";"4";"BERTHOUT";"Florence";"F";"LUC";"5 UDC";"Liste d'union de la droite et du centre pour le 5ème";"574";"33,05%";"52,32%";"";"10";"8";"ROSSET";"Marine";"F";"LUG";"LE5EAV";"Le 5e est à vous ! avec Marine Rosset et Emmanuel Grégoire L'union de la gauche et des écologistes";"523";"30,11%";"47,68%";"";"3";"";"";"";"";"";"";"";"";"";"";"";"";"";"";"";"";"";"";"";"";"";"";"";""
"75";"Paris";"75056SR05";"Paris 5eme secteur";"0504";"1503";"1032";"68,66%";"471";"31,34%";"999";"66,47%";"96,80%";"21";"1,40%";"2,03%";"12";"0,80%";"1,16%";"4";"BERTHOUT";"Florence";"F";"LUC";"5 UDC";"Liste d'union de la droite et du centre pour le 5ème";"611";"40,65%";"61,16%";"";"10";"8";"ROSSET";"Marine";"F";"LUG";"LE5EAV";"Le 5e est à vous ! avec Marine Rosset et Emmanuel Grégoire L'union de la gauche et des écologistes";"388";"25,82%";"38,84%";"";"3";"";"";"";"";"";"";"";"";"";"";"";"";"";"";"";"";"";"";"";"";"";"";"";""
"75";"Paris";"75056SR05";"Paris 5eme secteur";"0505";"1315";"843";"64,11%";"472";"35,89%";"831";"63,19%";"98,58%";"8";"0,61%";"0,95%";"4";"0,30%";"0,47%";"4";"BERTHOUT";"Florence";"F";"LUC";"5 UDC";"Liste d'union de la droite et du centre pour le 5ème";"451";"34,30%";"54,27%";"";"10";"8";"ROSSET";"Marine";"F";"LUG";"LE5EAV";"Le 5e est à vous ! avec Marine Rosset et Emmanuel Grégoire L'union de la gauche et des écologistes";"380";"28,90%";"45,73%";"";"3";"";"";"";"";"";"";"";"";"";"";"";"";"";"";"";"";"";"";"";"";"";"";"";""
"75";"Paris";"75056SR05";"Paris 5eme secteur";"0506";"1508";"1035";"68,63%";"473";"31,37%";"1016";"67,37%";"98,16%";"14";"0,93%";"1,35%";"5";"0,33%";"0,48%";"4";"BERTHOUT";"Florence";"F";"LUC";"5 UDC";"Liste d'union de la droite et du centre pour le 5ème";"482";"31,96%";"47,44%";"";"10";"8";"ROSSET";"Marine";"F";"LUG";"LE5EAV";"Le 5e est à vous ! avec Marine Rosset et Emmanuel Grégoire L'union de la gauche et des écologistes";"534";"35,41%";"52,56%";"";"3";"";"";"";"";"";"";"";"";"";"";"";"";"";"";"";"";"";"";"";"";"";"";"";""
"75";"Paris";"75056SR05";"Paris 5eme secteur";"0507";"1579";"1101";"69,73%";"478";"30,27%";"1081";"68,46%";"98,18%";"17";"1,08%";"1,54%";"3";"0,19%";"0,27%";"4";"BERTHOUT";"Florence";"F";"LUC";"5 UDC";"Liste d'union de la droite et du centre pour le 5ème";"603";"38,19%";"55,78%";"";"10";"8";"ROSSET";"Marine";"F";"LUG";"LE5EAV";"Le 5e est à vous ! avec Marine Rosset et Emmanuel Grégoire L'union de la gauche et des écologistes";"478";"30,27%";"44,22%";"";"3";"";"";"";"";"";"";"";"";"";"";"";"";"";"";"";"";"";"";"";"";"";"";"";""
"75";"Paris";"75056SR05";"Paris 5eme secteur";"0508";"1623";"1165";"71,78%";"458";"28,22%";"1146";"70,61%";"98,37%";"14";"0,86%";"1,20%";"5";"0,31%";"0,43%";"4";"BERTHOUT";"Florence";"F";"LUC";"5 UDC";"Liste d'union de la droite et du centre pour le 5ème";"690";"42,51%";"60,21%";"";"10";"8";"ROSSET";"Marine";"F";"LUG";"LE5EAV";"Le 5e est à vous ! avec Marine Rosset et Emmanuel Grégoire L'union de la gauche et des écologistes";"456";"28,10%";"39,79%";"";"3";"";"";"";"";"";"";"";"";"";"";"";"";"";"";"";"";"";"";"";"";"";"";"";""
"75";"Paris";"75056SR05";"Paris 5eme secteur";"0509";"1832";"1302";"71,07%";"530";"28,93%";"1283";"70,03%";"98,54%";"13";"0,71%";"1,00%";"6";"0,33%";"0,46%";"4";"BERTHOUT";"Florence";"F";"LUC";"5 UDC";"Liste d'union de la droite et du centre pour le 5ème";"664";"36,24%";"51,75%";"";"10";"8";"ROSSET";"Marine";"F";"LUG";"LE5EAV";"Le 5e est à vous ! avec Marine Rosset et Emmanuel Grégoire L'union de la gauche et des écologistes";"619";"33,79%";"48,25%";"";"3";"";"";"";"";"";"";"";"";"";"";"";"";"";"";"";"";"";"";"";"";"";"";"";""
"75";"Paris";"75056SR05";"Paris 5eme secteur";"0510";"1604";"1092";"68,08%";"512";"31,92%";"1070";"66,71%";"97,99%";"12";"0,75%";"1,10%";"10";"0,62%";"0,92%";"4";"BERTHOUT";"Florence";"F";"LUC";"5 UDC";"Liste d'union de la droite et du centre pour le 5ème";"582";"36,28%";"54,39%";"";"10";"8";"ROSSET";"Marine";"F";"LUG";"LE5EAV";"Le 5e est à vous ! avec Marine Rosset et Emmanuel Grégoire L'union de la gauche et des écologistes";"488";"30,42%";"45,61%";"";"3";"";"";"";"";"";"";"";"";"";"";"";"";"";"";"";"";"";"";"";"";"";"";"";""
"75";"Paris";"75056SR05";"Paris 5eme secteur";"0511";"1606";"1126";"70,11%";"480";"29,89%";"1107";"68,93%";"98,31%";"10";"0,62%";"0,89%";"9";"0,56%";"0,80%";"4";"BERTHOUT";"Florence";"F";"LUC";"5 UDC";"Liste d'union de la droite et du centre pour le 5ème";"586";"36,49%";"52,94%";"";"10";"8";"ROSSET";"Marine";"F";"LUG";"LE5EAV";"Le 5e est à vous ! avec Marine Rosset et Emmanuel Grégoire L'union de la gauche et des écologistes";"521";"32,44%";"47,06%";"";"3";"";"";"";"";"";"";"";"";"";"";"";"";"";"";"";"";"";"";"";"";"";"";"";""
"75";"Paris";"75056SR05";"Paris 5eme secteur";"0512";"1650";"1169";"70,85%";"481";"29,15%";"1159";"70,24%";"99,14%";"6";"0,36%";"0,51%";"4";"0,24%";"0,34%";"4";"BERTHOUT";"Florence";"F";"LUC";"5 UDC";"Liste d'union de la droite et du centre pour le 5ème";"587";"35,58%";"50,65%";"";"10";"8";"ROSSET";"Marine";"F";"LUG";"LE5EAV";"Le 5e est à vous ! avec Marine Rosset et Emmanuel Grégoire L'union de la gauche et des écologistes";"572";"34,67%";"49,35%";"";"3";"";"";"";"";"";"";"";"";"";"";"";"";"";"";"";"";"";"";"";"";"";"";"";""
"75";"Paris";"75056SR05";"Paris 5eme secteur";"0513";"1690";"1091";"64,56%";"599";"35,44%";"1065";"63,02%";"97,62%";"20";"1,18%";"1,83%";"6";"0,36%";"0,55%";"4";"BERTHOUT";"Florence";"F";"LUC";"5 UDC";"Liste d'union de la droite et du centre pour le 5ème";"576";"34,08%";"54,08%";"";"10";"8";"ROSSET";"Marine";"F";"LUG";"LE5EAV";"Le 5e est à vous ! avec Marine Rosset et Emmanuel Grégoire L'union de la gauche et des écologistes";"489";"28,93%";"45,92%";"";"3";"";"";"";"";"";"";"";"";"";"";"";"";"";"";"";"";"";"";"";"";"";"";"";""
"75";"Paris";"75056SR05";"Paris 5eme secteur";"0514";"1325";"883";"66,64%";"442";"33,36%";"864";"65,21%";"97,85%";"11";"0,83%";"1,25%";"8";"0,60%";"0,91%";"4";"BERTHOUT";"Florence";"F";"LUC";"5 UDC";"Liste d'union de la droite et du centre pour le 5ème";"432";"32,60%";"50,00%";"";"10";"8";"ROSSET";"Marine";"F";"LUG";"LE5EAV";"Le 5e est à vous ! avec Marine Rosset et Emmanuel Grégoire L'union de la gauche et des écologistes";"432";"32,60%";"50,00%";"";"3";"";"";"";"";"";"";"";"";"";"";"";"";"";"";"";"";"";"";"";"";"";"";"";""
"75";"Paris";"75056SR05";"Paris 5eme secteur";"0515";"1687";"1169";"69,29%";"518";"30,71%";"1148";"68,05%";"98,20%";"13";"0,77%";"1,11%";"8";"0,47%";"0,68%";"4";"BERTHOUT";"Florence";"F";"LUC";"5 UDC";"Liste d'union de la droite et du centre pour le 5ème";"571";"33,85%";"49,74%";"";"10";"8";"ROSSET";"Marine";"F";"LUG";"LE5EAV";"Le 5e est à vous ! avec Marine Rosset et Emmanuel Grégoire L'union de la gauche et des écologistes";"577";"34,20%";"50,26%";"";"3";"";"";"";"";"";"";"";"";"";"";"";"";"";"";"";"";"";"";"";"";"";"";"";""
"75";"Paris";"75056SR05";"Paris 5eme secteur";"0516";"1608";"1143";"71,08%";"465";"28,92%";"1114";"69,28%";"97,46%";"21";"1,31%";"1,84%";"8";"0,50%";"0,70%";"4";"BERTHOUT";"Florence";"F";"LUC";"5 UDC";"Liste d'union de la droite et du centre pour le 5ème";"532";"33,08%";"47,76%";"";"10";"8";"ROSSET";"Marine";"F";"LUG";"LE5EAV";"Le 5e est à vous ! avec Marine Rosset et Emmanuel Grégoire L'union de la gauche et des écologistes";"582";"36,19%";"52,24%";"";"3";"";"";"";"";"";"";"";"";"";"";"";"";"";"";"";"";"";"";"";"";"";"";"";""
"75";"Paris";"75056SR05";"Paris 5eme secteur";"0517";"1529";"1039";"67,95%";"490";"32,05%";"1025";"67,04%";"98,65%";"11";"0,72%";"1,06%";"3";"0,20%";"0,29%";"4";"BERTHOUT";"Florence";"F";"LUC";"5 UDC";"Liste d'union de la droite et du centre pour le 5ème";"506";"33,09%";"49,37%";"";"10";"8";"ROSSET";"Marine";"F";"LUG";"LE5EAV";"Le 5e est à vous ! avec Marine Rosset et Emmanuel Grégoire L'union de la gauche et des écologistes";"519";"33,94%";"50,63%";"";"3";"";"";"";"";"";"";"";"";"";"";"";"";"";"";"";"";"";"";"";"";"";"";"";""
"75";"Paris";"75056SR05";"Paris 5eme secteur";"0518";"1367";"934";"68,32%";"433";"31,68%";"905";"66,20%";"96,90%";"12";"0,88%";"1,28%";"17";"1,24%";"1,82%";"4";"BERTHOUT";"Florence";"F";"LUC";"5 UDC";"Liste d'union de la droite et du centre pour le 5ème";"447";"32,70%";"49,39%";"";"10";"8";"ROSSET";"Marine";"F";"LUG";"LE5EAV";"Le 5e est à vous ! avec Marine Rosset et Emmanuel Grégoire L'union de la gauche et des écologistes";"458";"33,50%";"50,61%";"";"3";"";"";"";"";"";"";"";"";"";"";"";"";"";"";"";"";"";"";"";"";"";"";"";""
"75";"Paris";"75056SR05";"Paris 5eme secteur";"0519";"1455";"1020";"70,10%";"435";"29,90%";"997";"68,52%";"97,75%";"16";"1,10%";"1,57%";"7";"0,48%";"0,69%";"4";"BERTHOUT";"Florence";"F";"LUC";"5 UDC";"Liste d'union de la droite et du centre pour le 5ème";"515";"35,40%";"51,65%";"";"10";"8";"ROSSET";"Marine";"F";"LUG";"LE5EAV";"Le 5e est à vous ! avec Marine Rosset et Emmanuel Grégoire L'union de la gauche et des écologistes";"482";"33,13%";"48,35%";"";"3";"";"";"";"";"";"";"";"";"";"";"";"";"";"";"";"";"";"";"";"";"";"";"";""
"75";"Paris";"75056SR05";"Paris 5eme secteur";"0520";"1588";"1026";"64,61%";"562";"35,39%";"1011";"63,66%";"98,54%";"8";"0,50%";"0,78%";"7";"0,44%";"0,68%";"4";"BERTHOUT";"Florence";"F";"LUC";"5 UDC";"Liste d'union de la droite et du centre pour le 5ème";"522";"32,87%";"51,63%";"";"10";"8";"ROSSET";"Marine";"F";"LUG";"LE5EAV";"Le 5e est à vous ! avec Marine Rosset et Emmanuel Grégoire L'union de la gauche et des écologistes";"489";"30,79%";"48,37%";"";"3";"";"";"";"";"";"";"";"";"";"";"";"";"";"";"";"";"";"";"";"";"";"";"";""
"75";"Paris";"75056SR05";"Paris 5eme secteur";"0521";"1744";"1154";"66,17%";"590";"33,83%";"1130";"64,79%";"97,92%";"15";"0,86%";"1,30%";"9";"0,52%";"0,78%";"4";"BERTHOUT";"Florence";"F";"LUC";"5 UDC";"Liste d'union de la droite et du centre pour le 5ème";"558";"32,00%";"49,38%";"";"10";"8";"ROSSET";"Marine";"F";"LUG";"LE5EAV";"Le 5e est à vous ! avec Marine Rosset et Emmanuel Grégoire L'union de la gauche et des écologistes";"572";"32,80%";"50,62%";"";"3";"";"";"";"";"";"";"";"";"";"";"";"";"";"";"";"";"";"";"";"";"";"";"";""
"75";"Paris";"75056SR05";"Paris 5eme secteur";"0522";"1484";"1023";"68,94%";"461";"31,06%";"1000";"67,39%";"97,75%";"15";"1,01%";"1,47%";"8";"0,54%";"0,78%";"4";"BERTHOUT";"Florence";"F";"LUC";"5 UDC";"Liste d'union de la droite et du centre pour le 5ème";"550";"37,06%";"55,00%";"";"10";"8";"ROSSET";"Marine";"F";"LUG";"LE5EAV";"Le 5e est à vous ! avec Marine Rosset et Emmanuel Grégoire L'union de la gauche et des écologistes";"450";"30,32%";"45,00%";"";"3";"";"";"";"";"";"";"";"";"";"";"";"";"";"";"";"";"";"";"";"";"";"";"";""
"75";"Paris";"75056SR05";"Paris 5eme secteur";"0523";"1540";"1064";"69,09%";"476";"30,91%";"1043";"67,73%";"98,03%";"16";"1,04%";"1,50%";"5";"0,32%";"0,47%";"4";"BERTHOUT";"Florence";"F";"LUC";"5 UDC";"Liste d'union de la droite et du centre pour le 5ème";"607";"39,42%";"58,20%";"";"10";"8";"ROSSET";"Marine";"F";"LUG";"LE5EAV";"Le 5e est à vous ! avec Marine Rosset et Emmanuel Grégoire L'union de la gauche et des écologistes";"436";"28,31%";"41,80%";"";"3";"";"";"";"";"";"";"";"";"";"";"";"";"";"";"";"";"";"";"";"";"";"";"";""
"75";"Paris";"75056SR05";"Paris 5eme secteur";"0524";"1621";"1119";"69,03%";"502";"30,97%";"1091";"67,30%";"97,50%";"19";"1,17%";"1,70%";"9";"0,56%";"0,80%";"4";"BERTHOUT";"Florence";"F";"LUC";"5 UDC";"Liste d'union de la droite et du centre pour le 5ème";"525";"32,39%";"48,12%";"";"10";"8";"ROSSET";"Marine";"F";"LUG";"LE5EAV";"Le 5e est à vous ! avec Marine Rosset et Emmanuel Grégoire L'union de la gauche et des écologistes";"566";"34,92%";"51,88%";"";"3";"";"";"";"";"";"";"";"";"";"";"";"";"";"";"";"";"";"";"";"";"";"";"";""
"75";"Paris";"75056SR05";"Paris 5eme secteur";"0525";"1702";"1192";"70,04%";"510";"29,96%";"1173";"68,92%";"98,41%";"10";"0,59%";"0,84%";"9";"0,53%";"0,76%";"4";"BERTHOUT";"Florence";"F";"LUC";"5 UDC";"Liste d'union de la droite et du centre pour le 5ème";"590";"34,67%";"50,30%";"";"10";"8";"ROSSET";"Marine";"F";"LUG";"LE5EAV";"Le 5e est à vous ! avec Marine Rosset et Emmanuel Grégoire L'union de la gauche et des écologistes";"583";"34,25%";"49,70%";"";"3";"";"";"";"";"";"";"";"";"";"";"";"";"";"";"";"";"";"";"";"";"";"";"";""
"75";"Paris";"75056SR06";"Paris 6eme secteur";"0601";"1321";"833";"63,06%";"488";"36,94%";"825";"62,45%";"99,04%";"4";"0,30%";"0,48%";"4";"0,30%";"0,48%";"3";"LESIEUR";"Antoine";"M";"LUC";"P6ALS";"Paris 6ème Apaisé avec Antoine Lesieur";"96";"7,27%";"11,64%";"";"0";"5";"LECOQ";"Jean-Pierre";"M";"LUD";"CP6";"Changer Paris - Pour le 6ème";"453";"34,29%";"54,91%";"";"8";"6";"HERVIEU";"Céline";"F";"LUG";"P6EAV";"Paris 6ème est à vous! Avec Céline Hervieu et Emmanuel Grégoire L'union de la gauche et des écologistes";"276";"20,89%";"33,45%";"";"1";"";"";"";"";"";"";"";"";"";"";"";""
"75";"Paris";"75056SR06";"Paris 6eme secteur";"0602";"1350";"883";"65,41%";"467";"34,59%";"872";"64,59%";"98,75%";"9";"0,67%";"1,02%";"2";"0,15%";"0,23%";"3";"LESIEUR";"Antoine";"M";"LUC";"P6ALS";"Paris 6ème Apaisé avec Antoine Lesieur";"105";"7,78%";"12,04%";"";"0";"5";"LECOQ";"Jean-Pierre";"M";"LUD";"CP6";"Changer Paris - Pour le 6ème";"504";"37,33%";"57,80%";"";"8";"6";"HERVIEU";"Céline";"F";"LUG";"P6EAV";"Paris 6ème est à vous! Avec Céline Hervieu et Emmanuel Grégoire L'union de la gauche et des écologistes";"263";"19,48%";"30,16%";"";"1";"";"";"";"";"";"";"";"";"";"";"";""
"75";"Paris";"75056SR06";"Paris 6eme secteur";"0603";"1414";"888";"62,80%";"526";"37,20%";"876";"61,95%";"98,65%";"9";"0,64%";"1,01%";"3";"0,21%";"0,34%";"3";"LESIEUR";"Antoine";"M";"LUC";"P6ALS";"Paris 6ème Apaisé avec Antoine Lesieur";"145";"10,25%";"16,55%";"";"0";"5";"LECOQ";"Jean-Pierre";"M";"LUD";"CP6";"Changer Paris - Pour le 6ème";"407";"28,78%";"46,46%";"";"8";"6";"HERVIEU";"Céline";"F";"LUG";"P6EAV";"Paris 6ème est à vous! Avec Céline Hervieu et Emmanuel Grégoire L'union de la gauche et des écologistes";"324";"22,91%";"36,99%";"";"1";"";"";"";"";"";"";"";"";"";"";"";""
"75";"Paris";"75056SR06";"Paris 6eme secteur";"0604";"1071";"665";"62,09%";"406";"37,91%";"651";"60,78%";"97,89%";"9";"0,84%";"1,35%";"5";"0,47%";"0,75%";"3";"LESIEUR";"Antoine";"M";"LUC";"P6ALS";"Paris 6ème Apaisé avec Antoine Lesieur";"100";"9,34%";"15,36%";"";"0";"5";"LECOQ";"Jean-Pierre";"M";"LUD";"CP6";"Changer Paris - Pour le 6ème";"316";"29,51%";"48,54%";"";"8";"6";"HERVIEU";"Céline";"F";"LUG";"P6EAV";"Paris 6ème est à vous! Avec Céline Hervieu et Emmanuel Grégoire L'union de la gauche et des écologistes";"235";"21,94%";"36,10%";"";"1";"";"";"";"";"";"";"";"";"";"";"";""
"75";"Paris";"75056SR06";"Paris 6eme secteur";"0605";"1279";"830";"64,89%";"449";"35,11%";"813";"63,57%";"97,95%";"11";"0,86%";"1,33%";"6";"0,47%";"0,72%";"3";"LESIEUR";"Antoine";"M";"LUC";"P6ALS";"Paris 6ème Apaisé avec Antoine Lesieur";"113";"8,84%";"13,90%";"";"0";"5";"LECOQ";"Jean-Pierre";"M";"LUD";"CP6";"Changer Paris - Pour le 6ème";"400";"31,27%";"49,20%";"";"8";"6";"HERVIEU";"Céline";"F";"LUG";"P6EAV";"Paris 6ème est à vous! Avec Céline Hervieu et Emmanuel Grégoire L'union de la gauche et des écologistes";"300";"23,46%";"36,90%";"";"1";"";"";"";"";"";"";"";"";"";"";"";""
"75";"Paris";"75056SR06";"Paris 6eme secteur";"0606";"1196";"746";"62,37%";"450";"37,63%";"734";"61,37%";"98,39%";"7";"0,59%";"0,94%";"5";"0,42%";"0,67%";"3";"LESIEUR";"Antoine";"M";"LUC";"P6ALS";"Paris 6ème Apaisé avec Antoine Lesieur";"93";"7,78%";"12,67%";"";"0";"5";"LECOQ";"Jean-Pierre";"M";"LUD";"CP6";"Changer Paris - Pour le 6ème";"351";"29,35%";"47,82%";"";"8";"6";"HERVIEU";"Céline";"F";"LUG";"P6EAV";"Paris 6ème est à vous! Avec Céline Hervieu et Emmanuel Grégoire L'union de la gauche et des écologistes";"290";"24,25%";"39,51%";"";"1";"";"";"";"";"";"";"";"";"";"";"";""
"75";"Paris";"75056SR06";"Paris 6eme secteur";"0607";"1030";"644";"62,52%";"386";"37,48%";"634";"61,55%";"98,45%";"9";"0,87%";"1,40%";"1";"0,10%";"0,16%";"3";"LESIEUR";"Antoine";"M";"LUC";"P6ALS";"Paris 6ème Apaisé avec Antoine Lesieur";"93";"9,03%";"14,67%";"";"0";"5";"LECOQ";"Jean-Pierre";"M";"LUD";"CP6";"Changer Paris - Pour le 6ème";"364";"35,34%";"57,41%";"";"8";"6";"HERVIEU";"Céline";"F";"LUG";"P6EAV";"Paris 6ème est à vous! Avec Céline Hervieu et Emmanuel Grégoire L'union de la gauche et des écologistes";"177";"17,18%";"27,92%";"";"1";"";"";"";"";"";"";"";"";"";"";"";""
"75";"Paris";"75056SR06";"Paris 6eme secteur";"0608";"1058";"660";"62,38%";"398";"37,62%";"653";"61,72%";"98,94%";"6";"0,57%";"0,91%";"1";"0,09%";"0,15%";"3";"LESIEUR";"Antoine";"M";"LUC";"P6ALS";"Paris 6ème Apaisé avec Antoine Lesieur";"93";"8,79%";"14,24%";"";"0";"5";"LECOQ";"Jean-Pierre";"M";"LUD";"CP6";"Changer Paris - Pour le 6ème";"366";"34,59%";"56,05%";"";"8";"6";"HERVIEU";"Céline";"F";"LUG";"P6EAV";"Paris 6ème est à vous! Avec Céline Hervieu et Emmanuel Grégoire L'union de la gauche et des écologistes";"194";"18,34%";"29,71%";"";"1";"";"";"";"";"";"";"";"";"";"";"";""
"75";"Paris";"75056SR06";"Paris 6eme secteur";"0609";"931";"590";"63,37%";"341";"36,63%";"579";"62,19%";"98,14%";"9";"0,97%";"1,53%";"2";"0,21%";"0,34%";"3";"LESIEUR";"Antoine";"M";"LUC";"P6ALS";"Paris 6ème Apaisé avec Antoine Lesieur";"62";"6,66%";"10,71%";"";"0";"5";"LECOQ";"Jean-Pierre";"M";"LUD";"CP6";"Changer Paris - Pour le 6ème";"341";"36,63%";"58,89%";"";"8";"6";"HERVIEU";"Céline";"F";"LUG";"P6EAV";"Paris 6ème est à vous! Avec Céline Hervieu et Emmanuel Grégoire L'union de la gauche et des écologistes";"176";"18,90%";"30,40%";"";"1";"";"";"";"";"";"";"";"";"";"";"";""
"75";"Paris";"75056SR06";"Paris 6eme secteur";"0610";"1156";"800";"69,20%";"356";"30,80%";"789";"68,25%";"98,63%";"8";"0,69%";"1,00%";"3";"0,26%";"0,38%";"3";"LESIEUR";"Antoine";"M";"LUC";"P6ALS";"Paris 6ème Apaisé avec Antoine Lesieur";"116";"10,03%";"14,70%";"";"0";"5";"LECOQ";"Jean-Pierre";"M";"LUD";"CP6";"Changer Paris - Pour le 6ème";"420";"36,33%";"53,23%";"";"8";"6";"HERVIEU";"Céline";"F";"LUG";"P6EAV";"Paris 6ème est à vous! Avec Céline Hervieu et Emmanuel Grégoire L'union de la gauche et des écologistes";"253";"21,89%";"32,07%";"";"1";"";"";"";"";"";"";"";"";"";"";"";""
"75";"Paris";"75056SR06";"Paris 6eme secteur";"0611";"1370";"872";"63,65%";"498";"36,35%";"856";"62,48%";"98,17%";"14";"1,02%";"1,61%";"2";"0,15%";"0,23%";"3";"LESIEUR";"Antoine";"M";"LUC";"P6ALS";"Paris 6ème Apaisé avec Antoine Lesieur";"116";"8,47%";"13,55%";"";"0";"5";"LECOQ";"Jean-Pierre";"M";"LUD";"CP6";"Changer Paris - Pour le 6ème";"479";"34,96%";"55,96%";"";"8";"6";"HERVIEU";"Céline";"F";"LUG";"P6EAV";"Paris 6ème est à vous! Avec Céline Hervieu et Emmanuel Grégoire L'union de la gauche et des écologistes";"261";"19,05%";"30,49%";"";"1";"";"";"";"";"";"";"";"";"";"";"";""
"75";"Paris";"75056SR06";"Paris 6eme secteur";"0612";"1187";"846";"71,27%";"341";"28,73%";"840";"70,77%";"99,29%";"1";"0,08%";"0,12%";"5";"0,42%";"0,59%";"3";"LESIEUR";"Antoine";"M";"LUC";"P6ALS";"Paris 6ème Apaisé avec Antoine Lesieur";"125";"10,53%";"14,88%";"";"0";"5";"LECOQ";"Jean-Pierre";"M";"LUD";"CP6";"Changer Paris - Pour le 6ème";"477";"40,19%";"56,79%";"";"8";"6";"HERVIEU";"Céline";"F";"LUG";"P6EAV";"Paris 6ème est à vous! Avec Céline Hervieu et Emmanuel Grégoire L'union de la gauche et des écologistes";"238";"20,05%";"28,33%";"";"1";"";"";"";"";"";"";"";"";"";"";"";""
"75";"Paris";"75056SR06";"Paris 6eme secteur";"0613";"1389";"959";"69,04%";"430";"30,96%";"947";"68,18%";"98,75%";"12";"0,86%";"1,25%";"0";"0,00%";"0,00%";"3";"LESIEUR";"Antoine";"M";"LUC";"P6ALS";"Paris 6ème Apaisé avec Antoine Lesieur";"127";"9,14%";"13,41%";"";"0";"5";"LECOQ";"Jean-Pierre";"M";"LUD";"CP6";"Changer Paris - Pour le 6ème";"566";"40,75%";"59,77%";"";"8";"6";"HERVIEU";"Céline";"F";"LUG";"P6EAV";"Paris 6ème est à vous! Avec Céline Hervieu et Emmanuel Grégoire L'union de la gauche et des écologistes";"254";"18,29%";"26,82%";"";"1";"";"";"";"";"";"";"";"";"";"";"";""
"75";"Paris";"75056SR06";"Paris 6eme secteur";"0614";"1347";"865";"64,22%";"482";"35,78%";"849";"63,03%";"98,15%";"10";"0,74%";"1,16%";"6";"0,45%";"0,69%";"3";"LESIEUR";"Antoine";"M";"LUC";"P6ALS";"Paris 6ème Apaisé avec Antoine Lesieur";"112";"8,31%";"13,19%";"";"0";"5";"LECOQ";"Jean-Pierre";"M";"LUD";"CP6";"Changer Paris - Pour le 6ème";"488";"36,23%";"57,48%";"";"8";"6";"HERVIEU";"Céline";"F";"LUG";"P6EAV";"Paris 6ème est à vous! Avec Céline Hervieu et Emmanuel Grégoire L'union de la gauche et des écologistes";"249";"18,49%";"29,33%";"";"1";"";"";"";"";"";"";"";"";"";"";"";""
"75";"Paris";"75056SR06";"Paris 6eme secteur";"0615";"1268";"824";"64,98%";"444";"35,02%";"810";"63,88%";"98,30%";"9";"0,71%";"1,09%";"5";"0,39%";"0,61%";"3";"LESIEUR";"Antoine";"M";"LUC";"P6ALS";"Paris 6ème Apaisé avec Antoine Lesieur";"129";"10,17%";"15,93%";"";"0";"5";"LECOQ";"Jean-Pierre";"M";"LUD";"CP6";"Changer Paris - Pour le 6ème";"440";"34,70%";"54,32%";"";"8";"6";"HERVIEU";"Céline";"F";"LUG";"P6EAV";"Paris 6ème est à vous! Avec Céline Hervieu et Emmanuel Grégoire L'union de la gauche et des écologistes";"241";"19,01%";"29,75%";"";"1";"";"";"";"";"";"";"";"";"";"";"";""
"75";"Paris";"75056SR06";"Paris 6eme secteur";"0616";"1609";"1032";"64,14%";"577";"35,86%";"1016";"63,14%";"98,45%";"12";"0,75%";"1,16%";"4";"0,25%";"0,39%";"3";"LESIEUR";"Antoine";"M";"LUC";"P6ALS";"Paris 6ème Apaisé avec Antoine Lesieur";"173";"10,75%";"17,03%";"";"0";"5";"LECOQ";"Jean-Pierre";"M";"LUD";"CP6";"Changer Paris - Pour le 6ème";"514";"31,95%";"50,59%";"";"8";"6";"HERVIEU";"Céline";"F";"LUG";"P6EAV";"Paris 6ème est à vous! Avec Céline Hervieu et Emmanuel Grégoire L'union de la gauche et des écologistes";"329";"20,45%";"32,38%";"";"1";"";"";"";"";"";"";"";"";"";"";"";""
"75";"Paris";"75056SR06";"Paris 6eme secteur";"0617";"1501";"1021";"68,02%";"480";"31,98%";"1004";"66,89%";"98,33%";"11";"0,73%";"1,08%";"6";"0,40%";"0,59%";"3";"LESIEUR";"Antoine";"M";"LUC";"P6ALS";"Paris 6ème Apaisé avec Antoine Lesieur";"159";"10,59%";"15,84%";"";"0";"5";"LECOQ";"Jean-Pierre";"M";"LUD";"CP6";"Changer Paris - Pour le 6ème";"512";"34,11%";"51,00%";"";"8";"6";"HERVIEU";"Céline";"F";"LUG";"P6EAV";"Paris 6ème est à vous! Avec Céline Hervieu et Emmanuel Grégoire L'union de la gauche et des écologistes";"333";"22,19%";"33,17%";"";"1";"";"";"";"";"";"";"";"";"";"";"";""
"75";"Paris";"75056SR06";"Paris 6eme secteur";"0618";"1090";"750";"68,81%";"340";"31,19%";"741";"67,98%";"98,80%";"7";"0,64%";"0,93%";"2";"0,18%";"0,27%";"3";"LESIEUR";"Antoine";"M";"LUC";"P6ALS";"Paris 6ème Apaisé avec Antoine Lesieur";"92";"8,44%";"12,42%";"";"0";"5";"LECOQ";"Jean-Pierre";"M";"LUD";"CP6";"Changer Paris - Pour le 6ème";"422";"38,72%";"56,95%";"";"8";"6";"HERVIEU";"Céline";"F";"LUG";"P6EAV";"Paris 6ème est à vous! Avec Céline Hervieu et Emmanuel Grégoire L'union de la gauche et des écologistes";"227";"20,83%";"30,63%";"";"1";"";"";"";"";"";"";"";"";"";"";"";""
"75";"Paris";"75056SR06";"Paris 6eme secteur";"0619";"1065";"736";"69,11%";"329";"30,89%";"729";"68,45%";"99,05%";"6";"0,56%";"0,82%";"1";"0,09%";"0,14%";"3";"LESIEUR";"Antoine";"M";"LUC";"P6ALS";"Paris 6ème Apaisé avec Antoine Lesieur";"113";"10,61%";"15,50%";"";"0";"5";"LECOQ";"Jean-Pierre";"M";"LUD";"CP6";"Changer Paris - Pour le 6ème";"371";"34,84%";"50,89%";"";"8";"6";"HERVIEU";"Céline";"F";"LUG";"P6EAV";"Paris 6ème est à vous! Avec Céline Hervieu et Emmanuel Grégoire L'union de la gauche et des écologistes";"245";"23,00%";"33,61%";"";"1";"";"";"";"";"";"";"";"";"";"";"";""
"75";"Paris";"75056SR06";"Paris 6eme secteur";"0620";"1227";"815";"66,42%";"412";"33,58%";"808";"65,85%";"99,14%";"5";"0,41%";"0,61%";"2";"0,16%";"0,25%";"3";"LESIEUR";"Antoine";"M";"LUC";"P6ALS";"Paris 6ème Apaisé avec Antoine Lesieur";"108";"8,80%";"13,37%";"";"0";"5";"LECOQ";"Jean-Pierre";"M";"LUD";"CP6";"Changer Paris - Pour le 6ème";"478";"38,96%";"59,16%";"";"8";"6";"HERVIEU";"Céline";"F";"LUG";"P6EAV";"Paris 6ème est à vous! Avec Céline Hervieu et Emmanuel Grégoire L'union de la gauche et des écologistes";"222";"18,09%";"27,48%";"";"1";"";"";"";"";"";"";"";"";"";"";"";""
"75";"Paris";"75056SR06";"Paris 6eme secteur";"0621";"1216";"850";"69,90%";"366";"30,10%";"841";"69,16%";"98,94%";"9";"0,74%";"1,06%";"0";"0,00%";"0,00%";"3";"LESIEUR";"Antoine";"M";"LUC";"P6ALS";"Paris 6ème Apaisé avec Antoine Lesieur";"132";"10,86%";"15,70%";"";"0";"5";"LECOQ";"Jean-Pierre";"M";"LUD";"CP6";"Changer Paris - Pour le 6ème";"397";"32,65%";"47,21%";"";"8";"6";"HERVIEU";"Céline";"F";"LUG";"P6EAV";"Paris 6ème est à vous! Avec Céline Hervieu et Emmanuel Grégoire L'union de la gauche et des écologistes";"312";"25,66%";"37,10%";"";"1";"";"";"";"";"";"";"";"";"";"";"";""
"75";"Paris";"75056SR06";"Paris 6eme secteur";"0622";"1355";"955";"70,48%";"400";"29,52%";"943";"69,59%";"98,74%";"9";"0,66%";"0,94%";"3";"0,22%";"0,31%";"3";"LESIEUR";"Antoine";"M";"LUC";"P6ALS";"Paris 6ème Apaisé avec Antoine Lesieur";"137";"10,11%";"14,53%";"";"0";"5";"LECOQ";"Jean-Pierre";"M";"LUD";"CP6";"Changer Paris - Pour le 6ème";"490";"36,16%";"51,96%";"";"8";"6";"HERVIEU";"Céline";"F";"LUG";"P6EAV";"Paris 6ème est à vous! Avec Céline Hervieu et Emmanuel Grégoire L'union de la gauche et des écologistes";"316";"23,32%";"33,51%";"";"1";"";"";"";"";"";"";"";"";"";"";"";""
"75";"Paris";"75056SR08";"Paris 8eme secteur";"0801";"1636";"1085";"66,32%";"551";"33,68%";"1069";"65,34%";"98,53%";"15";"0,92%";"1,38%";"1";"0,06%";"0,09%";"2";"COLLIN";"Marie";"F";"LEXD";"SK UVH 8e";"Sarah Knafo pour Paris - Une ville heureuse";"74";"4,52%";"6,92%";"";"0";"3";"FOURDRINIER";"Théa";"F";"LUG";"L8EAV";"Le 8è est à vous ! avec Théa Fourdrinier et Emmanuel Grégoire. L'union de la gauche et des écologistes";"199";"12,16%";"18,62%";"";"1";"6";"LÉCUYER";"Catherine";"F";"LUD";"CP8";"CHANGER PARIS - POUR LE 8e AVEC CATHERINE LÉCUYER - LISTE D'UNION DE LA DROITE ET DU CENTRE";"655";"40,04%";"61,27%";"";"7";"7";"D'HAUTESERRE";"Jeanne";"F";"LDVD";"8CNA";"LE 8E AU COEUR DE NOTRE ACTION";"141";"8,62%";"13,19%";"";"0"
"75";"Paris";"75056SR08";"Paris 8eme secteur";"0802";"1410";"893";"63,33%";"517";"36,67%";"886";"62,84%";"99,22%";"6";"0,43%";"0,67%";"1";"0,07%";"0,11%";"2";"COLLIN";"Marie";"F";"LEXD";"SK UVH 8e";"Sarah Knafo pour Paris - Une ville heureuse";"69";"4,89%";"7,79%";"";"0";"3";"FOURDRINIER";"Théa";"F";"LUG";"L8EAV";"Le 8è est à vous ! avec Théa Fourdrinier et Emmanuel Grégoire. L'union de la gauche et des écologistes";"140";"9,93%";"15,80%";"";"1";"6";"LÉCUYER";"Catherine";"F";"LUD";"CP8";"CHANGER PARIS - POUR LE 8e AVEC CATHERINE LÉCUYER - LISTE D'UNION DE LA DROITE ET DU CENTRE";"593";"42,06%";"66,93%";"";"7";"7";"D'HAUTESERRE";"Jeanne";"F";"LDVD";"8CNA";"LE 8E AU COEUR DE NOTRE ACTION";"84";"5,96%";"9,48%";"";"0"
"75";"Paris";"75056SR08";"Paris 8eme secteur";"0803";"1440";"1010";"70,14%";"430";"29,86%";"999";"69,38%";"98,91%";"7";"0,49%";"0,69%";"4";"0,28%";"0,40%";"2";"COLLIN";"Marie";"F";"LEXD";"SK UVH 8e";"Sarah Knafo pour Paris - Une ville heureuse";"69";"4,79%";"6,91%";"";"0";"3";"FOURDRINIER";"Théa";"F";"LUG";"L8EAV";"Le 8è est à vous ! avec Théa Fourdrinier et Emmanuel Grégoire. L'union de la gauche et des écologistes";"213";"14,79%";"21,32%";"";"1";"6";"LÉCUYER";"Catherine";"F";"LUD";"CP8";"CHANGER PARIS - POUR LE 8e AVEC CATHERINE LÉCUYER - LISTE D'UNION DE LA DROITE ET DU CENTRE";"606";"42,08%";"60,66%";"";"7";"7";"D'HAUTESERRE";"Jeanne";"F";"LDVD";"8CNA";"LE 8E AU COEUR DE NOTRE ACTION";"111";"7,71%";"11,11%";"";"0"
"75";"Paris";"75056SR08";"Paris 8eme secteur";"0804";"1506";"986";"65,47%";"520";"34,53%";"977";"64,87%";"99,09%";"8";"0,53%";"0,81%";"1";"0,07%";"0,10%";"2";"COLLIN";"Marie";"F";"LEXD";"SK UVH 8e";"Sarah Knafo pour Paris - Une ville heureuse";"67";"4,45%";"6,86%";"";"0";"3";"FOURDRINIER";"Théa";"F";"LUG";"L8EAV";"Le 8è est à vous ! avec Théa Fourdrinier et Emmanuel Grégoire. L'union de la gauche et des écologistes";"160";"10,62%";"16,38%";"";"1";"6";"LÉCUYER";"Catherine";"F";"LUD";"CP8";"CHANGER PARIS - POUR LE 8e AVEC CATHERINE LÉCUYER - LISTE D'UNION DE LA DROITE ET DU CENTRE";"663";"44,02%";"67,86%";"";"7";"7";"D'HAUTESERRE";"Jeanne";"F";"LDVD";"8CNA";"LE 8E AU COEUR DE NOTRE ACTION";"87";"5,78%";"8,90%";"";"0"
"75";"Paris";"75056SR08";"Paris 8eme secteur";"0805";"1751";"1157";"66,08%";"594";"33,92%";"1137";"64,93%";"98,27%";"16";"0,91%";"1,38%";"4";"0,23%";"0,35%";"2";"COLLIN";"Marie";"F";"LEXD";"SK UVH 8e";"Sarah Knafo pour Paris - Une ville heureuse";"71";"4,05%";"6,24%";"";"0";"3";"FOURDRINIER";"Théa";"F";"LUG";"L8EAV";"Le 8è est à vous ! avec Théa Fourdrinier et Emmanuel Grégoire. L'union de la gauche et des écologistes";"265";"15,13%";"23,31%";"";"1";"6";"LÉCUYER";"Catherine";"F";"LUD";"CP8";"CHANGER PARIS - POUR LE 8e AVEC CATHERINE LÉCUYER - LISTE D'UNION DE LA DROITE ET DU CENTRE";"649";"37,06%";"57,08%";"";"7";"7";"D'HAUTESERRE";"Jeanne";"F";"LDVD";"8CNA";"LE 8E AU COEUR DE NOTRE ACTION";"152";"8,68%";"13,37%";"";"0"
"75";"Paris";"75056SR08";"Paris 8eme secteur";"0806";"1473";"1022";"69,38%";"451";"30,62%";"1007";"68,36%";"98,53%";"11";"0,75%";"1,08%";"4";"0,27%";"0,39%";"2";"COLLIN";"Marie";"F";"LEXD";"SK UVH 8e";"Sarah Knafo pour Paris - Une ville heureuse";"65";"4,41%";"6,45%";"";"0";"3";"FOURDRINIER";"Théa";"F";"LUG";"L8EAV";"Le 8è est à vous ! avec Théa Fourdrinier et Emmanuel Grégoire. L'union de la gauche et des écologistes";"304";"20,64%";"30,19%";"";"1";"6";"LÉCUYER";"Catherine";"F";"LUD";"CP8";"CHANGER PARIS - POUR LE 8e AVEC CATHERINE LÉCUYER - LISTE D'UNION DE LA DROITE ET DU CENTRE";"493";"33,47%";"48,96%";"";"7";"7";"D'HAUTESERRE";"Jeanne";"F";"LDVD";"8CNA";"LE 8E AU COEUR DE NOTRE ACTION";"145";"9,84%";"14,40%";"";"0"
"75";"Paris";"75056SR08";"Paris 8eme secteur";"0807";"1587";"1070";"67,42%";"517";"32,58%";"1051";"66,23%";"98,22%";"13";"0,82%";"1,21%";"6";"0,38%";"0,56%";"2";"COLLIN";"Marie";"F";"LEXD";"SK UVH 8e";"Sarah Knafo pour Paris - Une ville heureuse";"45";"2,84%";"4,28%";"";"0";"3";"FOURDRINIER";"Théa";"F";"LUG";"L8EAV";"Le 8è est à vous ! avec Théa Fourdrinier et Emmanuel Grégoire. L'union de la gauche et des écologistes";"332";"20,92%";"31,59%";"";"1";"6";"LÉCUYER";"Catherine";"F";"LUD";"CP8";"CHANGER PARIS - POUR LE 8e AVEC CATHERINE LÉCUYER - LISTE D'UNION DE LA DROITE ET DU CENTRE";"550";"34,66%";"52,33%";"";"7";"7";"D'HAUTESERRE";"Jeanne";"F";"LDVD";"8CNA";"LE 8E AU COEUR DE NOTRE ACTION";"124";"7,81%";"11,80%";"";"0"
"75";"Paris";"75056SR08";"Paris 8eme secteur";"0808";"1539";"1016";"66,02%";"523";"33,98%";"999";"64,91%";"98,33%";"15";"0,97%";"1,48%";"2";"0,13%";"0,20%";"2";"COLLIN";"Marie";"F";"LEXD";"SK UVH 8e";"Sarah Knafo pour Paris - Une ville heureuse";"55";"3,57%";"5,51%";"";"0";"3";"FOURDRINIER";"Théa";"F";"LUG";"L8EAV";"Le 8è est à vous ! avec Théa Fourdrinier et Emmanuel Grégoire. L'union de la gauche et des écologistes";"356";"23,13%";"35,64%";"";"1";"6";"LÉCUYER";"Catherine";"F";"LUD";"CP8";"CHANGER PARIS - POUR LE 8e AVEC CATHERINE LÉCUYER - LISTE D'UNION DE LA DROITE ET DU CENTRE";"468";"30,41%";"46,85%";"";"7";"7";"D'HAUTESERRE";"Jeanne";"F";"LDVD";"8CNA";"LE 8E AU COEUR DE NOTRE ACTION";"120";"7,80%";"12,01%";"";"0"
"75";"Paris";"75056SR08";"Paris 8eme secteur";"0809";"1748";"1205";"68,94%";"543";"31,06%";"1187";"67,91%";"98,51%";"13";"0,74%";"1,08%";"5";"0,29%";"0,41%";"2";"COLLIN";"Marie";"F";"LEXD";"SK UVH 8e";"Sarah Knafo pour Paris - Une ville heureuse";"66";"3,78%";"5,56%";"";"0";"3";"FOURDRINIER";"Théa";"F";"LUG";"L8EAV";"Le 8è est à vous ! avec Théa Fourdrinier et Emmanuel Grégoire. L'union de la gauche et des écologistes";"277";"15,85%";"23,34%";"";"1";"6";"LÉCUYER";"Catherine";"F";"LUD";"CP8";"CHANGER PARIS - POUR LE 8e AVEC CATHERINE LÉCUYER - LISTE D'UNION DE LA DROITE ET DU CENTRE";"641";"36,67%";"54,00%";"";"7";"7";"D'HAUTESERRE";"Jeanne";"F";"LDVD";"8CNA";"LE 8E AU COEUR DE NOTRE ACTION";"203";"11,61%";"17,10%";"";"0"
"75";"Paris";"75056SR08";"Paris 8eme secteur";"0810";"1108";"662";"59,75%";"446";"40,25%";"653";"58,94%";"98,64%";"6";"0,54%";"0,91%";"3";"0,27%";"0,45%";"2";"COLLIN";"Marie";"F";"LEXD";"SK UVH 8e";"Sarah Knafo pour Paris - Une ville heureuse";"48";"4,33%";"7,35%";"";"0";"3";"FOURDRINIER";"Théa";"F";"LUG";"L8EAV";"Le 8è est à vous ! avec Théa Fourdrinier et Emmanuel Grégoire. L'union de la gauche et des écologistes";"155";"13,99%";"23,74%";"";"1";"6";"LÉCUYER";"Catherine";"F";"LUD";"CP8";"CHANGER PARIS - POUR LE 8e AVEC CATHERINE LÉCUYER - LISTE D'UNION DE LA DROITE ET DU CENTRE";"323";"29,15%";"49,46%";"";"7";"7";"D'HAUTESERRE";"Jeanne";"F";"LDVD";"8CNA";"LE 8E AU COEUR DE NOTRE ACTION";"127";"11,46%";"19,45%";"";"0"
"75";"Paris";"75056SR08";"Paris 8eme secteur";"0811";"1149";"724";"63,01%";"425";"36,99%";"716";"62,32%";"98,90%";"8";"0,70%";"1,10%";"0";"0,00%";"0,00%";"2";"COLLIN";"Marie";"F";"LEXD";"SK UVH 8e";"Sarah Knafo pour Paris - Une ville heureuse";"56";"4,87%";"7,82%";"";"0";"3";"FOURDRINIER";"Théa";"F";"LUG";"L8EAV";"Le 8è est à vous ! avec Théa Fourdrinier et Emmanuel Grégoire. L'union de la gauche et des écologistes";"190";"16,54%";"26,54%";"";"1";"6";"LÉCUYER";"Catherine";"F";"LUD";"CP8";"CHANGER PARIS - POUR LE 8e AVEC CATHERINE LÉCUYER - LISTE D'UNION DE LA DROITE ET DU CENTRE";"351";"30,55%";"49,02%";"";"7";"7";"D'HAUTESERRE";"Jeanne";"F";"LDVD";"8CNA";"LE 8E AU COEUR DE NOTRE ACTION";"119";"10,36%";"16,62%";"";"0"
"75";"Paris";"75056SR08";"Paris 8eme secteur";"0812";"1316";"764";"58,05%";"552";"41,95%";"753";"57,22%";"98,56%";"7";"0,53%";"0,92%";"4";"0,30%";"0,52%";"2";"COLLIN";"Marie";"F";"LEXD";"SK UVH 8e";"Sarah Knafo pour Paris - Une ville heureuse";"66";"5,02%";"8,76%";"";"0";"3";"FOURDRINIER";"Théa";"F";"LUG";"L8EAV";"Le 8è est à vous ! avec Théa Fourdrinier et Emmanuel Grégoire. L'union de la gauche et des écologistes";"177";"13,45%";"23,51%";"";"1";"6";"LÉCUYER";"Catherine";"F";"LUD";"CP8";"CHANGER PARIS - POUR LE 8e AVEC CATHERINE LÉCUYER - LISTE D'UNION DE LA DROITE ET DU CENTRE";"418";"31,76%";"55,51%";"";"7";"7";"D'HAUTESERRE";"Jeanne";"F";"LDVD";"8CNA";"LE 8E AU COEUR DE NOTRE ACTION";"92";"6,99%";"12,22%";"";"0"
"75";"Paris";"75056SR08";"Paris 8eme secteur";"0813";"1534";"898";"58,54%";"636";"41,46%";"887";"57,82%";"98,78%";"10";"0,65%";"1,11%";"1";"0,07%";"0,11%";"2";"COLLIN";"Marie";"F";"LEXD";"SK UVH 8e";"Sarah Knafo pour Paris - Une ville heureuse";"64";"4,17%";"7,22%";"";"0";"3";"FOURDRINIER";"Théa";"F";"LUG";"L8EAV";"Le 8è est à vous ! avec Théa Fourdrinier et Emmanuel Grégoire. L'union de la gauche et des écologistes";"151";"9,84%";"17,02%";"";"1";"6";"LÉCUYER";"Catherine";"F";"LUD";"CP8";"CHANGER PARIS - POUR LE 8e AVEC CATHERINE LÉCUYER - LISTE D'UNION DE LA DROITE ET DU CENTRE";"545";"35,53%";"61,44%";"";"7";"7";"D'HAUTESERRE";"Jeanne";"F";"LDVD";"8CNA";"LE 8E AU COEUR DE NOTRE ACTION";"127";"8,28%";"14,32%";"";"0"
"75";"Paris";"75056SR08";"Paris 8eme secteur";"0814";"1555";"904";"58,14%";"651";"41,86%";"888";"57,11%";"98,23%";"11";"0,71%";"1,22%";"5";"0,32%";"0,55%";"2";"COLLIN";"Marie";"F";"LEXD";"SK UVH 8e";"Sarah Knafo pour Paris - Une ville heureuse";"86";"5,53%";"9,68%";"";"0";"3";"FOURDRINIER";"Théa";"F";"LUG";"L8EAV";"Le 8è est à vous ! avec Théa Fourdrinier et Emmanuel Grégoire. L'union de la gauche et des écologistes";"163";"10,48%";"18,36%";"";"1";"6";"LÉCUYER";"Catherine";"F";"LUD";"CP8";"CHANGER PARIS - POUR LE 8e AVEC CATHERINE LÉCUYER - LISTE D'UNION DE LA DROITE ET DU CENTRE";"508";"32,67%";"57,21%";"";"7";"7";"D'HAUTESERRE";"Jeanne";"F";"LDVD";"8CNA";"LE 8E AU COEUR DE NOTRE ACTION";"131";"8,42%";"14,75%";"";"0"
"75";"Paris";"75056SR08";"Paris 8eme secteur";"0815";"1599";"996";"62,29%";"603";"37,71%";"983";"61,48%";"98,69%";"10";"0,63%";"1,00%";"3";"0,19%";"0,30%";"2";"COLLIN";"Marie";"F";"LEXD";"SK UVH 8e";"Sarah Knafo pour Paris - Une ville heureuse";"83";"5,19%";"8,44%";"";"0";"3";"FOURDRINIER";"Théa";"F";"LUG";"L8EAV";"Le 8è est à vous ! avec Théa Fourdrinier et Emmanuel Grégoire. L'union de la gauche et des écologistes";"162";"10,13%";"16,48%";"";"1";"6";"LÉCUYER";"Catherine";"F";"LUD";"CP8";"CHANGER PARIS - POUR LE 8e AVEC CATHERINE LÉCUYER - LISTE D'UNION DE LA DROITE ET DU CENTRE";"604";"37,77%";"61,44%";"";"7";"7";"D'HAUTESERRE";"Jeanne";"F";"LDVD";"8CNA";"LE 8E AU COEUR DE NOTRE ACTION";"134";"8,38%";"13,63%";"";"0"
"75";"Paris";"75056SR08";"Paris 8eme secteur";"0816";"1692";"1064";"62,88%";"628";"37,12%";"1050";"62,06%";"98,68%";"8";"0,47%";"0,75%";"6";"0,35%";"0,56%";"2";"COLLIN";"Marie";"F";"LEXD";"SK UVH 8e";"Sarah Knafo pour Paris - Une ville heureuse";"110";"6,50%";"10,48%";"";"0";"3";"FOURDRINIER";"Théa";"F";"LUG";"L8EAV";"Le 8è est à vous ! avec Théa Fourdrinier et Emmanuel Grégoire. L'union de la gauche et des écologistes";"155";"9,16%";"14,76%";"";"1";"6";"LÉCUYER";"Catherine";"F";"LUD";"CP8";"CHANGER PARIS - POUR LE 8e AVEC CATHERINE LÉCUYER - LISTE D'UNION DE LA DROITE ET DU CENTRE";"636";"37,59%";"60,57%";"";"7";"7";"D'HAUTESERRE";"Jeanne";"F";"LDVD";"8CNA";"LE 8E AU COEUR DE NOTRE ACTION";"149";"8,81%";"14,19%";"";"0"
"75";"Paris";"75056SR08";"Paris 8eme secteur";"0817";"911";"473";"51,92%";"438";"48,08%";"468";"51,37%";"98,94%";"0";"0,00%";"0,00%";"5";"0,55%";"1,06%";"2";"COLLIN";"Marie";"F";"LEXD";"SK UVH 8e";"Sarah Knafo pour Paris - Une ville heureuse";"40";"4,39%";"8,55%";"";"0";"3";"FOURDRINIER";"Théa";"F";"LUG";"L8EAV";"Le 8è est à vous ! avec Théa Fourdrinier et Emmanuel Grégoire. L'union de la gauche et des écologistes";"76";"8,34%";"16,24%";"";"1";"6";"LÉCUYER";"Catherine";"F";"LUD";"CP8";"CHANGER PARIS - POUR LE 8e AVEC CATHERINE LÉCUYER - LISTE D'UNION DE LA DROITE ET DU CENTRE";"272";"29,86%";"58,12%";"";"7";"7";"D'HAUTESERRE";"Jeanne";"F";"LDVD";"8CNA";"LE 8E AU COEUR DE NOTRE ACTION";"80";"8,78%";"17,09%";"";"0"
"75";"Paris";"75056SR08";"Paris 8eme secteur";"0818";"938";"492";"52,45%";"446";"47,55%";"485";"51,71%";"98,58%";"5";"0,53%";"1,02%";"2";"0,21%";"0,41%";"2";"COLLIN";"Marie";"F";"LEXD";"SK UVH 8e";"Sarah Knafo pour Paris - Une ville heureuse";"52";"5,54%";"10,72%";"";"0";"3";"FOURDRINIER";"Théa";"F";"LUG";"L8EAV";"Le 8è est à vous ! avec Théa Fourdrinier et Emmanuel Grégoire. L'union de la gauche et des écologistes";"90";"9,59%";"18,56%";"";"1";"6";"LÉCUYER";"Catherine";"F";"LUD";"CP8";"CHANGER PARIS - POUR LE 8e AVEC CATHERINE LÉCUYER - LISTE D'UNION DE LA DROITE ET DU CENTRE";"274";"29,21%";"56,49%";"";"7";"7";"D'HAUTESERRE";"Jeanne";"F";"LDVD";"8CNA";"LE 8E AU COEUR DE NOTRE ACTION";"69";"7,36%";"14,23%";"";"0"
"75";"Paris";"75056SR09";"Paris 9eme secteur";"0901";"1359";"825";"60,71%";"534";"39,29%";"800";"58,87%";"96,97%";"18";"1,32%";"2,18%";"7";"0,52%";"0,85%";"1";"BÜRKLI";"Delphine";"F";"LUD";"CP 9e";"Changer Paris avec Delphine BURKLI pour le 9e";"470";"34,58%";"58,75%";"";"11";"2";"VIZIOZ-BRAMI";"Camille";"F";"LUG";"L9EAV";"Le 9e est à vous! Avec Camille Vizioz-Brami et Emmanuel Grégoire L'union de la gauche et des écologistes";"330";"24,28%";"41,25%";"";"3";"";"";"";"";"";"";"";"";"";"";"";"";"";"";"";"";"";"";"";"";"";"";"";""
"75";"Paris";"75056SR09";"Paris 9eme secteur";"0902";"1531";"1001";"65,38%";"530";"34,62%";"985";"64,34%";"98,40%";"11";"0,72%";"1,10%";"5";"0,33%";"0,50%";"1";"BÜRKLI";"Delphine";"F";"LUD";"CP 9e";"Changer Paris avec Delphine BURKLI pour le 9e";"536";"35,01%";"54,42%";"";"11";"2";"VIZIOZ-BRAMI";"Camille";"F";"LUG";"L9EAV";"Le 9e est à vous! Avec Camille Vizioz-Brami et Emmanuel Grégoire L'union de la gauche et des écologistes";"449";"29,33%";"45,58%";"";"3";"";"";"";"";"";"";"";"";"";"";"";"";"";"";"";"";"";"";"";"";"";"";"";""
"75";"Paris";"75056SR09";"Paris 9eme secteur";"0903";"1575";"1007";"63,94%";"568";"36,06%";"989";"62,79%";"98,21%";"10";"0,63%";"0,99%";"8";"0,51%";"0,79%";"1";"BÜRKLI";"Delphine";"F";"LUD";"CP 9e";"Changer Paris avec Delphine BURKLI pour le 9e";"577";"36,63%";"58,34%";"";"11";"2";"VIZIOZ-BRAMI";"Camille";"F";"LUG";"L9EAV";"Le 9e est à vous! Avec Camille Vizioz-Brami et Emmanuel Grégoire L'union de la gauche et des écologistes";"412";"26,16%";"41,66%";"";"3";"";"";"";"";"";"";"";"";"";"";"";"";"";"";"";"";"";"";"";"";"";"";"";""
"75";"Paris";"75056SR09";"Paris 9eme secteur";"0904";"1498";"968";"64,62%";"530";"35,38%";"957";"63,89%";"98,86%";"8";"0,53%";"0,83%";"3";"0,20%";"0,31%";"1";"BÜRKLI";"Delphine";"F";"LUD";"CP 9e";"Changer Paris avec Delphine BURKLI pour le 9e";"555";"37,05%";"57,99%";"";"11";"2";"VIZIOZ-BRAMI";"Camille";"F";"LUG";"L9EAV";"Le 9e est à vous! Avec Camille Vizioz-Brami et Emmanuel Grégoire L'union de la gauche et des écologistes";"402";"26,84%";"42,01%";"";"3";"";"";"";"";"";"";"";"";"";"";"";"";"";"";"";"";"";"";"";"";"";"";"";""
"75";"Paris";"75056SR09";"Paris 9eme secteur";"0905";"1507";"979";"64,96%";"528";"35,04%";"962";"63,84%";"98,26%";"10";"0,66%";"1,02%";"7";"0,46%";"0,72%";"1";"BÜRKLI";"Delphine";"F";"LUD";"CP 9e";"Changer Paris avec Delphine BURKLI pour le 9e";"585";"38,82%";"60,81%";"";"11";"2";"VIZIOZ-BRAMI";"Camille";"F";"LUG";"L9EAV";"Le 9e est à vous! Avec Camille Vizioz-Brami et Emmanuel Grégoire L'union de la gauche et des écologistes";"377";"25,02%";"39,19%";"";"3";"";"";"";"";"";"";"";"";"";"";"";"";"";"";"";"";"";"";"";"";"";"";"";""
"75";"Paris";"75056SR09";"Paris 9eme secteur";"0906";"1474";"895";"60,72%";"579";"39,28%";"879";"59,63%";"98,21%";"13";"0,88%";"1,45%";"3";"0,20%";"0,34%";"1";"BÜRKLI";"Delphine";"F";"LUD";"CP 9e";"Changer Paris avec Delphine BURKLI pour le 9e";"544";"36,91%";"61,89%";"";"11";"2";"VIZIOZ-BRAMI";"Camille";"F";"LUG";"L9EAV";"Le 9e est à vous! Avec Camille Vizioz-Brami et Emmanuel Grégoire L'union de la gauche et des écologistes";"335";"22,73%";"38,11%";"";"3";"";"";"";"";"";"";"";"";"";"";"";"";"";"";"";"";"";"";"";"";"";"";"";""
"75";"Paris";"75056SR09";"Paris 9eme secteur";"0907";"1434";"878";"61,23%";"556";"38,77%";"857";"59,76%";"97,61%";"17";"1,19%";"1,94%";"4";"0,28%";"0,46%";"1";"BÜRKLI";"Delphine";"F";"LUD";"CP 9e";"Changer Paris avec Delphine BURKLI pour le 9e";"575";"40,10%";"67,09%";"";"11";"2";"VIZIOZ-BRAMI";"Camille";"F";"LUG";"L9EAV";"Le 9e est à vous! Avec Camille Vizioz-Brami et Emmanuel Grégoire L'union de la gauche et des écologistes";"282";"19,67%";"32,91%";"";"3";"";"";"";"";"";"";"";"";"";"";"";"";"";"";"";"";"";"";"";"";"";"";"";""
"75";"Paris";"75056SR09";"Paris 9eme secteur";"0908";"1582";"1118";"70,67%";"464";"29,33%";"1096";"69,28%";"98,03%";"15";"0,95%";"1,34%";"7";"0,44%";"0,63%";"1";"BÜRKLI";"Delphine";"F";"LUD";"CP 9e";"Changer Paris avec Delphine BURKLI pour le 9e";"720";"45,51%";"65,69%";"";"11";"2";"VIZIOZ-BRAMI";"Camille";"F";"LUG";"L9EAV";"Le 9e est à vous! Avec Camille Vizioz-Brami et Emmanuel Grégoire L'union de la gauche et des écologistes";"376";"23,77%";"34,31%";"";"3";"";"";"";"";"";"";"";"";"";"";"";"";"";"";"";"";"";"";"";"";"";"";"";""
"75";"Paris";"75056SR09";"Paris 9eme secteur";"0909";"1424";"1003";"70,44%";"421";"29,56%";"987";"69,31%";"98,40%";"13";"0,91%";"1,30%";"3";"0,21%";"0,30%";"1";"BÜRKLI";"Delphine";"F";"LUD";"CP 9e";"Changer Paris avec Delphine BURKLI pour le 9e";"652";"45,79%";"66,06%";"";"11";"2";"VIZIOZ-BRAMI";"Camille";"F";"LUG";"L9EAV";"Le 9e est à vous! Avec Camille Vizioz-Brami et Emmanuel Grégoire L'union de la gauche et des écologistes";"335";"23,53%";"33,94%";"";"3";"";"";"";"";"";"";"";"";"";"";"";"";"";"";"";"";"";"";"";"";"";"";"";""
"75";"Paris";"75056SR09";"Paris 9eme secteur";"0910";"1587";"1097";"69,12%";"490";"30,88%";"1070";"67,42%";"97,54%";"18";"1,13%";"1,64%";"9";"0,57%";"0,82%";"1";"BÜRKLI";"Delphine";"F";"LUD";"CP 9e";"Changer Paris avec Delphine BURKLI pour le 9e";"678";"42,72%";"63,36%";"";"11";"2";"VIZIOZ-BRAMI";"Camille";"F";"LUG";"L9EAV";"Le 9e est à vous! Avec Camille Vizioz-Brami et Emmanuel Grégoire L'union de la gauche et des écologistes";"392";"24,70%";"36,64%";"";"3";"";"";"";"";"";"";"";"";"";"";"";"";"";"";"";"";"";"";"";"";"";"";"";""
"75";"Paris";"75056SR09";"Paris 9eme secteur";"0911";"1530";"1033";"67,52%";"497";"32,48%";"1009";"65,95%";"97,68%";"20";"1,31%";"1,94%";"4";"0,26%";"0,39%";"1";"BÜRKLI";"Delphine";"F";"LUD";"CP 9e";"Changer Paris avec Delphine BURKLI pour le 9e";"562";"36,73%";"55,70%";"";"11";"2";"VIZIOZ-BRAMI";"Camille";"F";"LUG";"L9EAV";"Le 9e est à vous! Avec Camille Vizioz-Brami et Emmanuel Grégoire L'union de la gauche et des écologistes";"447";"29,22%";"44,30%";"";"3";"";"";"";"";"";"";"";"";"";"";"";"";"";"";"";"";"";"";"";"";"";"";"";""
"75";"Paris";"75056SR09";"Paris 9eme secteur";"0912";"1492";"993";"66,55%";"499";"33,45%";"972";"65,15%";"97,89%";"18";"1,21%";"1,81%";"3";"0,20%";"0,30%";"1";"BÜRKLI";"Delphine";"F";"LUD";"CP 9e";"Changer Paris avec Delphine BURKLI pour le 9e";"546";"36,60%";"56,17%";"";"11";"2";"VIZIOZ-BRAMI";"Camille";"F";"LUG";"L9EAV";"Le 9e est à vous! Avec Camille Vizioz-Brami et Emmanuel Grégoire L'union de la gauche et des écologistes";"426";"28,55%";"43,83%";"";"3";"";"";"";"";"";"";"";"";"";"";"";"";"";"";"";"";"";"";"";"";"";"";"";""
"75";"Paris";"75056SR09";"Paris 9eme secteur";"0913";"1661";"1043";"62,79%";"618";"37,21%";"1026";"61,77%";"98,37%";"16";"0,96%";"1,53%";"1";"0,06%";"0,10%";"1";"BÜRKLI";"Delphine";"F";"LUD";"CP 9e";"Changer Paris avec Delphine BURKLI pour le 9e";"535";"32,21%";"52,14%";"";"11";"2";"VIZIOZ-BRAMI";"Camille";"F";"LUG";"L9EAV";"Le 9e est à vous! Avec Camille Vizioz-Brami et Emmanuel Grégoire L'union de la gauche et des écologistes";"491";"29,56%";"47,86%";"";"3";"";"";"";"";"";"";"";"";"";"";"";"";"";"";"";"";"";"";"";"";"";"";"";""
"75";"Paris";"75056SR09";"Paris 9eme secteur";"0914";"1673";"1158";"69,22%";"515";"30,78%";"1139";"68,08%";"98,36%";"15";"0,90%";"1,30%";"4";"0,24%";"0,35%";"1";"BÜRKLI";"Delphine";"F";"LUD";"CP 9e";"Changer Paris avec Delphine BURKLI pour le 9e";"656";"39,21%";"57,59%";"";"11";"2";"VIZIOZ-BRAMI";"Camille";"F";"LUG";"L9EAV";"Le 9e est à vous! Avec Camille Vizioz-Brami et Emmanuel Grégoire L'union de la gauche et des écologistes";"483";"28,87%";"42,41%";"";"3";"";"";"";"";"";"";"";"";"";"";"";"";"";"";"";"";"";"";"";"";"";"";"";""
"75";"Paris";"75056SR09";"Paris 9eme secteur";"0915";"1501";"1033";"68,82%";"468";"31,18%";"1020";"67,95%";"98,74%";"11";"0,73%";"1,06%";"2";"0,13%";"0,19%";"1";"BÜRKLI";"Delphine";"F";"LUD";"CP 9e";"Changer Paris avec Delphine BURKLI pour le 9e";"581";"38,71%";"56,96%";"";"11";"2";"VIZIOZ-BRAMI";"Camille";"F";"LUG";"L9EAV";"Le 9e est à vous! Avec Camille Vizioz-Brami et Emmanuel Grégoire L'union de la gauche et des écologistes";"439";"29,25%";"43,04%";"";"3";"";"";"";"";"";"";"";"";"";"";"";"";"";"";"";"";"";"";"";"";"";"";"";""
"75";"Paris";"75056SR09";"Paris 9eme secteur";"0916";"1442";"986";"68,38%";"456";"31,62%";"959";"66,50%";"97,26%";"21";"1,46%";"2,13%";"6";"0,42%";"0,61%";"1";"BÜRKLI";"Delphine";"F";"LUD";"CP 9e";"Changer Paris avec Delphine BURKLI pour le 9e";"585";"40,57%";"61,00%";"";"11";"2";"VIZIOZ-BRAMI";"Camille";"F";"LUG";"L9EAV";"Le 9e est à vous! Avec Camille Vizioz-Brami et Emmanuel Grégoire L'union de la gauche et des écologistes";"374";"25,94%";"39,00%";"";"3";"";"";"";"";"";"";"";"";"";"";"";"";"";"";"";"";"";"";"";"";"";"";"";""
"75";"Paris";"75056SR09";"Paris 9eme secteur";"0917";"1499";"998";"66,58%";"501";"33,42%";"983";"65,58%";"98,50%";"12";"0,80%";"1,20%";"3";"0,20%";"0,30%";"1";"BÜRKLI";"Delphine";"F";"LUD";"CP 9e";"Changer Paris avec Delphine BURKLI pour le 9e";"609";"40,63%";"61,95%";"";"11";"2";"VIZIOZ-BRAMI";"Camille";"F";"LUG";"L9EAV";"Le 9e est à vous! Avec Camille Vizioz-Brami et Emmanuel Grégoire L'union de la gauche et des écologistes";"374";"24,95%";"38,05%";"";"3";"";"";"";"";"";"";"";"";"";"";"";"";"";"";"";"";"";"";"";"";"";"";"";""
"75";"Paris";"75056SR09";"Paris 9eme secteur";"0918";"1530";"996";"65,10%";"534";"34,90%";"969";"63,33%";"97,29%";"21";"1,37%";"2,11%";"6";"0,39%";"0,60%";"1";"BÜRKLI";"Delphine";"F";"LUD";"CP 9e";"Changer Paris avec Delphine BURKLI pour le 9e";"547";"35,75%";"56,45%";"";"11";"2";"VIZIOZ-BRAMI";"Camille";"F";"LUG";"L9EAV";"Le 9e est à vous! Avec Camille Vizioz-Brami et Emmanuel Grégoire L'union de la gauche et des écologistes";"422";"27,58%";"43,55%";"";"3";"";"";"";"";"";"";"";"";"";"";"";"";"";"";"";"";"";"";"";"";"";"";"";""
"75";"Paris";"75056SR09";"Paris 9eme secteur";"0919";"1533";"1020";"66,54%";"513";"33,46%";"997";"65,04%";"97,75%";"16";"1,04%";"1,57%";"7";"0,46%";"0,69%";"1";"BÜRKLI";"Delphine";"F";"LUD";"CP 9e";"Changer Paris avec Delphine BURKLI pour le 9e";"513";"33,46%";"51,45%";"";"11";"2";"VIZIOZ-BRAMI";"Camille";"F";"LUG";"L9EAV";"Le 9e est à vous! Avec Camille Vizioz-Brami et Emmanuel Grégoire L'union de la gauche et des écologistes";"484";"31,57%";"48,55%";"";"3";"";"";"";"";"";"";"";"";"";"";"";"";"";"";"";"";"";"";"";"";"";"";"";""
"75";"Paris";"75056SR09";"Paris 9eme secteur";"0920";"1527";"1042";"68,24%";"485";"31,76%";"1027";"67,26%";"98,56%";"12";"0,79%";"1,15%";"3";"0,20%";"0,29%";"1";"BÜRKLI";"Delphine";"F";"LUD";"CP 9e";"Changer Paris avec Delphine BURKLI pour le 9e";"624";"40,86%";"60,76%";"";"11";"2";"VIZIOZ-BRAMI";"Camille";"F";"LUG";"L9EAV";"Le 9e est à vous! Avec Camille Vizioz-Brami et Emmanuel Grégoire L'union de la gauche et des écologistes";"403";"26,39%";"39,24%";"";"3";"";"";"";"";"";"";"";"";"";"";"";"";"";"";"";"";"";"";"";"";"";"";"";""
"75";"Paris";"75056SR09";"Paris 9eme secteur";"0921";"1587";"1051";"66,23%";"536";"33,77%";"1035";"65,22%";"98,48%";"12";"0,76%";"1,14%";"4";"0,25%";"0,38%";"1";"BÜRKLI";"Delphine";"F";"LUD";"CP 9e";"Changer Paris avec Delphine BURKLI pour le 9e";"624";"39,32%";"60,29%";"";"11";"2";"VIZIOZ-BRAMI";"Camille";"F";"LUG";"L9EAV";"Le 9e est à vous! Avec Camille Vizioz-Brami et Emmanuel Grégoire L'union de la gauche et des écologistes";"411";"25,90%";"39,71%";"";"3";"";"";"";"";"";"";"";"";"";"";"";"";"";"";"";"";"";"";"";"";"";"";"";""
"75";"Paris";"75056SR09";"Paris 9eme secteur";"0922";"1450";"1005";"69,31%";"445";"30,69%";"984";"67,86%";"97,91%";"18";"1,24%";"1,79%";"3";"0,21%";"0,30%";"1";"BÜRKLI";"Delphine";"F";"LUD";"CP 9e";"Changer Paris avec Delphine BURKLI pour le 9e";"556";"38,34%";"56,50%";"";"11";"2";"VIZIOZ-BRAMI";"Camille";"F";"LUG";"L9EAV";"Le 9e est à vous! Avec Camille Vizioz-Brami et Emmanuel Grégoire L'union de la gauche et des écologistes";"428";"29,52%";"43,50%";"";"3";"";"";"";"";"";"";"";"";"";"";"";"";"";"";"";"";"";"";"";"";"";"";"";""
"75";"Paris";"75056SR09";"Paris 9eme secteur";"0923";"1447";"960";"66,34%";"487";"33,66%";"943";"65,17%";"98,23%";"10";"0,69%";"1,04%";"7";"0,48%";"0,73%";"1";"BÜRKLI";"Delphine";"F";"LUD";"CP 9e";"Changer Paris avec Delphine BURKLI pour le 9e";"524";"36,21%";"55,57%";"";"11";"2";"VIZIOZ-BRAMI";"Camille";"F";"LUG";"L9EAV";"Le 9e est à vous! Avec Camille Vizioz-Brami et Emmanuel Grégoire L'union de la gauche et des écologistes";"419";"28,96%";"44,43%";"";"3";"";"";"";"";"";"";"";"";"";"";"";"";"";"";"";"";"";"";"";"";"";"";"";""
"75";"Paris";"75056SR09";"Paris 9eme secteur";"0924";"1513";"1076";"71,12%";"437";"28,88%";"1056";"69,80%";"98,14%";"12";"0,79%";"1,12%";"8";"0,53%";"0,74%";"1";"BÜRKLI";"Delphine";"F";"LUD";"CP 9e";"Changer Paris avec Delphine BURKLI pour le 9e";"627";"41,44%";"59,38%";"";"11";"2";"VIZIOZ-BRAMI";"Camille";"F";"LUG";"L9EAV";"Le 9e est à vous! Avec Camille Vizioz-Brami et Emmanuel Grégoire L'union de la gauche et des écologistes";"429";"28,35%";"40,63%";"";"3";"";"";"";"";"";"";"";"";"";"";"";"";"";"";"";"";"";"";"";"";"";"";"";""
"75";"Paris";"75056SR09";"Paris 9eme secteur";"0925";"1690";"1093";"64,67%";"597";"35,33%";"1069";"63,25%";"97,80%";"10";"0,59%";"0,91%";"14";"0,83%";"1,28%";"1";"BÜRKLI";"Delphine";"F";"LUD";"CP 9e";"Changer Paris avec Delphine BURKLI pour le 9e";"567";"33,55%";"53,04%";"";"11";"2";"VIZIOZ-BRAMI";"Camille";"F";"LUG";"L9EAV";"Le 9e est à vous! Avec Camille Vizioz-Brami et Emmanuel Grégoire L'union de la gauche et des écologistes";"502";"29,70%";"46,96%";"";"3";"";"";"";"";"";"";"";"";"";"";"";"";"";"";"";"";"";"";"";"";"";"";"";""
"75";"Paris";"75056SR09";"Paris 9eme secteur";"0926";"1617";"1067";"65,99%";"550";"34,01%";"1051";"65,00%";"98,50%";"13";"0,80%";"1,22%";"3";"0,19%";"0,28%";"1";"BÜRKLI";"Delphine";"F";"LUD";"CP 9e";"Changer Paris avec Delphine BURKLI pour le 9e";"563";"34,82%";"53,57%";"";"11";"2";"VIZIOZ-BRAMI";"Camille";"F";"LUG";"L9EAV";"Le 9e est à vous! Avec Camille Vizioz-Brami et Emmanuel Grégoire L'union de la gauche et des écologistes";"488";"30,18%";"46,43%";"";"3";"";"";"";"";"";"";"";"";"";"";"";"";"";"";"";"";"";"";"";"";"";"";"";""
"75";"Paris";"75056SR09";"Paris 9eme secteur";"0927";"1701";"1122";"65,96%";"579";"34,04%";"1098";"64,55%";"97,86%";"20";"1,18%";"1,78%";"4";"0,24%";"0,36%";"1";"BÜRKLI";"Delphine";"F";"LUD";"CP 9e";"Changer Paris avec Delphine BURKLI pour le 9e";"460";"27,04%";"41,89%";"";"11";"2";"VIZIOZ-BRAMI";"Camille";"F";"LUG";"L9EAV";"Le 9e est à vous! Avec Camille Vizioz-Brami et Emmanuel Grégoire L'union de la gauche et des écologistes";"638";"37,51%";"58,11%";"";"3";"";"";"";"";"";"";"";"";"";"";"";"";"";"";"";"";"";"";"";"";"";"";"";""
"75";"Paris";"75056SR10";"Paris 10eme secteur";"1001";"1685";"1100";"65,28%";"585";"34,72%";"1095";"64,99%";"99,55%";"2";"0,12%";"0,18%";"3";"0,18%";"0,27%";"2";"CORDEBARD";"Alexandra";"F";"LUG";"EAV";"LE 10e EST À VOUS ! AVEC ALEXANDRA CORDEBARD ET EMMANUEL GRÉGOIRE L'UNION DE LA GAUCHE ET DES ECOLOGISTES";"512";"30,39%";"46,76%";"";"15";"3";"BEAUVALET";"Marion";"F";"LFI";"NPP 10";"LE NOUVEAU PARIS POPULAIRE 10e";"193";"11,45%";"17,63%";"";"1";"4";"SERINO";"Valentine";"F";"LUD";"10CP";"Changer Paris 10 avec Valentine Serino et Rachida Dati";"170";"10,09%";"15,53%";"";"2";"5";"FORT";"Bertil";"M";"LDVC";"TI BF 10";"Tous InDIXpensables, avec Bertil Fort";"220";"13,06%";"20,09%";"";"1"
"75";"Paris";"75056SR10";"Paris 10eme secteur";"1002";"1634";"1096";"67,07%";"538";"32,93%";"1086";"66,46%";"99,09%";"9";"0,55%";"0,82%";"1";"0,06%";"0,09%";"2";"CORDEBARD";"Alexandra";"F";"LUG";"EAV";"LE 10e EST À VOUS ! AVEC ALEXANDRA CORDEBARD ET EMMANUEL GRÉGOIRE L'UNION DE LA GAUCHE ET DES ECOLOGISTES";"495";"30,29%";"45,58%";"";"15";"3";"BEAUVALET";"Marion";"F";"LFI";"NPP 10";"LE NOUVEAU PARIS POPULAIRE 10e";"196";"12,00%";"18,05%";"";"1";"4";"SERINO";"Valentine";"F";"LUD";"10CP";"Changer Paris 10 avec Valentine Serino et Rachida Dati";"188";"11,51%";"17,31%";"";"2";"5";"FORT";"Bertil";"M";"LDVC";"TI BF 10";"Tous InDIXpensables, avec Bertil Fort";"207";"12,67%";"19,06%";"";"1"
"75";"Paris";"75056SR10";"Paris 10eme secteur";"1003";"1657";"1068";"64,45%";"589";"35,55%";"1060";"63,97%";"99,25%";"7";"0,42%";"0,66%";"1";"0,06%";"0,09%";"2";"CORDEBARD";"Alexandra";"F";"LUG";"EAV";"LE 10e EST À VOUS ! AVEC ALEXANDRA CORDEBARD ET EMMANUEL GRÉGOIRE L'UNION DE LA GAUCHE ET DES ECOLOGISTES";"529";"31,93%";"49,91%";"";"15";"3";"BEAUVALET";"Marion";"F";"LFI";"NPP 10";"LE NOUVEAU PARIS POPULAIRE 10e";"202";"12,19%";"19,06%";"";"1";"4";"SERINO";"Valentine";"F";"LUD";"10CP";"Changer Paris 10 avec Valentine Serino et Rachida Dati";"192";"11,59%";"18,11%";"";"2";"5";"FORT";"Bertil";"M";"LDVC";"TI BF 10";"Tous InDIXpensables, avec Bertil Fort";"137";"8,27%";"12,92%";"";"1"
"75";"Paris";"75056SR10";"Paris 10eme secteur";"1004";"1429";"890";"62,28%";"539";"37,72%";"881";"61,65%";"98,99%";"6";"0,42%";"0,67%";"3";"0,21%";"0,34%";"2";"CORDEBARD";"Alexandra";"F";"LUG";"EAV";"LE 10e EST À VOUS ! AVEC ALEXANDRA CORDEBARD ET EMMANUEL GRÉGOIRE L'UNION DE LA GAUCHE ET DES ECOLOGISTES";"475";"33,24%";"53,92%";"";"15";"3";"BEAUVALET";"Marion";"F";"LFI";"NPP 10";"LE NOUVEAU PARIS POPULAIRE 10e";"139";"9,73%";"15,78%";"";"1";"4";"SERINO";"Valentine";"F";"LUD";"10CP";"Changer Paris 10 avec Valentine Serino et Rachida Dati";"137";"9,59%";"15,55%";"";"2";"5";"FORT";"Bertil";"M";"LDVC";"TI BF 10";"Tous InDIXpensables, avec Bertil Fort";"130";"9,10%";"14,76%";"";"1"
"75";"Paris";"75056SR10";"Paris 10eme secteur";"1005";"1443";"961";"66,60%";"482";"33,40%";"948";"65,70%";"98,65%";"7";"0,49%";"0,73%";"6";"0,42%";"0,62%";"2";"CORDEBARD";"Alexandra";"F";"LUG";"EAV";"LE 10e EST À VOUS ! AVEC ALEXANDRA CORDEBARD ET EMMANUEL GRÉGOIRE L'UNION DE LA GAUCHE ET DES ECOLOGISTES";"455";"31,53%";"48,00%";"";"15";"3";"BEAUVALET";"Marion";"F";"LFI";"NPP 10";"LE NOUVEAU PARIS POPULAIRE 10e";"142";"9,84%";"14,98%";"";"1";"4";"SERINO";"Valentine";"F";"LUD";"10CP";"Changer Paris 10 avec Valentine Serino et Rachida Dati";"220";"15,25%";"23,21%";"";"2";"5";"FORT";"Bertil";"M";"LDVC";"TI BF 10";"Tous InDIXpensables, avec Bertil Fort";"131";"9,08%";"13,82%";"";"1"
"75";"Paris";"75056SR10";"Paris 10eme secteur";"1006";"1541";"1009";"65,48%";"532";"34,52%";"992";"64,37%";"98,32%";"8";"0,52%";"0,79%";"9";"0,58%";"0,89%";"2";"CORDEBARD";"Alexandra";"F";"LUG";"EAV";"LE 10e EST À VOUS ! AVEC ALEXANDRA CORDEBARD ET EMMANUEL GRÉGOIRE L'UNION DE LA GAUCHE ET DES ECOLOGISTES";"468";"30,37%";"47,18%";"";"15";"3";"BEAUVALET";"Marion";"F";"LFI";"NPP 10";"LE NOUVEAU PARIS POPULAIRE 10e";"176";"11,42%";"17,74%";"";"1";"4";"SERINO";"Valentine";"F";"LUD";"10CP";"Changer Paris 10 avec Valentine Serino et Rachida Dati";"199";"12,91%";"20,06%";"";"2";"5";"FORT";"Bertil";"M";"LDVC";"TI BF 10";"Tous InDIXpensables, avec Bertil Fort";"149";"9,67%";"15,02%";"";"1"
"75";"Paris";"75056SR10";"Paris 10eme secteur";"1007";"1341";"844";"62,94%";"497";"37,06%";"836";"62,34%";"99,05%";"7";"0,52%";"0,83%";"1";"0,07%";"0,12%";"2";"CORDEBARD";"Alexandra";"F";"LUG";"EAV";"LE 10e EST À VOUS ! AVEC ALEXANDRA CORDEBARD ET EMMANUEL GRÉGOIRE L'UNION DE LA GAUCHE ET DES ECOLOGISTES";"440";"32,81%";"52,63%";"";"15";"3";"BEAUVALET";"Marion";"F";"LFI";"NPP 10";"LE NOUVEAU PARIS POPULAIRE 10e";"153";"11,41%";"18,30%";"";"1";"4";"SERINO";"Valentine";"F";"LUD";"10CP";"Changer Paris 10 avec Valentine Serino et Rachida Dati";"144";"10,74%";"17,22%";"";"2";"5";"FORT";"Bertil";"M";"LDVC";"TI BF 10";"Tous InDIXpensables, avec Bertil Fort";"99";"7,38%";"11,84%";"";"1"
"75";"Paris";"75056SR10";"Paris 10eme secteur";"1008";"1698";"1114";"65,61%";"584";"34,39%";"1107";"65,19%";"99,37%";"5";"0,29%";"0,45%";"2";"0,12%";"0,18%";"2";"CORDEBARD";"Alexandra";"F";"LUG";"EAV";"LE 10e EST À VOUS ! AVEC ALEXANDRA CORDEBARD ET EMMANUEL GRÉGOIRE L'UNION DE LA GAUCHE ET DES ECOLOGISTES";"573";"33,75%";"51,76%";"";"15";"3";"BEAUVALET";"Marion";"F";"LFI";"NPP 10";"LE NOUVEAU PARIS POPULAIRE 10e";"186";"10,95%";"16,80%";"";"1";"4";"SERINO";"Valentine";"F";"LUD";"10CP";"Changer Paris 10 avec Valentine Serino et Rachida Dati";"189";"11,13%";"17,07%";"";"2";"5";"FORT";"Bertil";"M";"LDVC";"TI BF 10";"Tous InDIXpensables, avec Bertil Fort";"159";"9,36%";"14,36%";"";"1"
"75";"Paris";"75056SR10";"Paris 10eme secteur";"1009";"1701";"1110";"65,26%";"591";"34,74%";"1094";"64,32%";"98,56%";"11";"0,65%";"0,99%";"5";"0,29%";"0,45%";"2";"CORDEBARD";"Alexandra";"F";"LUG";"EAV";"LE 10e EST À VOUS ! AVEC ALEXANDRA CORDEBARD ET EMMANUEL GRÉGOIRE L'UNION DE LA GAUCHE ET DES ECOLOGISTES";"479";"28,16%";"43,78%";"";"15";"3";"BEAUVALET";"Marion";"F";"LFI";"NPP 10";"LE NOUVEAU PARIS POPULAIRE 10e";"156";"9,17%";"14,26%";"";"1";"4";"SERINO";"Valentine";"F";"LUD";"10CP";"Changer Paris 10 avec Valentine Serino et Rachida Dati";"299";"17,58%";"27,33%";"";"2";"5";"FORT";"Bertil";"M";"LDVC";"TI BF 10";"Tous InDIXpensables, avec Bertil Fort";"160";"9,41%";"14,63%";"";"1"
"75";"Paris";"75056SR10";"Paris 10eme secteur";"1010";"1589";"1042";"65,58%";"547";"34,42%";"1023";"64,38%";"98,18%";"14";"0,88%";"1,34%";"5";"0,31%";"0,48%";"2";"CORDEBARD";"Alexandra";"F";"LUG";"EAV";"LE 10e EST À VOUS ! AVEC ALEXANDRA CORDEBARD ET EMMANUEL GRÉGOIRE L'UNION DE LA GAUCHE ET DES ECOLOGISTES";"558";"35,12%";"54,55%";"";"15";"3";"BEAUVALET";"Marion";"F";"LFI";"NPP 10";"LE NOUVEAU PARIS POPULAIRE 10e";"165";"10,38%";"16,13%";"";"1";"4";"SERINO";"Valentine";"F";"LUD";"10CP";"Changer Paris 10 avec Valentine Serino et Rachida Dati";"176";"11,08%";"17,20%";"";"2";"5";"FORT";"Bertil";"M";"LDVC";"TI BF 10";"Tous InDIXpensables, avec Bertil Fort";"124";"7,80%";"12,12%";"";"1"
"75";"Paris";"75056SR10";"Paris 10eme secteur";"1011";"1668";"1061";"63,61%";"607";"36,39%";"1048";"62,83%";"98,77%";"8";"0,48%";"0,75%";"5";"0,30%";"0,47%";"2";"CORDEBARD";"Alexandra";"F";"LUG";"EAV";"LE 10e EST À VOUS ! AVEC ALEXANDRA CORDEBARD ET EMMANUEL GRÉGOIRE L'UNION DE LA GAUCHE ET DES ECOLOGISTES";"538";"32,25%";"51,34%";"";"15";"3";"BEAUVALET";"Marion";"F";"LFI";"NPP 10";"LE NOUVEAU PARIS POPULAIRE 10e";"204";"12,23%";"19,47%";"";"1";"4";"SERINO";"Valentine";"F";"LUD";"10CP";"Changer Paris 10 avec Valentine Serino et Rachida Dati";"193";"11,57%";"18,42%";"";"2";"5";"FORT";"Bertil";"M";"LDVC";"TI BF 10";"Tous InDIXpensables, avec Bertil Fort";"113";"6,77%";"10,78%";"";"1"
"75";"Paris";"75056SR10";"Paris 10eme secteur";"1012";"1716";"1065";"62,06%";"651";"37,94%";"1052";"61,31%";"98,78%";"8";"0,47%";"0,75%";"5";"0,29%";"0,47%";"2";"CORDEBARD";"Alexandra";"F";"LUG";"EAV";"LE 10e EST À VOUS ! AVEC ALEXANDRA CORDEBARD ET EMMANUEL GRÉGOIRE L'UNION DE LA GAUCHE ET DES ECOLOGISTES";"567";"33,04%";"53,90%";"";"15";"3";"BEAUVALET";"Marion";"F";"LFI";"NPP 10";"LE NOUVEAU PARIS POPULAIRE 10e";"290";"16,90%";"27,57%";"";"1";"4";"SERINO";"Valentine";"F";"LUD";"10CP";"Changer Paris 10 avec Valentine Serino et Rachida Dati";"118";"6,88%";"11,22%";"";"2";"5";"FORT";"Bertil";"M";"LDVC";"TI BF 10";"Tous InDIXpensables, avec Bertil Fort";"77";"4,49%";"7,32%";"";"1"
"75";"Paris";"75056SR10";"Paris 10eme secteur";"1013";"1722";"980";"56,91%";"742";"43,09%";"970";"56,33%";"98,98%";"5";"0,29%";"0,51%";"5";"0,29%";"0,51%";"2";"CORDEBARD";"Alexandra";"F";"LUG";"EAV";"LE 10e EST À VOUS ! AVEC ALEXANDRA CORDEBARD ET EMMANUEL GRÉGOIRE L'UNION DE LA GAUCHE ET DES ECOLOGISTES";"507";"29,44%";"52,27%";"";"15";"3";"BEAUVALET";"Marion";"F";"LFI";"NPP 10";"LE NOUVEAU PARIS POPULAIRE 10e";"273";"15,85%";"28,14%";"";"1";"4";"SERINO";"Valentine";"F";"LUD";"10CP";"Changer Paris 10 avec Valentine Serino et Rachida Dati";"125";"7,26%";"12,89%";"";"2";"5";"FORT";"Bertil";"M";"LDVC";"TI BF 10";"Tous InDIXpensables, avec Bertil Fort";"65";"3,77%";"6,70%";"";"1"
"75";"Paris";"75056SR10";"Paris 10eme secteur";"1014";"1717";"1078";"62,78%";"639";"37,22%";"1067";"62,14%";"98,98%";"3";"0,17%";"0,28%";"8";"0,47%";"0,74%";"2";"CORDEBARD";"Alexandra";"F";"LUG";"EAV";"LE 10e EST À VOUS ! AVEC ALEXANDRA CORDEBARD ET EMMANUEL GRÉGOIRE L'UNION DE LA GAUCHE ET DES ECOLOGISTES";"604";"35,18%";"56,61%";"";"15";"3";"BEAUVALET";"Marion";"F";"LFI";"NPP 10";"LE NOUVEAU PARIS POPULAIRE 10e";"289";"16,83%";"27,09%";"";"1";"4";"SERINO";"Valentine";"F";"LUD";"10CP";"Changer Paris 10 avec Valentine Serino et Rachida Dati";"111";"6,46%";"10,40%";"";"2";"5";"FORT";"Bertil";"M";"LDVC";"TI BF 10";"Tous InDIXpensables, avec Bertil Fort";"63";"3,67%";"5,90%";"";"1"
"75";"Paris";"75056SR10";"Paris 10eme secteur";"1015";"1537";"977";"63,57%";"560";"36,43%";"967";"62,91%";"98,98%";"6";"0,39%";"0,61%";"4";"0,26%";"0,41%";"2";"CORDEBARD";"Alexandra";"F";"LUG";"EAV";"LE 10e EST À VOUS ! AVEC ALEXANDRA CORDEBARD ET EMMANUEL GRÉGOIRE L'UNION DE LA GAUCHE ET DES ECOLOGISTES";"488";"31,75%";"50,47%";"";"15";"3";"BEAUVALET";"Marion";"F";"LFI";"NPP 10";"LE NOUVEAU PARIS POPULAIRE 10e";"214";"13,92%";"22,13%";"";"1";"4";"SERINO";"Valentine";"F";"LUD";"10CP";"Changer Paris 10 avec Valentine Serino et Rachida Dati";"160";"10,41%";"16,55%";"";"2";"5";"FORT";"Bertil";"M";"LDVC";"TI BF 10";"Tous InDIXpensables, avec Bertil Fort";"105";"6,83%";"10,86%";"";"1"
"75";"Paris";"75056SR10";"Paris 10eme secteur";"1016";"1506";"938";"62,28%";"568";"37,72%";"922";"61,22%";"98,29%";"11";"0,73%";"1,17%";"5";"0,33%";"0,53%";"2";"CORDEBARD";"Alexandra";"F";"LUG";"EAV";"LE 10e EST À VOUS ! AVEC ALEXANDRA CORDEBARD ET EMMANUEL GRÉGOIRE L'UNION DE LA GAUCHE ET DES ECOLOGISTES";"467";"31,01%";"50,65%";"";"15";"3";"BEAUVALET";"Marion";"F";"LFI";"NPP 10";"LE NOUVEAU PARIS POPULAIRE 10e";"193";"12,82%";"20,93%";"";"1";"4";"SERINO";"Valentine";"F";"LUD";"10CP";"Changer Paris 10 avec Valentine Serino et Rachida Dati";"158";"10,49%";"17,14%";"";"2";"5";"FORT";"Bertil";"M";"LDVC";"TI BF 10";"Tous InDIXpensables, avec Bertil Fort";"104";"6,91%";"11,28%";"";"1"
"75";"Paris";"75056SR10";"Paris 10eme secteur";"1017";"1343";"700";"52,12%";"643";"47,88%";"694";"51,68%";"99,14%";"1";"0,07%";"0,14%";"5";"0,37%";"0,71%";"2";"CORDEBARD";"Alexandra";"F";"LUG";"EAV";"LE 10e EST À VOUS ! AVEC ALEXANDRA CORDEBARD ET EMMANUEL GRÉGOIRE L'UNION DE LA GAUCHE ET DES ECOLOGISTES";"268";"19,96%";"38,62%";"";"15";"3";"BEAUVALET";"Marion";"F";"LFI";"NPP 10";"LE NOUVEAU PARIS POPULAIRE 10e";"131";"9,75%";"18,88%";"";"1";"4";"SERINO";"Valentine";"F";"LUD";"10CP";"Changer Paris 10 avec Valentine Serino et Rachida Dati";"225";"16,75%";"32,42%";"";"2";"5";"FORT";"Bertil";"M";"LDVC";"TI BF 10";"Tous InDIXpensables, avec Bertil Fort";"70";"5,21%";"10,09%";"";"1"
"75";"Paris";"75056SR10";"Paris 10eme secteur";"1018";"1470";"811";"55,17%";"659";"44,83%";"800";"54,42%";"98,64%";"9";"0,61%";"1,11%";"2";"0,14%";"0,25%";"2";"CORDEBARD";"Alexandra";"F";"LUG";"EAV";"LE 10e EST À VOUS ! AVEC ALEXANDRA CORDEBARD ET EMMANUEL GRÉGOIRE L'UNION DE LA GAUCHE ET DES ECOLOGISTES";"383";"26,05%";"47,88%";"";"15";"3";"BEAUVALET";"Marion";"F";"LFI";"NPP 10";"LE NOUVEAU PARIS POPULAIRE 10e";"150";"10,20%";"18,75%";"";"1";"4";"SERINO";"Valentine";"F";"LUD";"10CP";"Changer Paris 10 avec Valentine Serino et Rachida Dati";"174";"11,84%";"21,75%";"";"2";"5";"FORT";"Bertil";"M";"LDVC";"TI BF 10";"Tous InDIXpensables, avec Bertil Fort";"93";"6,33%";"11,63%";"";"1"
"75";"Paris";"75056SR10";"Paris 10eme secteur";"1019";"1327";"786";"59,23%";"541";"40,77%";"778";"58,63%";"98,98%";"7";"0,53%";"0,89%";"1";"0,08%";"0,13%";"2";"CORDEBARD";"Alexandra";"F";"LUG";"EAV";"LE 10e EST À VOUS ! AVEC ALEXANDRA CORDEBARD ET EMMANUEL GRÉGOIRE L'UNION DE LA GAUCHE ET DES ECOLOGISTES";"338";"25,47%";"43,44%";"";"15";"3";"BEAUVALET";"Marion";"F";"LFI";"NPP 10";"LE NOUVEAU PARIS POPULAIRE 10e";"178";"13,41%";"22,88%";"";"1";"4";"SERINO";"Valentine";"F";"LUD";"10CP";"Changer Paris 10 avec Valentine Serino et Rachida Dati";"165";"12,43%";"21,21%";"";"2";"5";"FORT";"Bertil";"M";"LDVC";"TI BF 10";"Tous InDIXpensables, avec Bertil Fort";"97";"7,31%";"12,47%";"";"1"
"75";"Paris";"75056SR10";"Paris 10eme secteur";"1020";"1383";"915";"66,16%";"468";"33,84%";"903";"65,29%";"98,69%";"7";"0,51%";"0,77%";"5";"0,36%";"0,55%";"2";"CORDEBARD";"Alexandra";"F";"LUG";"EAV";"LE 10e EST À VOUS ! AVEC ALEXANDRA CORDEBARD ET EMMANUEL GRÉGOIRE L'UNION DE LA GAUCHE ET DES ECOLOGISTES";"430";"31,09%";"47,62%";"";"15";"3";"BEAUVALET";"Marion";"F";"LFI";"NPP 10";"LE NOUVEAU PARIS POPULAIRE 10e";"202";"14,61%";"22,37%";"";"1";"4";"SERINO";"Valentine";"F";"LUD";"10CP";"Changer Paris 10 avec Valentine Serino et Rachida Dati";"163";"11,79%";"18,05%";"";"2";"5";"FORT";"Bertil";"M";"LDVC";"TI BF 10";"Tous InDIXpensables, avec Bertil Fort";"108";"7,81%";"11,96%";"";"1"
"75";"Paris";"75056SR10";"Paris 10eme secteur";"1021";"1473";"850";"57,71%";"623";"42,29%";"843";"57,23%";"99,18%";"5";"0,34%";"0,59%";"2";"0,14%";"0,24%";"2";"CORDEBARD";"Alexandra";"F";"LUG";"EAV";"LE 10e EST À VOUS ! AVEC ALEXANDRA CORDEBARD ET EMMANUEL GRÉGOIRE L'UNION DE LA GAUCHE ET DES ECOLOGISTES";"389";"26,41%";"46,14%";"";"15";"3";"BEAUVALET";"Marion";"F";"LFI";"NPP 10";"LE NOUVEAU PARIS POPULAIRE 10e";"190";"12,90%";"22,54%";"";"1";"4";"SERINO";"Valentine";"F";"LUD";"10CP";"Changer Paris 10 avec Valentine Serino et Rachida Dati";"172";"11,68%";"20,40%";"";"2";"5";"FORT";"Bertil";"M";"LDVC";"TI BF 10";"Tous InDIXpensables, avec Bertil Fort";"92";"6,25%";"10,91%";"";"1"
"75";"Paris";"75056SR10";"Paris 10eme secteur";"1022";"1555";"1058";"68,04%";"497";"31,96%";"1048";"67,40%";"99,05%";"6";"0,39%";"0,57%";"4";"0,26%";"0,38%";"2";"CORDEBARD";"Alexandra";"F";"LUG";"EAV";"LE 10e EST À VOUS ! AVEC ALEXANDRA CORDEBARD ET EMMANUEL GRÉGOIRE L'UNION DE LA GAUCHE ET DES ECOLOGISTES";"552";"35,50%";"52,67%";"";"15";"3";"BEAUVALET";"Marion";"F";"LFI";"NPP 10";"LE NOUVEAU PARIS POPULAIRE 10e";"175";"11,25%";"16,70%";"";"1";"4";"SERINO";"Valentine";"F";"LUD";"10CP";"Changer Paris 10 avec Valentine Serino et Rachida Dati";"194";"12,48%";"18,51%";"";"2";"5";"FORT";"Bertil";"M";"LDVC";"TI BF 10";"Tous InDIXpensables, avec Bertil Fort";"127";"8,17%";"12,12%";"";"1"
"75";"Paris";"75056SR10";"Paris 10eme secteur";"1023";"1352";"889";"65,75%";"463";"34,25%";"880";"65,09%";"98,99%";"7";"0,52%";"0,79%";"2";"0,15%";"0,22%";"2";"CORDEBARD";"Alexandra";"F";"LUG";"EAV";"LE 10e EST À VOUS ! AVEC ALEXANDRA CORDEBARD ET EMMANUEL GRÉGOIRE L'UNION DE LA GAUCHE ET DES ECOLOGISTES";"458";"33,88%";"52,05%";"";"15";"3";"BEAUVALET";"Marion";"F";"LFI";"NPP 10";"LE NOUVEAU PARIS POPULAIRE 10e";"172";"12,72%";"19,55%";"";"1";"4";"SERINO";"Valentine";"F";"LUD";"10CP";"Changer Paris 10 avec Valentine Serino et Rachida Dati";"152";"11,24%";"17,27%";"";"2";"5";"FORT";"Bertil";"M";"LDVC";"TI BF 10";"Tous InDIXpensables, avec Bertil Fort";"98";"7,25%";"11,14%";"";"1"
"75";"Paris";"75056SR10";"Paris 10eme secteur";"1024";"1362";"884";"64,90%";"478";"35,10%";"876";"64,32%";"99,10%";"7";"0,51%";"0,79%";"1";"0,07%";"0,11%";"2";"CORDEBARD";"Alexandra";"F";"LUG";"EAV";"LE 10e EST À VOUS ! AVEC ALEXANDRA CORDEBARD ET EMMANUEL GRÉGOIRE L'UNION DE LA GAUCHE ET DES ECOLOGISTES";"429";"31,50%";"48,97%";"";"15";"3";"BEAUVALET";"Marion";"F";"LFI";"NPP 10";"LE NOUVEAU PARIS POPULAIRE 10e";"159";"11,67%";"18,15%";"";"1";"4";"SERINO";"Valentine";"F";"LUD";"10CP";"Changer Paris 10 avec Valentine Serino et Rachida Dati";"160";"11,75%";"18,26%";"";"2";"5";"FORT";"Bertil";"M";"LDVC";"TI BF 10";"Tous InDIXpensables, avec Bertil Fort";"128";"9,40%";"14,61%";"";"1"
"75";"Paris";"75056SR10";"Paris 10eme secteur";"1025";"1418";"941";"66,36%";"477";"33,64%";"924";"65,16%";"98,19%";"9";"0,63%";"0,96%";"8";"0,56%";"0,85%";"2";"CORDEBARD";"Alexandra";"F";"LUG";"EAV";"LE 10e EST À VOUS ! AVEC ALEXANDRA CORDEBARD ET EMMANUEL GRÉGOIRE L'UNION DE LA GAUCHE ET DES ECOLOGISTES";"430";"30,32%";"46,54%";"";"15";"3";"BEAUVALET";"Marion";"F";"LFI";"NPP 10";"LE NOUVEAU PARIS POPULAIRE 10e";"213";"15,02%";"23,05%";"";"1";"4";"SERINO";"Valentine";"F";"LUD";"10CP";"Changer Paris 10 avec Valentine Serino et Rachida Dati";"172";"12,13%";"18,61%";"";"2";"5";"FORT";"Bertil";"M";"LDVC";"TI BF 10";"Tous InDIXpensables, avec Bertil Fort";"109";"7,69%";"11,80%";"";"1"
"75";"Paris";"75056SR10";"Paris 10eme secteur";"1026";"1331";"904";"67,92%";"427";"32,08%";"890";"66,87%";"98,45%";"9";"0,68%";"1,00%";"5";"0,38%";"0,55%";"2";"CORDEBARD";"Alexandra";"F";"LUG";"EAV";"LE 10e EST À VOUS ! AVEC ALEXANDRA CORDEBARD ET EMMANUEL GRÉGOIRE L'UNION DE LA GAUCHE ET DES ECOLOGISTES";"441";"33,13%";"49,55%";"";"15";"3";"BEAUVALET";"Marion";"F";"LFI";"NPP 10";"LE NOUVEAU PARIS POPULAIRE 10e";"196";"14,73%";"22,02%";"";"1";"4";"SERINO";"Valentine";"F";"LUD";"10CP";"Changer Paris 10 avec Valentine Serino et Rachida Dati";"148";"11,12%";"16,63%";"";"2";"5";"FORT";"Bertil";"M";"LDVC";"TI BF 10";"Tous InDIXpensables, avec Bertil Fort";"105";"7,89%";"11,80%";"";"1"
"75";"Paris";"75056SR10";"Paris 10eme secteur";"1027";"1574";"947";"60,17%";"627";"39,83%";"939";"59,66%";"99,16%";"5";"0,32%";"0,53%";"3";"0,19%";"0,32%";"2";"CORDEBARD";"Alexandra";"F";"LUG";"EAV";"LE 10e EST À VOUS ! AVEC ALEXANDRA CORDEBARD ET EMMANUEL GRÉGOIRE L'UNION DE LA GAUCHE ET DES ECOLOGISTES";"401";"25,48%";"42,71%";"";"15";"3";"BEAUVALET";"Marion";"F";"LFI";"NPP 10";"LE NOUVEAU PARIS POPULAIRE 10e";"242";"15,37%";"25,77%";"";"1";"4";"SERINO";"Valentine";"F";"LUD";"10CP";"Changer Paris 10 avec Valentine Serino et Rachida Dati";"163";"10,36%";"17,36%";"";"2";"5";"FORT";"Bertil";"M";"LDVC";"TI BF 10";"Tous InDIXpensables, avec Bertil Fort";"133";"8,45%";"14,16%";"";"1"
"75";"Paris";"75056SR10";"Paris 10eme secteur";"1028";"1452";"968";"66,67%";"484";"33,33%";"956";"65,84%";"98,76%";"6";"0,41%";"0,62%";"6";"0,41%";"0,62%";"2";"CORDEBARD";"Alexandra";"F";"LUG";"EAV";"LE 10e EST À VOUS ! AVEC ALEXANDRA CORDEBARD ET EMMANUEL GRÉGOIRE L'UNION DE LA GAUCHE ET DES ECOLOGISTES";"435";"29,96%";"45,50%";"";"15";"3";"BEAUVALET";"Marion";"F";"LFI";"NPP 10";"LE NOUVEAU PARIS POPULAIRE 10e";"158";"10,88%";"16,53%";"";"1";"4";"SERINO";"Valentine";"F";"LUD";"10CP";"Changer Paris 10 avec Valentine Serino et Rachida Dati";"222";"15,29%";"23,22%";"";"2";"5";"FORT";"Bertil";"M";"LDVC";"TI BF 10";"Tous InDIXpensables, avec Bertil Fort";"141";"9,71%";"14,75%";"";"1"
"75";"Paris";"75056SR10";"Paris 10eme secteur";"1029";"1504";"1057";"70,28%";"447";"29,72%";"1048";"69,68%";"99,15%";"7";"0,47%";"0,66%";"2";"0,13%";"0,19%";"2";"CORDEBARD";"Alexandra";"F";"LUG";"EAV";"LE 10e EST À VOUS ! AVEC ALEXANDRA CORDEBARD ET EMMANUEL GRÉGOIRE L'UNION DE LA GAUCHE ET DES ECOLOGISTES";"451";"29,99%";"43,03%";"";"15";"3";"BEAUVALET";"Marion";"F";"LFI";"NPP 10";"LE NOUVEAU PARIS POPULAIRE 10e";"154";"10,24%";"14,69%";"";"1";"4";"SERINO";"Valentine";"F";"LUD";"10CP";"Changer Paris 10 avec Valentine Serino et Rachida Dati";"240";"15,96%";"22,90%";"";"2";"5";"FORT";"Bertil";"M";"LDVC";"TI BF 10";"Tous InDIXpensables, avec Bertil Fort";"203";"13,50%";"19,37%";"";"1"
"75";"Paris";"75056SR10";"Paris 10eme secteur";"1030";"1516";"1008";"66,49%";"508";"33,51%";"992";"65,44%";"98,41%";"13";"0,86%";"1,29%";"3";"0,20%";"0,30%";"2";"CORDEBARD";"Alexandra";"F";"LUG";"EAV";"LE 10e EST À VOUS ! AVEC ALEXANDRA CORDEBARD ET EMMANUEL GRÉGOIRE L'UNION DE LA GAUCHE ET DES ECOLOGISTES";"436";"28,76%";"43,95%";"";"15";"3";"BEAUVALET";"Marion";"F";"LFI";"NPP 10";"LE NOUVEAU PARIS POPULAIRE 10e";"171";"11,28%";"17,24%";"";"1";"4";"SERINO";"Valentine";"F";"LUD";"10CP";"Changer Paris 10 avec Valentine Serino et Rachida Dati";"222";"14,64%";"22,38%";"";"2";"5";"FORT";"Bertil";"M";"LDVC";"TI BF 10";"Tous InDIXpensables, avec Bertil Fort";"163";"10,75%";"16,43%";"";"1"
"75";"Paris";"75056SR10";"Paris 10eme secteur";"1031";"1296";"842";"64,97%";"454";"35,03%";"832";"64,20%";"98,81%";"4";"0,31%";"0,48%";"6";"0,46%";"0,71%";"2";"CORDEBARD";"Alexandra";"F";"LUG";"EAV";"LE 10e EST À VOUS ! AVEC ALEXANDRA CORDEBARD ET EMMANUEL GRÉGOIRE L'UNION DE LA GAUCHE ET DES ECOLOGISTES";"376";"29,01%";"45,19%";"";"15";"3";"BEAUVALET";"Marion";"F";"LFI";"NPP 10";"LE NOUVEAU PARIS POPULAIRE 10e";"88";"6,79%";"10,58%";"";"1";"4";"SERINO";"Valentine";"F";"LUD";"10CP";"Changer Paris 10 avec Valentine Serino et Rachida Dati";"204";"15,74%";"24,52%";"";"2";"5";"FORT";"Bertil";"M";"LDVC";"TI BF 10";"Tous InDIXpensables, avec Bertil Fort";"164";"12,65%";"19,71%";"";"1"
"75";"Paris";"75056SR10";"Paris 10eme secteur";"1032";"1382";"878";"63,53%";"504";"36,47%";"870";"62,95%";"99,09%";"4";"0,29%";"0,46%";"4";"0,29%";"0,46%";"2";"CORDEBARD";"Alexandra";"F";"LUG";"EAV";"LE 10e EST À VOUS ! AVEC ALEXANDRA CORDEBARD ET EMMANUEL GRÉGOIRE L'UNION DE LA GAUCHE ET DES ECOLOGISTES";"394";"28,51%";"45,29%";"";"15";"3";"BEAUVALET";"Marion";"F";"LFI";"NPP 10";"LE NOUVEAU PARIS POPULAIRE 10e";"200";"14,47%";"22,99%";"";"1";"4";"SERINO";"Valentine";"F";"LUD";"10CP";"Changer Paris 10 avec Valentine Serino et Rachida Dati";"145";"10,49%";"16,67%";"";"2";"5";"FORT";"Bertil";"M";"LDVC";"TI BF 10";"Tous InDIXpensables, avec Bertil Fort";"131";"9,48%";"15,06%";"";"1"
"75";"Paris";"75056SR10";"Paris 10eme secteur";"1033";"1571";"981";"62,44%";"590";"37,56%";"976";"62,13%";"99,49%";"4";"0,25%";"0,41%";"1";"0,06%";"0,10%";"2";"CORDEBARD";"Alexandra";"F";"LUG";"EAV";"LE 10e EST À VOUS ! AVEC ALEXANDRA CORDEBARD ET EMMANUEL GRÉGOIRE L'UNION DE LA GAUCHE ET DES ECOLOGISTES";"490";"31,19%";"50,20%";"";"15";"3";"BEAUVALET";"Marion";"F";"LFI";"NPP 10";"LE NOUVEAU PARIS POPULAIRE 10e";"149";"9,48%";"15,27%";"";"1";"4";"SERINO";"Valentine";"F";"LUD";"10CP";"Changer Paris 10 avec Valentine Serino et Rachida Dati";"174";"11,08%";"17,83%";"";"2";"5";"FORT";"Bertil";"M";"LDVC";"TI BF 10";"Tous InDIXpensables, avec Bertil Fort";"163";"10,38%";"16,70%";"";"1"
"75";"Paris";"75056SR10";"Paris 10eme secteur";"1034";"1532";"931";"60,77%";"601";"39,23%";"917";"59,86%";"98,50%";"9";"0,59%";"0,97%";"5";"0,33%";"0,54%";"2";"CORDEBARD";"Alexandra";"F";"LUG";"EAV";"LE 10e EST À VOUS ! AVEC ALEXANDRA CORDEBARD ET EMMANUEL GRÉGOIRE L'UNION DE LA GAUCHE ET DES ECOLOGISTES";"411";"26,83%";"44,82%";"";"15";"3";"BEAUVALET";"Marion";"F";"LFI";"NPP 10";"LE NOUVEAU PARIS POPULAIRE 10e";"121";"7,90%";"13,20%";"";"1";"4";"SERINO";"Valentine";"F";"LUD";"10CP";"Changer Paris 10 avec Valentine Serino et Rachida Dati";"243";"15,86%";"26,50%";"";"2";"5";"FORT";"Bertil";"M";"LDVC";"TI BF 10";"Tous InDIXpensables, avec Bertil Fort";"142";"9,27%";"15,49%";"";"1"
"75";"Paris";"75056SR10";"Paris 10eme secteur";"1035";"1407";"902";"64,11%";"505";"35,89%";"893";"63,47%";"99,00%";"6";"0,43%";"0,67%";"3";"0,21%";"0,33%";"2";"CORDEBARD";"Alexandra";"F";"LUG";"EAV";"LE 10e EST À VOUS ! AVEC ALEXANDRA CORDEBARD ET EMMANUEL GRÉGOIRE L'UNION DE LA GAUCHE ET DES ECOLOGISTES";"384";"27,29%";"43,00%";"";"15";"3";"BEAUVALET";"Marion";"F";"LFI";"NPP 10";"LE NOUVEAU PARIS POPULAIRE 10e";"146";"10,38%";"16,35%";"";"1";"4";"SERINO";"Valentine";"F";"LUD";"10CP";"Changer Paris 10 avec Valentine Serino et Rachida Dati";"216";"15,35%";"24,19%";"";"2";"5";"FORT";"Bertil";"M";"LDVC";"TI BF 10";"Tous InDIXpensables, avec Bertil Fort";"147";"10,45%";"16,46%";"";"1"
"75";"Paris";"75056SR10";"Paris 10eme secteur";"1036";"1451";"972";"66,99%";"479";"33,01%";"958";"66,02%";"98,56%";"6";"0,41%";"0,62%";"8";"0,55%";"0,82%";"2";"CORDEBARD";"Alexandra";"F";"LUG";"EAV";"LE 10e EST À VOUS ! AVEC ALEXANDRA CORDEBARD ET EMMANUEL GRÉGOIRE L'UNION DE LA GAUCHE ET DES ECOLOGISTES";"473";"32,60%";"49,37%";"";"15";"3";"BEAUVALET";"Marion";"F";"LFI";"NPP 10";"LE NOUVEAU PARIS POPULAIRE 10e";"158";"10,89%";"16,49%";"";"1";"4";"SERINO";"Valentine";"F";"LUD";"10CP";"Changer Paris 10 avec Valentine Serino et Rachida Dati";"170";"11,72%";"17,75%";"";"2";"5";"FORT";"Bertil";"M";"LDVC";"TI BF 10";"Tous InDIXpensables, avec Bertil Fort";"157";"10,82%";"16,39%";"";"1"
"75";"Paris";"75056SR10";"Paris 10eme secteur";"1037";"1357";"852";"62,79%";"505";"37,21%";"845";"62,27%";"99,18%";"4";"0,29%";"0,47%";"3";"0,22%";"0,35%";"2";"CORDEBARD";"Alexandra";"F";"LUG";"EAV";"LE 10e EST À VOUS ! AVEC ALEXANDRA CORDEBARD ET EMMANUEL GRÉGOIRE L'UNION DE LA GAUCHE ET DES ECOLOGISTES";"372";"27,41%";"44,02%";"";"15";"3";"BEAUVALET";"Marion";"F";"LFI";"NPP 10";"LE NOUVEAU PARIS POPULAIRE 10e";"134";"9,87%";"15,86%";"";"1";"4";"SERINO";"Valentine";"F";"LUD";"10CP";"Changer Paris 10 avec Valentine Serino et Rachida Dati";"195";"14,37%";"23,08%";"";"2";"5";"FORT";"Bertil";"M";"LDVC";"TI BF 10";"Tous InDIXpensables, avec Bertil Fort";"144";"10,61%";"17,04%";"";"1"
"75";"Paris";"75056SR10";"Paris 10eme secteur";"1038";"1627";"1092";"67,12%";"535";"32,88%";"1078";"66,26%";"98,72%";"12";"0,74%";"1,10%";"2";"0,12%";"0,18%";"2";"CORDEBARD";"Alexandra";"F";"LUG";"EAV";"LE 10e EST À VOUS ! AVEC ALEXANDRA CORDEBARD ET EMMANUEL GRÉGOIRE L'UNION DE LA GAUCHE ET DES ECOLOGISTES";"505";"31,04%";"46,85%";"";"15";"3";"BEAUVALET";"Marion";"F";"LFI";"NPP 10";"LE NOUVEAU PARIS POPULAIRE 10e";"168";"10,33%";"15,58%";"";"1";"4";"SERINO";"Valentine";"F";"LUD";"10CP";"Changer Paris 10 avec Valentine Serino et Rachida Dati";"205";"12,60%";"19,02%";"";"2";"5";"FORT";"Bertil";"M";"LDVC";"TI BF 10";"Tous InDIXpensables, avec Bertil Fort";"200";"12,29%";"18,55%";"";"1"
"75";"Paris";"75056SR10";"Paris 10eme secteur";"1039";"1714";"1066";"62,19%";"648";"37,81%";"1057";"61,67%";"99,16%";"5";"0,29%";"0,47%";"4";"0,23%";"0,38%";"2";"CORDEBARD";"Alexandra";"F";"LUG";"EAV";"LE 10e EST À VOUS ! AVEC ALEXANDRA CORDEBARD ET EMMANUEL GRÉGOIRE L'UNION DE LA GAUCHE ET DES ECOLOGISTES";"476";"27,77%";"45,03%";"";"15";"3";"BEAUVALET";"Marion";"F";"LFI";"NPP 10";"LE NOUVEAU PARIS POPULAIRE 10e";"204";"11,90%";"19,30%";"";"1";"4";"SERINO";"Valentine";"F";"LUD";"10CP";"Changer Paris 10 avec Valentine Serino et Rachida Dati";"212";"12,37%";"20,06%";"";"2";"5";"FORT";"Bertil";"M";"LDVC";"TI BF 10";"Tous InDIXpensables, avec Bertil Fort";"165";"9,63%";"15,61%";"";"1"
"75";"Paris";"75056SR11";"Paris 11eme secteur";"1101";"1926";"1233";"64,02%";"693";"35,98%";"1223";"63,50%";"99,19%";"5";"0,26%";"0,41%";"5";"0,26%";"0,41%";"1";"BELLIARD";"David";"M";"LUG";"L11EAV";"Le 11e est à vous ! avec David Belliard et Emmanuel Grégoire L'union de la gauche et des écologistes";"717";"37,23%";"58,63%";"";"26";"3";"NOURI";"Sabrina";"F";"LFI";"NPP 11e";"LE NOUVEAU PARIS POPULAIRE 11e";"163";"8,46%";"13,33%";"";"2";"4";"GARNIER";"Nelly";"F";"LUD";"CP 11";"CHANGER PARIS 11 AVEC NELLY GARNIER ET RACHIDA DATI";"263";"13,66%";"21,50%";"";"4";"6";"GOATER";"Delphine";"F";"LUC";"Paris 11 apaisé";"PARIS 11 APAISE AVEC DELPHINE GOATER";"80";"4,15%";"6,54%";"";"1"
"75";"Paris";"75056SR11";"Paris 11eme secteur";"1102";"1677";"1111";"66,25%";"566";"33,75%";"1098";"65,47%";"98,83%";"5";"0,30%";"0,45%";"8";"0,48%";"0,72%";"1";"BELLIARD";"David";"M";"LUG";"L11EAV";"Le 11e est à vous ! avec David Belliard et Emmanuel Grégoire L'union de la gauche et des écologistes";"611";"36,43%";"55,65%";"";"26";"3";"NOURI";"Sabrina";"F";"LFI";"NPP 11e";"LE NOUVEAU PARIS POPULAIRE 11e";"111";"6,62%";"10,11%";"";"2";"4";"GARNIER";"Nelly";"F";"LUD";"CP 11";"CHANGER PARIS 11 AVEC NELLY GARNIER ET RACHIDA DATI";"274";"16,34%";"24,95%";"";"4";"6";"GOATER";"Delphine";"F";"LUC";"Paris 11 apaisé";"PARIS 11 APAISE AVEC DELPHINE GOATER";"102";"6,08%";"9,29%";"";"1"
"75";"Paris";"75056SR11";"Paris 11eme secteur";"1103";"1663";"1015";"61,03%";"648";"38,97%";"999";"60,07%";"98,42%";"11";"0,66%";"1,08%";"5";"0,30%";"0,49%";"1";"BELLIARD";"David";"M";"LUG";"L11EAV";"Le 11e est à vous ! avec David Belliard et Emmanuel Grégoire L'union de la gauche et des écologistes";"568";"34,16%";"56,86%";"";"26";"3";"NOURI";"Sabrina";"F";"LFI";"NPP 11e";"LE NOUVEAU PARIS POPULAIRE 11e";"171";"10,28%";"17,12%";"";"2";"4";"GARNIER";"Nelly";"F";"LUD";"CP 11";"CHANGER PARIS 11 AVEC NELLY GARNIER ET RACHIDA DATI";"198";"11,91%";"19,82%";"";"4";"6";"GOATER";"Delphine";"F";"LUC";"Paris 11 apaisé";"PARIS 11 APAISE AVEC DELPHINE GOATER";"62";"3,73%";"6,21%";"";"1"
"75";"Paris";"75056SR11";"Paris 11eme secteur";"1104";"1747";"1192";"68,23%";"555";"31,77%";"1169";"66,91%";"98,07%";"12";"0,69%";"1,01%";"11";"0,63%";"0,92%";"1";"BELLIARD";"David";"M";"LUG";"L11EAV";"Le 11e est à vous ! avec David Belliard et Emmanuel Grégoire L'union de la gauche et des écologistes";"618";"35,37%";"52,87%";"";"26";"3";"NOURI";"Sabrina";"F";"LFI";"NPP 11e";"LE NOUVEAU PARIS POPULAIRE 11e";"157";"8,99%";"13,43%";"";"2";"4";"GARNIER";"Nelly";"F";"LUD";"CP 11";"CHANGER PARIS 11 AVEC NELLY GARNIER ET RACHIDA DATI";"295";"16,89%";"25,24%";"";"4";"6";"GOATER";"Delphine";"F";"LUC";"Paris 11 apaisé";"PARIS 11 APAISE AVEC DELPHINE GOATER";"99";"5,67%";"8,47%";"";"1"
"75";"Paris";"75056SR11";"Paris 11eme secteur";"1105";"1843";"1227";"66,58%";"616";"33,42%";"1220";"66,20%";"99,43%";"4";"0,22%";"0,33%";"3";"0,16%";"0,24%";"1";"BELLIARD";"David";"M";"LUG";"L11EAV";"Le 11e est à vous ! avec David Belliard et Emmanuel Grégoire L'union de la gauche et des écologistes";"687";"37,28%";"56,31%";"";"26";"3";"NOURI";"Sabrina";"F";"LFI";"NPP 11e";"LE NOUVEAU PARIS POPULAIRE 11e";"174";"9,44%";"14,26%";"";"2";"4";"GARNIER";"Nelly";"F";"LUD";"CP 11";"CHANGER PARIS 11 AVEC NELLY GARNIER ET RACHIDA DATI";"270";"14,65%";"22,13%";"";"4";"6";"GOATER";"Delphine";"F";"LUC";"Paris 11 apaisé";"PARIS 11 APAISE AVEC DELPHINE GOATER";"89";"4,83%";"7,30%";"";"1"
"75";"Paris";"75056SR11";"Paris 11eme secteur";"1106";"1791";"1178";"65,77%";"613";"34,23%";"1164";"64,99%";"98,81%";"10";"0,56%";"0,85%";"4";"0,22%";"0,34%";"1";"BELLIARD";"David";"M";"LUG";"L11EAV";"Le 11e est à vous ! avec David Belliard et Emmanuel Grégoire L'union de la gauche et des écologistes";"643";"35,90%";"55,24%";"";"26";"3";"NOURI";"Sabrina";"F";"LFI";"NPP 11e";"LE NOUVEAU PARIS POPULAIRE 11e";"165";"9,21%";"14,18%";"";"2";"4";"GARNIER";"Nelly";"F";"LUD";"CP 11";"CHANGER PARIS 11 AVEC NELLY GARNIER ET RACHIDA DATI";"278";"15,52%";"23,88%";"";"4";"6";"GOATER";"Delphine";"F";"LUC";"Paris 11 apaisé";"PARIS 11 APAISE AVEC DELPHINE GOATER";"78";"4,36%";"6,70%";"";"1"
"75";"Paris";"75056SR11";"Paris 11eme secteur";"1107";"1628";"1059";"65,05%";"569";"34,95%";"1044";"64,13%";"98,58%";"4";"0,25%";"0,38%";"11";"0,68%";"1,04%";"1";"BELLIARD";"David";"M";"LUG";"L11EAV";"Le 11e est à vous ! avec David Belliard et Emmanuel Grégoire L'union de la gauche et des écologistes";"593";"36,43%";"56,80%";"";"26";"3";"NOURI";"Sabrina";"F";"LFI";"NPP 11e";"LE NOUVEAU PARIS POPULAIRE 11e";"112";"6,88%";"10,73%";"";"2";"4";"GARNIER";"Nelly";"F";"LUD";"CP 11";"CHANGER PARIS 11 AVEC NELLY GARNIER ET RACHIDA DATI";"237";"14,56%";"22,70%";"";"4";"6";"GOATER";"Delphine";"F";"LUC";"Paris 11 apaisé";"PARIS 11 APAISE AVEC DELPHINE GOATER";"102";"6,27%";"9,77%";"";"1"
"75";"Paris";"75056SR11";"Paris 11eme secteur";"1108";"1637";"1077";"65,79%";"560";"34,21%";"1069";"65,30%";"99,26%";"3";"0,18%";"0,28%";"5";"0,31%";"0,46%";"1";"BELLIARD";"David";"M";"LUG";"L11EAV";"Le 11e est à vous ! avec David Belliard et Emmanuel Grégoire L'union de la gauche et des écologistes";"626";"38,24%";"58,56%";"";"26";"3";"NOURI";"Sabrina";"F";"LFI";"NPP 11e";"LE NOUVEAU PARIS POPULAIRE 11e";"165";"10,08%";"15,43%";"";"2";"4";"GARNIER";"Nelly";"F";"LUD";"CP 11";"CHANGER PARIS 11 AVEC NELLY GARNIER ET RACHIDA DATI";"210";"12,83%";"19,64%";"";"4";"6";"GOATER";"Delphine";"F";"LUC";"Paris 11 apaisé";"PARIS 11 APAISE AVEC DELPHINE GOATER";"68";"4,15%";"6,36%";"";"1"
"75";"Paris";"75056SR11";"Paris 11eme secteur";"1109";"1777";"1191";"67,02%";"586";"32,98%";"1177";"66,24%";"98,82%";"9";"0,51%";"0,76%";"5";"0,28%";"0,42%";"1";"BELLIARD";"David";"M";"LUG";"L11EAV";"Le 11e est à vous ! avec David Belliard et Emmanuel Grégoire L'union de la gauche et des écologistes";"699";"39,34%";"59,39%";"";"26";"3";"NOURI";"Sabrina";"F";"LFI";"NPP 11e";"LE NOUVEAU PARIS POPULAIRE 11e";"156";"8,78%";"13,25%";"";"2";"4";"GARNIER";"Nelly";"F";"LUD";"CP 11";"CHANGER PARIS 11 AVEC NELLY GARNIER ET RACHIDA DATI";"220";"12,38%";"18,69%";"";"4";"6";"GOATER";"Delphine";"F";"LUC";"Paris 11 apaisé";"PARIS 11 APAISE AVEC DELPHINE GOATER";"102";"5,74%";"8,67%";"";"1"
"75";"Paris";"75056SR11";"Paris 11eme secteur";"1110";"1713";"1096";"63,98%";"617";"36,02%";"1066";"62,23%";"97,26%";"17";"0,99%";"1,55%";"13";"0,76%";"1,19%";"1";"BELLIARD";"David";"M";"LUG";"L11EAV";"Le 11e est à vous ! avec David Belliard et Emmanuel Grégoire L'union de la gauche et des écologistes";"546";"31,87%";"51,22%";"";"26";"3";"NOURI";"Sabrina";"F";"LFI";"NPP 11e";"LE NOUVEAU PARIS POPULAIRE 11e";"171";"9,98%";"16,04%";"";"2";"4";"GARNIER";"Nelly";"F";"LUD";"CP 11";"CHANGER PARIS 11 AVEC NELLY GARNIER ET RACHIDA DATI";"252";"14,71%";"23,64%";"";"4";"6";"GOATER";"Delphine";"F";"LUC";"Paris 11 apaisé";"PARIS 11 APAISE AVEC DELPHINE GOATER";"97";"5,66%";"9,10%";"";"1"
"75";"Paris";"75056SR11";"Paris 11eme secteur";"1111";"2010";"1298";"64,58%";"712";"35,42%";"1275";"63,43%";"98,23%";"11";"0,55%";"0,85%";"12";"0,60%";"0,92%";"1";"BELLIARD";"David";"M";"LUG";"L11EAV";"Le 11e est à vous ! avec David Belliard et Emmanuel Grégoire L'union de la gauche et des écologistes";"756";"37,61%";"59,29%";"";"26";"3";"NOURI";"Sabrina";"F";"LFI";"NPP 11e";"LE NOUVEAU PARIS POPULAIRE 11e";"176";"8,76%";"13,80%";"";"2";"4";"GARNIER";"Nelly";"F";"LUD";"CP 11";"CHANGER PARIS 11 AVEC NELLY GARNIER ET RACHIDA DATI";"248";"12,34%";"19,45%";"";"4";"6";"GOATER";"Delphine";"F";"LUC";"Paris 11 apaisé";"PARIS 11 APAISE AVEC DELPHINE GOATER";"95";"4,73%";"7,45%";"";"1"
"75";"Paris";"75056SR11";"Paris 11eme secteur";"1112";"1723";"1145";"66,45%";"578";"33,55%";"1130";"65,58%";"98,69%";"7";"0,41%";"0,61%";"8";"0,46%";"0,70%";"1";"BELLIARD";"David";"M";"LUG";"L11EAV";"Le 11e est à vous ! avec David Belliard et Emmanuel Grégoire L'union de la gauche et des écologistes";"610";"35,40%";"53,98%";"";"26";"3";"NOURI";"Sabrina";"F";"LFI";"NPP 11e";"LE NOUVEAU PARIS POPULAIRE 11e";"182";"10,56%";"16,11%";"";"2";"4";"GARNIER";"Nelly";"F";"LUD";"CP 11";"CHANGER PARIS 11 AVEC NELLY GARNIER ET RACHIDA DATI";"255";"14,80%";"22,57%";"";"4";"6";"GOATER";"Delphine";"F";"LUC";"Paris 11 apaisé";"PARIS 11 APAISE AVEC DELPHINE GOATER";"83";"4,82%";"7,35%";"";"1"
"75";"Paris";"75056SR11";"Paris 11eme secteur";"1113";"1844";"1185";"64,26%";"659";"35,74%";"1173";"63,61%";"98,99%";"6";"0,33%";"0,51%";"6";"0,33%";"0,51%";"1";"BELLIARD";"David";"M";"LUG";"L11EAV";"Le 11e est à vous ! avec David Belliard et Emmanuel Grégoire L'union de la gauche et des écologistes";"666";"36,12%";"56,78%";"";"26";"3";"NOURI";"Sabrina";"F";"LFI";"NPP 11e";"LE NOUVEAU PARIS POPULAIRE 11e";"168";"9,11%";"14,32%";"";"2";"4";"GARNIER";"Nelly";"F";"LUD";"CP 11";"CHANGER PARIS 11 AVEC NELLY GARNIER ET RACHIDA DATI";"222";"12,04%";"18,93%";"";"4";"6";"GOATER";"Delphine";"F";"LUC";"Paris 11 apaisé";"PARIS 11 APAISE AVEC DELPHINE GOATER";"117";"6,34%";"9,97%";"";"1"
"75";"Paris";"75056SR11";"Paris 11eme secteur";"1114";"1922";"1261";"65,61%";"661";"34,39%";"1224";"63,68%";"97,07%";"18";"0,94%";"1,43%";"19";"0,99%";"1,51%";"1";"BELLIARD";"David";"M";"LUG";"L11EAV";"Le 11e est à vous ! avec David Belliard et Emmanuel Grégoire L'union de la gauche et des écologistes";"655";"34,08%";"53,51%";"";"26";"3";"NOURI";"Sabrina";"F";"LFI";"NPP 11e";"LE NOUVEAU PARIS POPULAIRE 11e";"192";"9,99%";"15,69%";"";"2";"4";"GARNIER";"Nelly";"F";"LUD";"CP 11";"CHANGER PARIS 11 AVEC NELLY GARNIER ET RACHIDA DATI";"268";"13,94%";"21,90%";"";"4";"6";"GOATER";"Delphine";"F";"LUC";"Paris 11 apaisé";"PARIS 11 APAISE AVEC DELPHINE GOATER";"109";"5,67%";"8,91%";"";"1"
"75";"Paris";"75056SR11";"Paris 11eme secteur";"1115";"1778";"1234";"69,40%";"544";"30,60%";"1216";"68,39%";"98,54%";"10";"0,56%";"0,81%";"8";"0,45%";"0,65%";"1";"BELLIARD";"David";"M";"LUG";"L11EAV";"Le 11e est à vous ! avec David Belliard et Emmanuel Grégoire L'union de la gauche et des écologistes";"637";"35,83%";"52,38%";"";"26";"3";"NOURI";"Sabrina";"F";"LFI";"NPP 11e";"LE NOUVEAU PARIS POPULAIRE 11e";"99";"5,57%";"8,14%";"";"2";"4";"GARNIER";"Nelly";"F";"LUD";"CP 11";"CHANGER PARIS 11 AVEC NELLY GARNIER ET RACHIDA DATI";"341";"19,18%";"28,04%";"";"4";"6";"GOATER";"Delphine";"F";"LUC";"Paris 11 apaisé";"PARIS 11 APAISE AVEC DELPHINE GOATER";"139";"7,82%";"11,43%";"";"1"
"75";"Paris";"75056SR11";"Paris 11eme secteur";"1116";"1579";"1145";"72,51%";"434";"27,49%";"1130";"71,56%";"98,69%";"11";"0,70%";"0,96%";"4";"0,25%";"0,35%";"1";"BELLIARD";"David";"M";"LUG";"L11EAV";"Le 11e est à vous ! avec David Belliard et Emmanuel Grégoire L'union de la gauche et des écologistes";"523";"33,12%";"46,28%";"";"26";"3";"NOURI";"Sabrina";"F";"LFI";"NPP 11e";"LE NOUVEAU PARIS POPULAIRE 11e";"91";"5,76%";"8,05%";"";"2";"4";"GARNIER";"Nelly";"F";"LUD";"CP 11";"CHANGER PARIS 11 AVEC NELLY GARNIER ET RACHIDA DATI";"375";"23,75%";"33,19%";"";"4";"6";"GOATER";"Delphine";"F";"LUC";"Paris 11 apaisé";"PARIS 11 APAISE AVEC DELPHINE GOATER";"141";"8,93%";"12,48%";"";"1"
"75";"Paris";"75056SR11";"Paris 11eme secteur";"1117";"1548";"1106";"71,45%";"442";"28,55%";"1094";"70,67%";"98,92%";"6";"0,39%";"0,54%";"6";"0,39%";"0,54%";"1";"BELLIARD";"David";"M";"LUG";"L11EAV";"Le 11e est à vous ! avec David Belliard et Emmanuel Grégoire L'union de la gauche et des écologistes";"552";"35,66%";"50,46%";"";"26";"3";"NOURI";"Sabrina";"F";"LFI";"NPP 11e";"LE NOUVEAU PARIS POPULAIRE 11e";"113";"7,30%";"10,33%";"";"2";"4";"GARNIER";"Nelly";"F";"LUD";"CP 11";"CHANGER PARIS 11 AVEC NELLY GARNIER ET RACHIDA DATI";"318";"20,54%";"29,07%";"";"4";"6";"GOATER";"Delphine";"F";"LUC";"Paris 11 apaisé";"PARIS 11 APAISE AVEC DELPHINE GOATER";"111";"7,17%";"10,15%";"";"1"
"75";"Paris";"75056SR11";"Paris 11eme secteur";"1118";"1735";"1106";"63,75%";"629";"36,25%";"1089";"62,77%";"98,46%";"13";"0,75%";"1,18%";"4";"0,23%";"0,36%";"1";"BELLIARD";"David";"M";"LUG";"L11EAV";"Le 11e est à vous ! avec David Belliard et Emmanuel Grégoire L'union de la gauche et des écologistes";"581";"33,49%";"53,35%";"";"26";"3";"NOURI";"Sabrina";"F";"LFI";"NPP 11e";"LE NOUVEAU PARIS POPULAIRE 11e";"139";"8,01%";"12,76%";"";"2";"4";"GARNIER";"Nelly";"F";"LUD";"CP 11";"CHANGER PARIS 11 AVEC NELLY GARNIER ET RACHIDA DATI";"283";"16,31%";"25,99%";"";"4";"6";"GOATER";"Delphine";"F";"LUC";"Paris 11 apaisé";"PARIS 11 APAISE AVEC DELPHINE GOATER";"86";"4,96%";"7,90%";"";"1"
"75";"Paris";"75056SR11";"Paris 11eme secteur";"1119";"1604";"1060";"66,08%";"544";"33,92%";"1047";"65,27%";"98,77%";"7";"0,44%";"0,66%";"6";"0,37%";"0,57%";"1";"BELLIARD";"David";"M";"LUG";"L11EAV";"Le 11e est à vous ! avec David Belliard et Emmanuel Grégoire L'union de la gauche et des écologistes";"542";"33,79%";"51,77%";"";"26";"3";"NOURI";"Sabrina";"F";"LFI";"NPP 11e";"LE NOUVEAU PARIS POPULAIRE 11e";"139";"8,67%";"13,28%";"";"2";"4";"GARNIER";"Nelly";"F";"LUD";"CP 11";"CHANGER PARIS 11 AVEC NELLY GARNIER ET RACHIDA DATI";"283";"17,64%";"27,03%";"";"4";"6";"GOATER";"Delphine";"F";"LUC";"Paris 11 apaisé";"PARIS 11 APAISE AVEC DELPHINE GOATER";"83";"5,17%";"7,93%";"";"1"
"75";"Paris";"75056SR11";"Paris 11eme secteur";"1120";"1797";"1231";"68,50%";"566";"31,50%";"1223";"68,06%";"99,35%";"4";"0,22%";"0,32%";"4";"0,22%";"0,32%";"1";"BELLIARD";"David";"M";"LUG";"L11EAV";"Le 11e est à vous ! avec David Belliard et Emmanuel Grégoire L'union de la gauche et des écologistes";"683";"38,01%";"55,85%";"";"26";"3";"NOURI";"Sabrina";"F";"LFI";"NPP 11e";"LE NOUVEAU PARIS POPULAIRE 11e";"150";"8,35%";"12,26%";"";"2";"4";"GARNIER";"Nelly";"F";"LUD";"CP 11";"CHANGER PARIS 11 AVEC NELLY GARNIER ET RACHIDA DATI";"301";"16,75%";"24,61%";"";"4";"6";"GOATER";"Delphine";"F";"LUC";"Paris 11 apaisé";"PARIS 11 APAISE AVEC DELPHINE GOATER";"89";"4,95%";"7,28%";"";"1"
"75";"Paris";"75056SR11";"Paris 11eme secteur";"1121";"1574";"1032";"65,57%";"542";"34,43%";"1016";"64,55%";"98,45%";"9";"0,57%";"0,87%";"7";"0,44%";"0,68%";"1";"BELLIARD";"David";"M";"LUG";"L11EAV";"Le 11e est à vous ! avec David Belliard et Emmanuel Grégoire L'union de la gauche et des écologistes";"545";"34,63%";"53,64%";"";"26";"3";"NOURI";"Sabrina";"F";"LFI";"NPP 11e";"LE NOUVEAU PARIS POPULAIRE 11e";"127";"8,07%";"12,50%";"";"2";"4";"GARNIER";"Nelly";"F";"LUD";"CP 11";"CHANGER PARIS 11 AVEC NELLY GARNIER ET RACHIDA DATI";"260";"16,52%";"25,59%";"";"4";"6";"GOATER";"Delphine";"F";"LUC";"Paris 11 apaisé";"PARIS 11 APAISE AVEC DELPHINE GOATER";"84";"5,34%";"8,27%";"";"1"
"75";"Paris";"75056SR11";"Paris 11eme secteur";"1122";"1768";"1181";"66,80%";"587";"33,20%";"1167";"66,01%";"98,81%";"7";"0,40%";"0,59%";"7";"0,40%";"0,59%";"1";"BELLIARD";"David";"M";"LUG";"L11EAV";"Le 11e est à vous ! avec David Belliard et Emmanuel Grégoire L'union de la gauche et des écologistes";"622";"35,18%";"53,30%";"";"26";"3";"NOURI";"Sabrina";"F";"LFI";"NPP 11e";"LE NOUVEAU PARIS POPULAIRE 11e";"156";"8,82%";"13,37%";"";"2";"4";"GARNIER";"Nelly";"F";"LUD";"CP 11";"CHANGER PARIS 11 AVEC NELLY GARNIER ET RACHIDA DATI";"299";"16,91%";"25,62%";"";"4";"6";"GOATER";"Delphine";"F";"LUC";"Paris 11 apaisé";"PARIS 11 APAISE AVEC DELPHINE GOATER";"90";"5,09%";"7,71%";"";"1"
"75";"Paris";"75056SR11";"Paris 11eme secteur";"1123";"1728";"1152";"66,67%";"576";"33,33%";"1141";"66,03%";"99,05%";"5";"0,29%";"0,43%";"6";"0,35%";"0,52%";"1";"BELLIARD";"David";"M";"LUG";"L11EAV";"Le 11e est à vous ! avec David Belliard et Emmanuel Grégoire L'union de la gauche et des écologistes";"663";"38,37%";"58,11%";"";"26";"3";"NOURI";"Sabrina";"F";"LFI";"NPP 11e";"LE NOUVEAU PARIS POPULAIRE 11e";"150";"8,68%";"13,15%";"";"2";"4";"GARNIER";"Nelly";"F";"LUD";"CP 11";"CHANGER PARIS 11 AVEC NELLY GARNIER ET RACHIDA DATI";"234";"13,54%";"20,51%";"";"4";"6";"GOATER";"Delphine";"F";"LUC";"Paris 11 apaisé";"PARIS 11 APAISE AVEC DELPHINE GOATER";"94";"5,44%";"8,24%";"";"1"
"75";"Paris";"75056SR11";"Paris 11eme secteur";"1124";"1910";"1271";"66,54%";"639";"33,46%";"1249";"65,39%";"98,27%";"10";"0,52%";"0,79%";"12";"0,63%";"0,94%";"1";"BELLIARD";"David";"M";"LUG";"L11EAV";"Le 11e est à vous ! avec David Belliard et Emmanuel Grégoire L'union de la gauche et des écologistes";"686";"35,92%";"54,92%";"";"26";"3";"NOURI";"Sabrina";"F";"LFI";"NPP 11e";"LE NOUVEAU PARIS POPULAIRE 11e";"157";"8,22%";"12,57%";"";"2";"4";"GARNIER";"Nelly";"F";"LUD";"CP 11";"CHANGER PARIS 11 AVEC NELLY GARNIER ET RACHIDA DATI";"286";"14,97%";"22,90%";"";"4";"6";"GOATER";"Delphine";"F";"LUC";"Paris 11 apaisé";"PARIS 11 APAISE AVEC DELPHINE GOATER";"120";"6,28%";"9,61%";"";"1"
"75";"Paris";"75056SR11";"Paris 11eme secteur";"1125";"1860";"1234";"66,34%";"626";"33,66%";"1212";"65,16%";"98,22%";"11";"0,59%";"0,89%";"11";"0,59%";"0,89%";"1";"BELLIARD";"David";"M";"LUG";"L11EAV";"Le 11e est à vous ! avec David Belliard et Emmanuel Grégoire L'union de la gauche et des écologistes";"692";"37,20%";"57,10%";"";"26";"3";"NOURI";"Sabrina";"F";"LFI";"NPP 11e";"LE NOUVEAU PARIS POPULAIRE 11e";"158";"8,49%";"13,04%";"";"2";"4";"GARNIER";"Nelly";"F";"LUD";"CP 11";"CHANGER PARIS 11 AVEC NELLY GARNIER ET RACHIDA DATI";"273";"14,68%";"22,52%";"";"4";"6";"GOATER";"Delphine";"F";"LUC";"Paris 11 apaisé";"PARIS 11 APAISE AVEC DELPHINE GOATER";"89";"4,78%";"7,34%";"";"1"
"75";"Paris";"75056SR11";"Paris 11eme secteur";"1126";"1824";"1239";"67,93%";"585";"32,07%";"1215";"66,61%";"98,06%";"10";"0,55%";"0,81%";"14";"0,77%";"1,13%";"1";"BELLIARD";"David";"M";"LUG";"L11EAV";"Le 11e est à vous ! avec David Belliard et Emmanuel Grégoire L'union de la gauche et des écologistes";"668";"36,62%";"54,98%";"";"26";"3";"NOURI";"Sabrina";"F";"LFI";"NPP 11e";"LE NOUVEAU PARIS POPULAIRE 11e";"131";"7,18%";"10,78%";"";"2";"4";"GARNIER";"Nelly";"F";"LUD";"CP 11";"CHANGER PARIS 11 AVEC NELLY GARNIER ET RACHIDA DATI";"310";"17,00%";"25,51%";"";"4";"6";"GOATER";"Delphine";"F";"LUC";"Paris 11 apaisé";"PARIS 11 APAISE AVEC DELPHINE GOATER";"106";"5,81%";"8,72%";"";"1"
"75";"Paris";"75056SR11";"Paris 11eme secteur";"1127";"1807";"1248";"69,06%";"559";"30,94%";"1234";"68,29%";"98,88%";"6";"0,33%";"0,48%";"8";"0,44%";"0,64%";"1";"BELLIARD";"David";"M";"LUG";"L11EAV";"Le 11e est à vous ! avec David Belliard et Emmanuel Grégoire L'union de la gauche et des écologistes";"775";"42,89%";"62,80%";"";"26";"3";"NOURI";"Sabrina";"F";"LFI";"NPP 11e";"LE NOUVEAU PARIS POPULAIRE 11e";"198";"10,96%";"16,05%";"";"2";"4";"GARNIER";"Nelly";"F";"LUD";"CP 11";"CHANGER PARIS 11 AVEC NELLY GARNIER ET RACHIDA DATI";"203";"11,23%";"16,45%";"";"4";"6";"GOATER";"Delphine";"F";"LUC";"Paris 11 apaisé";"PARIS 11 APAISE AVEC DELPHINE GOATER";"58";"3,21%";"4,70%";"";"1"
"75";"Paris";"75056SR11";"Paris 11eme secteur";"1128";"1777";"1170";"65,84%";"607";"34,16%";"1161";"65,33%";"99,23%";"4";"0,23%";"0,34%";"5";"0,28%";"0,43%";"1";"BELLIARD";"David";"M";"LUG";"L11EAV";"Le 11e est à vous ! avec David Belliard et Emmanuel Grégoire L'union de la gauche et des écologistes";"700";"39,39%";"60,29%";"";"26";"3";"NOURI";"Sabrina";"F";"LFI";"NPP 11e";"LE NOUVEAU PARIS POPULAIRE 11e";"200";"11,25%";"17,23%";"";"2";"4";"GARNIER";"Nelly";"F";"LUD";"CP 11";"CHANGER PARIS 11 AVEC NELLY GARNIER ET RACHIDA DATI";"197";"11,09%";"16,97%";"";"4";"6";"GOATER";"Delphine";"F";"LUC";"Paris 11 apaisé";"PARIS 11 APAISE AVEC DELPHINE GOATER";"64";"3,60%";"5,51%";"";"1"
"75";"Paris";"75056SR11";"Paris 11eme secteur";"1129";"1963";"1214";"61,84%";"749";"38,16%";"1198";"61,03%";"98,68%";"7";"0,36%";"0,58%";"9";"0,46%";"0,74%";"1";"BELLIARD";"David";"M";"LUG";"L11EAV";"Le 11e est à vous ! avec David Belliard et Emmanuel Grégoire L'union de la gauche et des écologistes";"704";"35,86%";"58,76%";"";"26";"3";"NOURI";"Sabrina";"F";"LFI";"NPP 11e";"LE NOUVEAU PARIS POPULAIRE 11e";"255";"12,99%";"21,29%";"";"2";"4";"GARNIER";"Nelly";"F";"LUD";"CP 11";"CHANGER PARIS 11 AVEC NELLY GARNIER ET RACHIDA DATI";"195";"9,93%";"16,28%";"";"4";"6";"GOATER";"Delphine";"F";"LUC";"Paris 11 apaisé";"PARIS 11 APAISE AVEC DELPHINE GOATER";"44";"2,24%";"3,67%";"";"1"
"75";"Paris";"75056SR11";"Paris 11eme secteur";"1130";"1923";"1195";"62,14%";"728";"37,86%";"1185";"61,62%";"99,16%";"6";"0,31%";"0,50%";"4";"0,21%";"0,33%";"1";"BELLIARD";"David";"M";"LUG";"L11EAV";"Le 11e est à vous ! avec David Belliard et Emmanuel Grégoire L'union de la gauche et des écologistes";"728";"37,86%";"61,43%";"";"26";"3";"NOURI";"Sabrina";"F";"LFI";"NPP 11e";"LE NOUVEAU PARIS POPULAIRE 11e";"230";"11,96%";"19,41%";"";"2";"4";"GARNIER";"Nelly";"F";"LUD";"CP 11";"CHANGER PARIS 11 AVEC NELLY GARNIER ET RACHIDA DATI";"174";"9,05%";"14,68%";"";"4";"6";"GOATER";"Delphine";"F";"LUC";"Paris 11 apaisé";"PARIS 11 APAISE AVEC DELPHINE GOATER";"53";"2,76%";"4,47%";"";"1"
"75";"Paris";"75056SR11";"Paris 11eme secteur";"1131";"2009";"1033";"51,42%";"976";"48,58%";"1014";"50,47%";"98,16%";"10";"0,50%";"0,97%";"9";"0,45%";"0,87%";"1";"BELLIARD";"David";"M";"LUG";"L11EAV";"Le 11e est à vous ! avec David Belliard et Emmanuel Grégoire L'union de la gauche et des écologistes";"555";"27,63%";"54,73%";"";"26";"3";"NOURI";"Sabrina";"F";"LFI";"NPP 11e";"LE NOUVEAU PARIS POPULAIRE 11e";"283";"14,09%";"27,91%";"";"2";"4";"GARNIER";"Nelly";"F";"LUD";"CP 11";"CHANGER PARIS 11 AVEC NELLY GARNIER ET RACHIDA DATI";"138";"6,87%";"13,61%";"";"4";"6";"GOATER";"Delphine";"F";"LUC";"Paris 11 apaisé";"PARIS 11 APAISE AVEC DELPHINE GOATER";"38";"1,89%";"3,75%";"";"1"
"75";"Paris";"75056SR11";"Paris 11eme secteur";"1132";"2003";"1148";"57,31%";"855";"42,69%";"1126";"56,22%";"98,08%";"10";"0,50%";"0,87%";"12";"0,60%";"1,05%";"1";"BELLIARD";"David";"M";"LUG";"L11EAV";"Le 11e est à vous ! avec David Belliard et Emmanuel Grégoire L'union de la gauche et des écologistes";"638";"31,85%";"56,66%";"";"26";"3";"NOURI";"Sabrina";"F";"LFI";"NPP 11e";"LE NOUVEAU PARIS POPULAIRE 11e";"293";"14,63%";"26,02%";"";"2";"4";"GARNIER";"Nelly";"F";"LUD";"CP 11";"CHANGER PARIS 11 AVEC NELLY GARNIER ET RACHIDA DATI";"156";"7,79%";"13,85%";"";"4";"6";"GOATER";"Delphine";"F";"LUC";"Paris 11 apaisé";"PARIS 11 APAISE AVEC DELPHINE GOATER";"39";"1,95%";"3,46%";"";"1"
"75";"Paris";"75056SR11";"Paris 11eme secteur";"1133";"1988";"1282";"64,49%";"706";"35,51%";"1262";"63,48%";"98,44%";"10";"0,50%";"0,78%";"10";"0,50%";"0,78%";"1";"BELLIARD";"David";"M";"LUG";"L11EAV";"Le 11e est à vous ! avec David Belliard et Emmanuel Grégoire L'union de la gauche et des écologistes";"726";"36,52%";"57,53%";"";"26";"3";"NOURI";"Sabrina";"F";"LFI";"NPP 11e";"LE NOUVEAU PARIS POPULAIRE 11e";"237";"11,92%";"18,78%";"";"2";"4";"GARNIER";"Nelly";"F";"LUD";"CP 11";"CHANGER PARIS 11 AVEC NELLY GARNIER ET RACHIDA DATI";"233";"11,72%";"18,46%";"";"4";"6";"GOATER";"Delphine";"F";"LUC";"Paris 11 apaisé";"PARIS 11 APAISE AVEC DELPHINE GOATER";"66";"3,32%";"5,23%";"";"1"
"75";"Paris";"75056SR11";"Paris 11eme secteur";"1134";"1832";"1053";"57,48%";"779";"42,52%";"1031";"56,28%";"97,91%";"12";"0,66%";"1,14%";"10";"0,55%";"0,95%";"1";"BELLIARD";"David";"M";"LUG";"L11EAV";"Le 11e est à vous ! avec David Belliard et Emmanuel Grégoire L'union de la gauche et des écologistes";"611";"33,35%";"59,26%";"";"26";"3";"NOURI";"Sabrina";"F";"LFI";"NPP 11e";"LE NOUVEAU PARIS POPULAIRE 11e";"181";"9,88%";"17,56%";"";"2";"4";"GARNIER";"Nelly";"F";"LUD";"CP 11";"CHANGER PARIS 11 AVEC NELLY GARNIER ET RACHIDA DATI";"192";"10,48%";"18,62%";"";"4";"6";"GOATER";"Delphine";"F";"LUC";"Paris 11 apaisé";"PARIS 11 APAISE AVEC DELPHINE GOATER";"47";"2,57%";"4,56%";"";"1"
"75";"Paris";"75056SR11";"Paris 11eme secteur";"1135";"1742";"1159";"66,53%";"583";"33,47%";"1145";"65,73%";"98,79%";"9";"0,52%";"0,78%";"5";"0,29%";"0,43%";"1";"BELLIARD";"David";"M";"LUG";"L11EAV";"Le 11e est à vous ! avec David Belliard et Emmanuel Grégoire L'union de la gauche et des écologistes";"611";"35,07%";"53,36%";"";"26";"3";"NOURI";"Sabrina";"F";"LFI";"NPP 11e";"LE NOUVEAU PARIS POPULAIRE 11e";"162";"9,30%";"14,15%";"";"2";"4";"GARNIER";"Nelly";"F";"LUD";"CP 11";"CHANGER PARIS 11 AVEC NELLY GARNIER ET RACHIDA DATI";"272";"15,61%";"23,76%";"";"4";"6";"GOATER";"Delphine";"F";"LUC";"Paris 11 apaisé";"PARIS 11 APAISE AVEC DELPHINE GOATER";"100";"5,74%";"8,73%";"";"1"
"75";"Paris";"75056SR11";"Paris 11eme secteur";"1136";"1808";"1194";"66,04%";"614";"33,96%";"1180";"65,27%";"98,83%";"6";"0,33%";"0,50%";"8";"0,44%";"0,67%";"1";"BELLIARD";"David";"M";"LUG";"L11EAV";"Le 11e est à vous ! avec David Belliard et Emmanuel Grégoire L'union de la gauche et des écologistes";"684";"37,83%";"57,97%";"";"26";"3";"NOURI";"Sabrina";"F";"LFI";"NPP 11e";"LE NOUVEAU PARIS POPULAIRE 11e";"189";"10,45%";"16,02%";"";"2";"4";"GARNIER";"Nelly";"F";"LUD";"CP 11";"CHANGER PARIS 11 AVEC NELLY GARNIER ET RACHIDA DATI";"228";"12,61%";"19,32%";"";"4";"6";"GOATER";"Delphine";"F";"LUC";"Paris 11 apaisé";"PARIS 11 APAISE AVEC DELPHINE GOATER";"79";"4,37%";"6,69%";"";"1"
"75";"Paris";"75056SR11";"Paris 11eme secteur";"1137";"1684";"1122";"66,63%";"562";"33,37%";"1102";"65,44%";"98,22%";"11";"0,65%";"0,98%";"9";"0,53%";"0,80%";"1";"BELLIARD";"David";"M";"LUG";"L11EAV";"Le 11e est à vous ! avec David Belliard et Emmanuel Grégoire L'union de la gauche et des écologistes";"638";"37,89%";"57,89%";"";"26";"3";"NOURI";"Sabrina";"F";"LFI";"NPP 11e";"LE NOUVEAU PARIS POPULAIRE 11e";"131";"7,78%";"11,89%";"";"2";"4";"GARNIER";"Nelly";"F";"LUD";"CP 11";"CHANGER PARIS 11 AVEC NELLY GARNIER ET RACHIDA DATI";"255";"15,14%";"23,14%";"";"4";"6";"GOATER";"Delphine";"F";"LUC";"Paris 11 apaisé";"PARIS 11 APAISE AVEC DELPHINE GOATER";"78";"4,63%";"7,08%";"";"1"
"75";"Paris";"75056SR11";"Paris 11eme secteur";"1138";"1824";"1187";"65,08%";"637";"34,92%";"1177";"64,53%";"99,16%";"5";"0,27%";"0,42%";"5";"0,27%";"0,42%";"1";"BELLIARD";"David";"M";"LUG";"L11EAV";"Le 11e est à vous ! avec David Belliard et Emmanuel Grégoire L'union de la gauche et des écologistes";"660";"36,18%";"56,07%";"";"26";"3";"NOURI";"Sabrina";"F";"LFI";"NPP 11e";"LE NOUVEAU PARIS POPULAIRE 11e";"159";"8,72%";"13,51%";"";"2";"4";"GARNIER";"Nelly";"F";"LUD";"CP 11";"CHANGER PARIS 11 AVEC NELLY GARNIER ET RACHIDA DATI";"269";"14,75%";"22,85%";"";"4";"6";"GOATER";"Delphine";"F";"LUC";"Paris 11 apaisé";"PARIS 11 APAISE AVEC DELPHINE GOATER";"89";"4,88%";"7,56%";"";"1"
"75";"Paris";"75056SR11";"Paris 11eme secteur";"1139";"1557";"982";"63,07%";"575";"36,93%";"972";"62,43%";"98,98%";"5";"0,32%";"0,51%";"5";"0,32%";"0,51%";"1";"BELLIARD";"David";"M";"LUG";"L11EAV";"Le 11e est à vous ! avec David Belliard et Emmanuel Grégoire L'union de la gauche et des écologistes";"541";"34,75%";"55,66%";"";"26";"3";"NOURI";"Sabrina";"F";"LFI";"NPP 11e";"LE NOUVEAU PARIS POPULAIRE 11e";"172";"11,05%";"17,70%";"";"2";"4";"GARNIER";"Nelly";"F";"LUD";"CP 11";"CHANGER PARIS 11 AVEC NELLY GARNIER ET RACHIDA DATI";"195";"12,52%";"20,06%";"";"4";"6";"GOATER";"Delphine";"F";"LUC";"Paris 11 apaisé";"PARIS 11 APAISE AVEC DELPHINE GOATER";"64";"4,11%";"6,58%";"";"1"
"75";"Paris";"75056SR11";"Paris 11eme secteur";"1140";"1492";"914";"61,26%";"578";"38,74%";"905";"60,66%";"99,02%";"4";"0,27%";"0,44%";"5";"0,34%";"0,55%";"1";"BELLIARD";"David";"M";"LUG";"L11EAV";"Le 11e est à vous ! avec David Belliard et Emmanuel Grégoire L'union de la gauche et des écologistes";"470";"31,50%";"51,93%";"";"26";"3";"NOURI";"Sabrina";"F";"LFI";"NPP 11e";"LE NOUVEAU PARIS POPULAIRE 11e";"144";"9,65%";"15,91%";"";"2";"4";"GARNIER";"Nelly";"F";"LUD";"CP 11";"CHANGER PARIS 11 AVEC NELLY GARNIER ET RACHIDA DATI";"230";"15,42%";"25,41%";"";"4";"6";"GOATER";"Delphine";"F";"LUC";"Paris 11 apaisé";"PARIS 11 APAISE AVEC DELPHINE GOATER";"61";"4,09%";"6,74%";"";"1"
"75";"Paris";"75056SR11";"Paris 11eme secteur";"1141";"1835";"1059";"57,71%";"776";"42,29%";"1046";"57,00%";"98,77%";"6";"0,33%";"0,57%";"7";"0,38%";"0,66%";"1";"BELLIARD";"David";"M";"LUG";"L11EAV";"Le 11e est à vous ! avec David Belliard et Emmanuel Grégoire L'union de la gauche et des écologistes";"548";"29,86%";"52,39%";"";"26";"3";"NOURI";"Sabrina";"F";"LFI";"NPP 11e";"LE NOUVEAU PARIS POPULAIRE 11e";"217";"11,83%";"20,75%";"";"2";"4";"GARNIER";"Nelly";"F";"LUD";"CP 11";"CHANGER PARIS 11 AVEC NELLY GARNIER ET RACHIDA DATI";"239";"13,02%";"22,85%";"";"4";"6";"GOATER";"Delphine";"F";"LUC";"Paris 11 apaisé";"PARIS 11 APAISE AVEC DELPHINE GOATER";"42";"2,29%";"4,02%";"";"1"
"75";"Paris";"75056SR11";"Paris 11eme secteur";"1142";"1569";"905";"57,68%";"664";"42,32%";"882";"56,21%";"97,46%";"4";"0,25%";"0,44%";"19";"1,21%";"2,10%";"1";"BELLIARD";"David";"M";"LUG";"L11EAV";"Le 11e est à vous ! avec David Belliard et Emmanuel Grégoire L'union de la gauche et des écologistes";"453";"28,87%";"51,36%";"";"26";"3";"NOURI";"Sabrina";"F";"LFI";"NPP 11e";"LE NOUVEAU PARIS POPULAIRE 11e";"167";"10,64%";"18,93%";"";"2";"4";"GARNIER";"Nelly";"F";"LUD";"CP 11";"CHANGER PARIS 11 AVEC NELLY GARNIER ET RACHIDA DATI";"219";"13,96%";"24,83%";"";"4";"6";"GOATER";"Delphine";"F";"LUC";"Paris 11 apaisé";"PARIS 11 APAISE AVEC DELPHINE GOATER";"43";"2,74%";"4,88%";"";"1"
"75";"Paris";"75056SR11";"Paris 11eme secteur";"1143";"1790";"1120";"62,57%";"670";"37,43%";"1103";"61,62%";"98,48%";"7";"0,39%";"0,63%";"10";"0,56%";"0,89%";"1";"BELLIARD";"David";"M";"LUG";"L11EAV";"Le 11e est à vous ! avec David Belliard et Emmanuel Grégoire L'union de la gauche et des écologistes";"607";"33,91%";"55,03%";"";"26";"3";"NOURI";"Sabrina";"F";"LFI";"NPP 11e";"LE NOUVEAU PARIS POPULAIRE 11e";"186";"10,39%";"16,86%";"";"2";"4";"GARNIER";"Nelly";"F";"LUD";"CP 11";"CHANGER PARIS 11 AVEC NELLY GARNIER ET RACHIDA DATI";"233";"13,02%";"21,12%";"";"4";"6";"GOATER";"Delphine";"F";"LUC";"Paris 11 apaisé";"PARIS 11 APAISE AVEC DELPHINE GOATER";"77";"4,30%";"6,98%";"";"1"
"75";"Paris";"75056SR11";"Paris 11eme secteur";"1144";"1840";"1152";"62,61%";"688";"37,39%";"1141";"62,01%";"99,05%";"2";"0,11%";"0,17%";"9";"0,49%";"0,78%";"1";"BELLIARD";"David";"M";"LUG";"L11EAV";"Le 11e est à vous ! avec David Belliard et Emmanuel Grégoire L'union de la gauche et des écologistes";"636";"34,57%";"55,74%";"";"26";"3";"NOURI";"Sabrina";"F";"LFI";"NPP 11e";"LE NOUVEAU PARIS POPULAIRE 11e";"149";"8,10%";"13,06%";"";"2";"4";"GARNIER";"Nelly";"F";"LUD";"CP 11";"CHANGER PARIS 11 AVEC NELLY GARNIER ET RACHIDA DATI";"272";"14,78%";"23,84%";"";"4";"6";"GOATER";"Delphine";"F";"LUC";"Paris 11 apaisé";"PARIS 11 APAISE AVEC DELPHINE GOATER";"84";"4,57%";"7,36%";"";"1"
"75";"Paris";"75056SR11";"Paris 11eme secteur";"1145";"1692";"1114";"65,84%";"578";"34,16%";"1100";"65,01%";"98,74%";"8";"0,47%";"0,72%";"6";"0,35%";"0,54%";"1";"BELLIARD";"David";"M";"LUG";"L11EAV";"Le 11e est à vous ! avec David Belliard et Emmanuel Grégoire L'union de la gauche et des écologistes";"576";"34,04%";"52,36%";"";"26";"3";"NOURI";"Sabrina";"F";"LFI";"NPP 11e";"LE NOUVEAU PARIS POPULAIRE 11e";"127";"7,51%";"11,55%";"";"2";"4";"GARNIER";"Nelly";"F";"LUD";"CP 11";"CHANGER PARIS 11 AVEC NELLY GARNIER ET RACHIDA DATI";"322";"19,03%";"29,27%";"";"4";"6";"GOATER";"Delphine";"F";"LUC";"Paris 11 apaisé";"PARIS 11 APAISE AVEC DELPHINE GOATER";"75";"4,43%";"6,82%";"";"1"
"75";"Paris";"75056SR11";"Paris 11eme secteur";"1146";"1913";"1027";"53,69%";"886";"46,31%";"1004";"52,48%";"97,76%";"10";"0,52%";"0,97%";"13";"0,68%";"1,27%";"1";"BELLIARD";"David";"M";"LUG";"L11EAV";"Le 11e est à vous ! avec David Belliard et Emmanuel Grégoire L'union de la gauche et des écologistes";"478";"24,99%";"47,61%";"";"26";"3";"NOURI";"Sabrina";"F";"LFI";"NPP 11e";"LE NOUVEAU PARIS POPULAIRE 11e";"203";"10,61%";"20,22%";"";"2";"4";"GARNIER";"Nelly";"F";"LUD";"CP 11";"CHANGER PARIS 11 AVEC NELLY GARNIER ET RACHIDA DATI";"270";"14,11%";"26,89%";"";"4";"6";"GOATER";"Delphine";"F";"LUC";"Paris 11 apaisé";"PARIS 11 APAISE AVEC DELPHINE GOATER";"53";"2,77%";"5,28%";"";"1"
"75";"Paris";"75056SR11";"Paris 11eme secteur";"1147";"1862";"1120";"60,15%";"742";"39,85%";"1098";"58,97%";"98,04%";"8";"0,43%";"0,71%";"14";"0,75%";"1,25%";"1";"BELLIARD";"David";"M";"LUG";"L11EAV";"Le 11e est à vous ! avec David Belliard et Emmanuel Grégoire L'union de la gauche et des écologistes";"581";"31,20%";"52,91%";"";"26";"3";"NOURI";"Sabrina";"F";"LFI";"NPP 11e";"LE NOUVEAU PARIS POPULAIRE 11e";"180";"9,67%";"16,39%";"";"2";"4";"GARNIER";"Nelly";"F";"LUD";"CP 11";"CHANGER PARIS 11 AVEC NELLY GARNIER ET RACHIDA DATI";"269";"14,45%";"24,50%";"";"4";"6";"GOATER";"Delphine";"F";"LUC";"Paris 11 apaisé";"PARIS 11 APAISE AVEC DELPHINE GOATER";"68";"3,65%";"6,19%";"";"1"
"75";"Paris";"75056SR11";"Paris 11eme secteur";"1148";"1806";"1256";"69,55%";"550";"30,45%";"1230";"68,11%";"97,93%";"12";"0,66%";"0,96%";"14";"0,78%";"1,11%";"1";"BELLIARD";"David";"M";"LUG";"L11EAV";"Le 11e est à vous ! avec David Belliard et Emmanuel Grégoire L'union de la gauche et des écologistes";"624";"34,55%";"50,73%";"";"26";"3";"NOURI";"Sabrina";"F";"LFI";"NPP 11e";"LE NOUVEAU PARIS POPULAIRE 11e";"145";"8,03%";"11,79%";"";"2";"4";"GARNIER";"Nelly";"F";"LUD";"CP 11";"CHANGER PARIS 11 AVEC NELLY GARNIER ET RACHIDA DATI";"360";"19,93%";"29,27%";"";"4";"6";"GOATER";"Delphine";"F";"LUC";"Paris 11 apaisé";"PARIS 11 APAISE AVEC DELPHINE GOATER";"101";"5,59%";"8,21%";"";"1"
"75";"Paris";"75056SR11";"Paris 11eme secteur";"1149";"1856";"1224";"65,95%";"632";"34,05%";"1210";"65,19%";"98,86%";"7";"0,38%";"0,57%";"7";"0,38%";"0,57%";"1";"BELLIARD";"David";"M";"LUG";"L11EAV";"Le 11e est à vous ! avec David Belliard et Emmanuel Grégoire L'union de la gauche et des écologistes";"626";"33,73%";"51,74%";"";"26";"3";"NOURI";"Sabrina";"F";"LFI";"NPP 11e";"LE NOUVEAU PARIS POPULAIRE 11e";"182";"9,81%";"15,04%";"";"2";"4";"GARNIER";"Nelly";"F";"LUD";"CP 11";"CHANGER PARIS 11 AVEC NELLY GARNIER ET RACHIDA DATI";"323";"17,40%";"26,69%";"";"4";"6";"GOATER";"Delphine";"F";"LUC";"Paris 11 apaisé";"PARIS 11 APAISE AVEC DELPHINE GOATER";"79";"4,26%";"6,53%";"";"1"
"75";"Paris";"75056SR11";"Paris 11eme secteur";"1150";"1869";"1269";"67,90%";"600";"32,10%";"1244";"66,56%";"98,03%";"10";"0,54%";"0,79%";"15";"0,80%";"1,18%";"1";"BELLIARD";"David";"M";"LUG";"L11EAV";"Le 11e est à vous ! avec David Belliard et Emmanuel Grégoire L'union de la gauche et des écologistes";"727";"38,90%";"58,44%";"";"26";"3";"NOURI";"Sabrina";"F";"LFI";"NPP 11e";"LE NOUVEAU PARIS POPULAIRE 11e";"177";"9,47%";"14,23%";"";"2";"4";"GARNIER";"Nelly";"F";"LUD";"CP 11";"CHANGER PARIS 11 AVEC NELLY GARNIER ET RACHIDA DATI";"262";"14,02%";"21,06%";"";"4";"6";"GOATER";"Delphine";"F";"LUC";"Paris 11 apaisé";"PARIS 11 APAISE AVEC DELPHINE GOATER";"78";"4,17%";"6,27%";"";"1"
"75";"Paris";"75056SR11";"Paris 11eme secteur";"1151";"1777";"1175";"66,12%";"602";"33,88%";"1157";"65,11%";"98,47%";"12";"0,68%";"1,02%";"6";"0,34%";"0,51%";"1";"BELLIARD";"David";"M";"LUG";"L11EAV";"Le 11e est à vous ! avec David Belliard et Emmanuel Grégoire L'union de la gauche et des écologistes";"611";"34,38%";"52,81%";"";"26";"3";"NOURI";"Sabrina";"F";"LFI";"NPP 11e";"LE NOUVEAU PARIS POPULAIRE 11e";"130";"7,32%";"11,24%";"";"2";"4";"GARNIER";"Nelly";"F";"LUD";"CP 11";"CHANGER PARIS 11 AVEC NELLY GARNIER ET RACHIDA DATI";"314";"17,67%";"27,14%";"";"4";"6";"GOATER";"Delphine";"F";"LUC";"Paris 11 apaisé";"PARIS 11 APAISE AVEC DELPHINE GOATER";"102";"5,74%";"8,82%";"";"1"
"75";"Paris";"75056SR11";"Paris 11eme secteur";"1152";"1889";"1240";"65,64%";"649";"34,36%";"1215";"64,32%";"97,98%";"14";"0,74%";"1,13%";"11";"0,58%";"0,89%";"1";"BELLIARD";"David";"M";"LUG";"L11EAV";"Le 11e est à vous ! avec David Belliard et Emmanuel Grégoire L'union de la gauche et des écologistes";"733";"38,80%";"60,33%";"";"26";"3";"NOURI";"Sabrina";"F";"LFI";"NPP 11e";"LE NOUVEAU PARIS POPULAIRE 11e";"153";"8,10%";"12,59%";"";"2";"4";"GARNIER";"Nelly";"F";"LUD";"CP 11";"CHANGER PARIS 11 AVEC NELLY GARNIER ET RACHIDA DATI";"249";"13,18%";"20,49%";"";"4";"6";"GOATER";"Delphine";"F";"LUC";"Paris 11 apaisé";"PARIS 11 APAISE AVEC DELPHINE GOATER";"80";"4,24%";"6,58%";"";"1"
"75";"Paris";"75056SR11";"Paris 11eme secteur";"1153";"1885";"1322";"70,13%";"563";"29,87%";"1305";"69,23%";"98,71%";"11";"0,58%";"0,83%";"6";"0,32%";"0,45%";"1";"BELLIARD";"David";"M";"LUG";"L11EAV";"Le 11e est à vous ! avec David Belliard et Emmanuel Grégoire L'union de la gauche et des écologistes";"707";"37,51%";"54,18%";"";"26";"3";"NOURI";"Sabrina";"F";"LFI";"NPP 11e";"LE NOUVEAU PARIS POPULAIRE 11e";"158";"8,38%";"12,11%";"";"2";"4";"GARNIER";"Nelly";"F";"LUD";"CP 11";"CHANGER PARIS 11 AVEC NELLY GARNIER ET RACHIDA DATI";"333";"17,67%";"25,52%";"";"4";"6";"GOATER";"Delphine";"F";"LUC";"Paris 11 apaisé";"PARIS 11 APAISE AVEC DELPHINE GOATER";"107";"5,68%";"8,20%";"";"1"
"75";"Paris";"75056SR11";"Paris 11eme secteur";"1154";"1666";"1025";"61,52%";"641";"38,48%";"1006";"60,38%";"98,15%";"8";"0,48%";"0,78%";"11";"0,66%";"1,07%";"1";"BELLIARD";"David";"M";"LUG";"L11EAV";"Le 11e est à vous ! avec David Belliard et Emmanuel Grégoire L'union de la gauche et des écologistes";"532";"31,93%";"52,88%";"";"26";"3";"NOURI";"Sabrina";"F";"LFI";"NPP 11e";"LE NOUVEAU PARIS POPULAIRE 11e";"132";"7,92%";"13,12%";"";"2";"4";"GARNIER";"Nelly";"F";"LUD";"CP 11";"CHANGER PARIS 11 AVEC NELLY GARNIER ET RACHIDA DATI";"268";"16,09%";"26,64%";"";"4";"6";"GOATER";"Delphine";"F";"LUC";"Paris 11 apaisé";"PARIS 11 APAISE AVEC DELPHINE GOATER";"74";"4,44%";"7,36%";"";"1"
"75";"Paris";"75056SR11";"Paris 11eme secteur";"1155";"1808";"1153";"63,77%";"655";"36,23%";"1127";"62,33%";"97,75%";"14";"0,77%";"1,21%";"12";"0,66%";"1,04%";"1";"BELLIARD";"David";"M";"LUG";"L11EAV";"Le 11e est à vous ! avec David Belliard et Emmanuel Grégoire L'union de la gauche et des écologistes";"648";"35,84%";"57,50%";"";"26";"3";"NOURI";"Sabrina";"F";"LFI";"NPP 11e";"LE NOUVEAU PARIS POPULAIRE 11e";"171";"9,46%";"15,17%";"";"2";"4";"GARNIER";"Nelly";"F";"LUD";"CP 11";"CHANGER PARIS 11 AVEC NELLY GARNIER ET RACHIDA DATI";"222";"12,28%";"19,70%";"";"4";"6";"GOATER";"Delphine";"F";"LUC";"Paris 11 apaisé";"PARIS 11 APAISE AVEC DELPHINE GOATER";"86";"4,76%";"7,63%";"";"1"
"75";"Paris";"75056SR12";"Paris 12eme secteur";"1201";"1152";"760";"65,97%";"392";"34,03%";"749";"65,02%";"98,55%";"2";"0,17%";"0,26%";"9";"0,78%";"1,18%";"3";"CASTETS";"Lucie";"F";"LUG";"12EAVLC";"Le 12e est à vous ! avec Lucie Castets et Emmanuel Grégoire L'union de la gauche et des écologistes";"416";"36,11%";"55,54%";"";"25";"4";"CHASSANIOL";"Clara";"F";"LUC";"P12A";"Paris 12ème apaisé avec Clara Chassaniol";"55";"4,77%";"7,34%";"";"1";"5";"MONTANDON";"Valérie";"F";"LUD";"CP12";"CHANGER PARIS 12 AVEC VALÉRIE MONTANDON ET RACHIDA DATI";"211";"18,32%";"28,17%";"";"5";"7";"MECARY";"Caroline";"F";"LFI";"NPP 12e";"LE NOUVEAU PARIS POPULAIRE 12e";"67";"5,82%";"8,95%";"";"2"
"75";"Paris";"75056SR12";"Paris 12eme secteur";"1202";"1482";"956";"64,51%";"526";"35,49%";"943";"63,63%";"98,64%";"7";"0,47%";"0,73%";"6";"0,40%";"0,63%";"3";"CASTETS";"Lucie";"F";"LUG";"12EAVLC";"Le 12e est à vous ! avec Lucie Castets et Emmanuel Grégoire L'union de la gauche et des écologistes";"480";"32,39%";"50,90%";"";"25";"4";"CHASSANIOL";"Clara";"F";"LUC";"P12A";"Paris 12ème apaisé avec Clara Chassaniol";"84";"5,67%";"8,91%";"";"1";"5";"MONTANDON";"Valérie";"F";"LUD";"CP12";"CHANGER PARIS 12 AVEC VALÉRIE MONTANDON ET RACHIDA DATI";"283";"19,10%";"30,01%";"";"5";"7";"MECARY";"Caroline";"F";"LFI";"NPP 12e";"LE NOUVEAU PARIS POPULAIRE 12e";"96";"6,48%";"10,18%";"";"2"
"75";"Paris";"75056SR12";"Paris 12eme secteur";"1203";"1684";"1116";"66,27%";"568";"33,73%";"1094";"64,96%";"98,03%";"16";"0,95%";"1,43%";"6";"0,36%";"0,54%";"3";"CASTETS";"Lucie";"F";"LUG";"12EAVLC";"Le 12e est à vous ! avec Lucie Castets et Emmanuel Grégoire L'union de la gauche et des écologistes";"495";"29,39%";"45,25%";"";"25";"4";"CHASSANIOL";"Clara";"F";"LUC";"P12A";"Paris 12ème apaisé avec Clara Chassaniol";"106";"6,29%";"9,69%";"";"1";"5";"MONTANDON";"Valérie";"F";"LUD";"CP12";"CHANGER PARIS 12 AVEC VALÉRIE MONTANDON ET RACHIDA DATI";"372";"22,09%";"34,00%";"";"5";"7";"MECARY";"Caroline";"F";"LFI";"NPP 12e";"LE NOUVEAU PARIS POPULAIRE 12e";"121";"7,19%";"11,06%";"";"2"
"75";"Paris";"75056SR12";"Paris 12eme secteur";"1204";"1535";"959";"62,48%";"576";"37,52%";"940";"61,24%";"98,02%";"10";"0,65%";"1,04%";"9";"0,59%";"0,94%";"3";"CASTETS";"Lucie";"F";"LUG";"12EAVLC";"Le 12e est à vous ! avec Lucie Castets et Emmanuel Grégoire L'union de la gauche et des écologistes";"409";"26,64%";"43,51%";"";"25";"4";"CHASSANIOL";"Clara";"F";"LUC";"P12A";"Paris 12ème apaisé avec Clara Chassaniol";"93";"6,06%";"9,89%";"";"1";"5";"MONTANDON";"Valérie";"F";"LUD";"CP12";"CHANGER PARIS 12 AVEC VALÉRIE MONTANDON ET RACHIDA DATI";"338";"22,02%";"35,96%";"";"5";"7";"MECARY";"Caroline";"F";"LFI";"NPP 12e";"LE NOUVEAU PARIS POPULAIRE 12e";"100";"6,51%";"10,64%";"";"2"
"75";"Paris";"75056SR12";"Paris 12eme secteur";"1205";"1526";"1033";"67,69%";"493";"32,31%";"1013";"66,38%";"98,06%";"8";"0,52%";"0,77%";"12";"0,79%";"1,16%";"3";"CASTETS";"Lucie";"F";"LUG";"12EAVLC";"Le 12e est à vous ! avec Lucie Castets et Emmanuel Grégoire L'union de la gauche et des écologistes";"407";"26,67%";"40,18%";"";"25";"4";"CHASSANIOL";"Clara";"F";"LUC";"P12A";"Paris 12ème apaisé avec Clara Chassaniol";"88";"5,77%";"8,69%";"";"1";"5";"MONTANDON";"Valérie";"F";"LUD";"CP12";"CHANGER PARIS 12 AVEC VALÉRIE MONTANDON ET RACHIDA DATI";"412";"27,00%";"40,67%";"";"5";"7";"MECARY";"Caroline";"F";"LFI";"NPP 12e";"LE NOUVEAU PARIS POPULAIRE 12e";"106";"6,95%";"10,46%";"";"2"
"75";"Paris";"75056SR12";"Paris 12eme secteur";"1206";"1450";"850";"58,62%";"600";"41,38%";"838";"57,79%";"98,59%";"8";"0,55%";"0,94%";"4";"0,28%";"0,47%";"3";"CASTETS";"Lucie";"F";"LUG";"12EAVLC";"Le 12e est à vous ! avec Lucie Castets et Emmanuel Grégoire L'union de la gauche et des écologistes";"393";"27,10%";"46,90%";"";"25";"4";"CHASSANIOL";"Clara";"F";"LUC";"P12A";"Paris 12ème apaisé avec Clara Chassaniol";"78";"5,38%";"9,31%";"";"1";"5";"MONTANDON";"Valérie";"F";"LUD";"CP12";"CHANGER PARIS 12 AVEC VALÉRIE MONTANDON ET RACHIDA DATI";"286";"19,72%";"34,13%";"";"5";"7";"MECARY";"Caroline";"F";"LFI";"NPP 12e";"LE NOUVEAU PARIS POPULAIRE 12e";"81";"5,59%";"9,67%";"";"2"
"75";"Paris";"75056SR12";"Paris 12eme secteur";"1207";"1518";"1093";"72,00%";"425";"28,00%";"1073";"70,69%";"98,17%";"8";"0,53%";"0,73%";"12";"0,79%";"1,10%";"3";"CASTETS";"Lucie";"F";"LUG";"12EAVLC";"Le 12e est à vous ! avec Lucie Castets et Emmanuel Grégoire L'union de la gauche et des écologistes";"422";"27,80%";"39,33%";"";"25";"4";"CHASSANIOL";"Clara";"F";"LUC";"P12A";"Paris 12ème apaisé avec Clara Chassaniol";"101";"6,65%";"9,41%";"";"1";"5";"MONTANDON";"Valérie";"F";"LUD";"CP12";"CHANGER PARIS 12 AVEC VALÉRIE MONTANDON ET RACHIDA DATI";"465";"30,63%";"43,34%";"";"5";"7";"MECARY";"Caroline";"F";"LFI";"NPP 12e";"LE NOUVEAU PARIS POPULAIRE 12e";"85";"5,60%";"7,92%";"";"2"
"75";"Paris";"75056SR12";"Paris 12eme secteur";"1208";"1490";"934";"62,68%";"556";"37,32%";"917";"61,54%";"98,18%";"7";"0,47%";"0,75%";"10";"0,67%";"1,07%";"3";"CASTETS";"Lucie";"F";"LUG";"12EAVLC";"Le 12e est à vous ! avec Lucie Castets et Emmanuel Grégoire L'union de la gauche et des écologistes";"441";"29,60%";"48,09%";"";"25";"4";"CHASSANIOL";"Clara";"F";"LUC";"P12A";"Paris 12ème apaisé avec Clara Chassaniol";"68";"4,56%";"7,42%";"";"1";"5";"MONTANDON";"Valérie";"F";"LUD";"CP12";"CHANGER PARIS 12 AVEC VALÉRIE MONTANDON ET RACHIDA DATI";"308";"20,67%";"33,59%";"";"5";"7";"MECARY";"Caroline";"F";"LFI";"NPP 12e";"LE NOUVEAU PARIS POPULAIRE 12e";"100";"6,71%";"10,91%";"";"2"
"75";"Paris";"75056SR12";"Paris 12eme secteur";"1209";"1637";"945";"57,73%";"692";"42,27%";"921";"56,26%";"97,46%";"14";"0,86%";"1,48%";"10";"0,61%";"1,06%";"3";"CASTETS";"Lucie";"F";"LUG";"12EAVLC";"Le 12e est à vous ! avec Lucie Castets et Emmanuel Grégoire L'union de la gauche et des écologistes";"433";"26,45%";"47,01%";"";"25";"4";"CHASSANIOL";"Clara";"F";"LUC";"P12A";"Paris 12ème apaisé avec Clara Chassaniol";"40";"2,44%";"4,34%";"";"1";"5";"MONTANDON";"Valérie";"F";"LUD";"CP12";"CHANGER PARIS 12 AVEC VALÉRIE MONTANDON ET RACHIDA DATI";"292";"17,84%";"31,70%";"";"5";"7";"MECARY";"Caroline";"F";"LFI";"NPP 12e";"LE NOUVEAU PARIS POPULAIRE 12e";"156";"9,53%";"16,94%";"";"2"
"75";"Paris";"75056SR12";"Paris 12eme secteur";"1210";"1605";"987";"61,50%";"618";"38,50%";"966";"60,19%";"97,87%";"6";"0,37%";"0,61%";"15";"0,93%";"1,52%";"3";"CASTETS";"Lucie";"F";"LUG";"12EAVLC";"Le 12e est à vous ! avec Lucie Castets et Emmanuel Grégoire L'union de la gauche et des écologistes";"472";"29,41%";"48,86%";"";"25";"4";"CHASSANIOL";"Clara";"F";"LUC";"P12A";"Paris 12ème apaisé avec Clara Chassaniol";"80";"4,98%";"8,28%";"";"1";"5";"MONTANDON";"Valérie";"F";"LUD";"CP12";"CHANGER PARIS 12 AVEC VALÉRIE MONTANDON ET RACHIDA DATI";"291";"18,13%";"30,12%";"";"5";"7";"MECARY";"Caroline";"F";"LFI";"NPP 12e";"LE NOUVEAU PARIS POPULAIRE 12e";"123";"7,66%";"12,73%";"";"2"
"75";"Paris";"75056SR12";"Paris 12eme secteur";"1211";"1578";"1050";"66,54%";"528";"33,46%";"1032";"65,40%";"98,29%";"12";"0,76%";"1,14%";"6";"0,38%";"0,57%";"3";"CASTETS";"Lucie";"F";"LUG";"12EAVLC";"Le 12e est à vous ! avec Lucie Castets et Emmanuel Grégoire L'union de la gauche et des écologistes";"524";"33,21%";"50,78%";"";"25";"4";"CHASSANIOL";"Clara";"F";"LUC";"P12A";"Paris 12ème apaisé avec Clara Chassaniol";"74";"4,69%";"7,17%";"";"1";"5";"MONTANDON";"Valérie";"F";"LUD";"CP12";"CHANGER PARIS 12 AVEC VALÉRIE MONTANDON ET RACHIDA DATI";"322";"20,41%";"31,20%";"";"5";"7";"MECARY";"Caroline";"F";"LFI";"NPP 12e";"LE NOUVEAU PARIS POPULAIRE 12e";"112";"7,10%";"10,85%";"";"2"
"75";"Paris";"75056SR12";"Paris 12eme secteur";"1212";"1849";"1187";"64,20%";"662";"35,80%";"1172";"63,39%";"98,74%";"9";"0,49%";"0,76%";"6";"0,32%";"0,51%";"3";"CASTETS";"Lucie";"F";"LUG";"12EAVLC";"Le 12e est à vous ! avec Lucie Castets et Emmanuel Grégoire L'union de la gauche et des écologistes";"615";"33,26%";"52,47%";"";"25";"4";"CHASSANIOL";"Clara";"F";"LUC";"P12A";"Paris 12ème apaisé avec Clara Chassaniol";"80";"4,33%";"6,83%";"";"1";"5";"MONTANDON";"Valérie";"F";"LUD";"CP12";"CHANGER PARIS 12 AVEC VALÉRIE MONTANDON ET RACHIDA DATI";"321";"17,36%";"27,39%";"";"5";"7";"MECARY";"Caroline";"F";"LFI";"NPP 12e";"LE NOUVEAU PARIS POPULAIRE 12e";"156";"8,44%";"13,31%";"";"2"
"75";"Paris";"75056SR12";"Paris 12eme secteur";"1213";"1606";"1081";"67,31%";"525";"32,69%";"1072";"66,75%";"99,17%";"6";"0,37%";"0,56%";"3";"0,19%";"0,28%";"3";"CASTETS";"Lucie";"F";"LUG";"12EAVLC";"Le 12e est à vous ! avec Lucie Castets et Emmanuel Grégoire L'union de la gauche et des écologistes";"586";"36,49%";"54,66%";"";"25";"4";"CHASSANIOL";"Clara";"F";"LUC";"P12A";"Paris 12ème apaisé avec Clara Chassaniol";"91";"5,67%";"8,49%";"";"1";"5";"MONTANDON";"Valérie";"F";"LUD";"CP12";"CHANGER PARIS 12 AVEC VALÉRIE MONTANDON ET RACHIDA DATI";"271";"16,87%";"25,28%";"";"5";"7";"MECARY";"Caroline";"F";"LFI";"NPP 12e";"LE NOUVEAU PARIS POPULAIRE 12e";"124";"7,72%";"11,57%";"";"2"
"75";"Paris";"75056SR12";"Paris 12eme secteur";"1214";"1395";"911";"65,30%";"484";"34,70%";"892";"63,94%";"97,91%";"9";"0,65%";"0,99%";"10";"0,72%";"1,10%";"3";"CASTETS";"Lucie";"F";"LUG";"12EAVLC";"Le 12e est à vous ! avec Lucie Castets et Emmanuel Grégoire L'union de la gauche et des écologistes";"364";"26,09%";"40,81%";"";"25";"4";"CHASSANIOL";"Clara";"F";"LUC";"P12A";"Paris 12ème apaisé avec Clara Chassaniol";"112";"8,03%";"12,56%";"";"1";"5";"MONTANDON";"Valérie";"F";"LUD";"CP12";"CHANGER PARIS 12 AVEC VALÉRIE MONTANDON ET RACHIDA DATI";"343";"24,59%";"38,45%";"";"5";"7";"MECARY";"Caroline";"F";"LFI";"NPP 12e";"LE NOUVEAU PARIS POPULAIRE 12e";"73";"5,23%";"8,18%";"";"2"
"75";"Paris";"75056SR12";"Paris 12eme secteur";"1215";"1691";"1014";"59,96%";"677";"40,04%";"997";"58,96%";"98,32%";"8";"0,47%";"0,79%";"9";"0,53%";"0,89%";"3";"CASTETS";"Lucie";"F";"LUG";"12EAVLC";"Le 12e est à vous ! avec Lucie Castets et Emmanuel Grégoire L'union de la gauche et des écologistes";"465";"27,50%";"46,64%";"";"25";"4";"CHASSANIOL";"Clara";"F";"LUC";"P12A";"Paris 12ème apaisé avec Clara Chassaniol";"66";"3,90%";"6,62%";"";"1";"5";"MONTANDON";"Valérie";"F";"LUD";"CP12";"CHANGER PARIS 12 AVEC VALÉRIE MONTANDON ET RACHIDA DATI";"317";"18,75%";"31,80%";"";"5";"7";"MECARY";"Caroline";"F";"LFI";"NPP 12e";"LE NOUVEAU PARIS POPULAIRE 12e";"149";"8,81%";"14,94%";"";"2"
"75";"Paris";"75056SR12";"Paris 12eme secteur";"1216";"1399";"965";"68,98%";"434";"31,02%";"956";"68,33%";"99,07%";"4";"0,29%";"0,41%";"5";"0,36%";"0,52%";"3";"CASTETS";"Lucie";"F";"LUG";"12EAVLC";"Le 12e est à vous ! avec Lucie Castets et Emmanuel Grégoire L'union de la gauche et des écologistes";"485";"34,67%";"50,73%";"";"25";"4";"CHASSANIOL";"Clara";"F";"LUC";"P12A";"Paris 12ème apaisé avec Clara Chassaniol";"63";"4,50%";"6,59%";"";"1";"5";"MONTANDON";"Valérie";"F";"LUD";"CP12";"CHANGER PARIS 12 AVEC VALÉRIE MONTANDON ET RACHIDA DATI";"339";"24,23%";"35,46%";"";"5";"7";"MECARY";"Caroline";"F";"LFI";"NPP 12e";"LE NOUVEAU PARIS POPULAIRE 12e";"69";"4,93%";"7,22%";"";"2"
"75";"Paris";"75056SR12";"Paris 12eme secteur";"1217";"1373";"942";"68,61%";"431";"31,39%";"924";"67,30%";"98,09%";"7";"0,51%";"0,74%";"11";"0,80%";"1,17%";"3";"CASTETS";"Lucie";"F";"LUG";"12EAVLC";"Le 12e est à vous ! avec Lucie Castets et Emmanuel Grégoire L'union de la gauche et des écologistes";"412";"30,01%";"44,59%";"";"25";"4";"CHASSANIOL";"Clara";"F";"LUC";"P12A";"Paris 12ème apaisé avec Clara Chassaniol";"87";"6,34%";"9,42%";"";"1";"5";"MONTANDON";"Valérie";"F";"LUD";"CP12";"CHANGER PARIS 12 AVEC VALÉRIE MONTANDON ET RACHIDA DATI";"358";"26,07%";"38,74%";"";"5";"7";"MECARY";"Caroline";"F";"LFI";"NPP 12e";"LE NOUVEAU PARIS POPULAIRE 12e";"67";"4,88%";"7,25%";"";"2"
"75";"Paris";"75056SR12";"Paris 12eme secteur";"1218";"1423";"1035";"72,73%";"388";"27,27%";"1019";"71,61%";"98,45%";"6";"0,42%";"0,58%";"10";"0,70%";"0,97%";"3";"CASTETS";"Lucie";"F";"LUG";"12EAVLC";"Le 12e est à vous ! avec Lucie Castets et Emmanuel Grégoire L'union de la gauche et des écologistes";"513";"36,05%";"50,34%";"";"25";"4";"CHASSANIOL";"Clara";"F";"LUC";"P12A";"Paris 12ème apaisé avec Clara Chassaniol";"80";"5,62%";"7,85%";"";"1";"5";"MONTANDON";"Valérie";"F";"LUD";"CP12";"CHANGER PARIS 12 AVEC VALÉRIE MONTANDON ET RACHIDA DATI";"310";"21,78%";"30,42%";"";"5";"7";"MECARY";"Caroline";"F";"LFI";"NPP 12e";"LE NOUVEAU PARIS POPULAIRE 12e";"116";"8,15%";"11,38%";"";"2"
"75";"Paris";"75056SR12";"Paris 12eme secteur";"1219";"1584";"1001";"63,19%";"583";"36,81%";"988";"62,37%";"98,70%";"9";"0,57%";"0,90%";"4";"0,25%";"0,40%";"3";"CASTETS";"Lucie";"F";"LUG";"12EAVLC";"Le 12e est à vous ! avec Lucie Castets et Emmanuel Grégoire L'union de la gauche et des écologistes";"476";"30,05%";"48,18%";"";"25";"4";"CHASSANIOL";"Clara";"F";"LUC";"P12A";"Paris 12ème apaisé avec Clara Chassaniol";"83";"5,24%";"8,40%";"";"1";"5";"MONTANDON";"Valérie";"F";"LUD";"CP12";"CHANGER PARIS 12 AVEC VALÉRIE MONTANDON ET RACHIDA DATI";"307";"19,38%";"31,07%";"";"5";"7";"MECARY";"Caroline";"F";"LFI";"NPP 12e";"LE NOUVEAU PARIS POPULAIRE 12e";"122";"7,70%";"12,35%";"";"2"
"75";"Paris";"75056SR12";"Paris 12eme secteur";"1220";"1432";"971";"67,81%";"461";"32,19%";"952";"66,48%";"98,04%";"9";"0,63%";"0,93%";"10";"0,70%";"1,03%";"3";"CASTETS";"Lucie";"F";"LUG";"12EAVLC";"Le 12e est à vous ! avec Lucie Castets et Emmanuel Grégoire L'union de la gauche et des écologistes";"466";"32,54%";"48,95%";"";"25";"4";"CHASSANIOL";"Clara";"F";"LUC";"P12A";"Paris 12ème apaisé avec Clara Chassaniol";"80";"5,59%";"8,40%";"";"1";"5";"MONTANDON";"Valérie";"F";"LUD";"CP12";"CHANGER PARIS 12 AVEC VALÉRIE MONTANDON ET RACHIDA DATI";"319";"22,28%";"33,51%";"";"5";"7";"MECARY";"Caroline";"F";"LFI";"NPP 12e";"LE NOUVEAU PARIS POPULAIRE 12e";"87";"6,08%";"9,14%";"";"2"
"75";"Paris";"75056SR12";"Paris 12eme secteur";"1221";"1520";"1000";"65,79%";"520";"34,21%";"982";"64,61%";"98,20%";"11";"0,72%";"1,10%";"7";"0,46%";"0,70%";"3";"CASTETS";"Lucie";"F";"LUG";"12EAVLC";"Le 12e est à vous ! avec Lucie Castets et Emmanuel Grégoire L'union de la gauche et des écologistes";"454";"29,87%";"46,23%";"";"25";"4";"CHASSANIOL";"Clara";"F";"LUC";"P12A";"Paris 12ème apaisé avec Clara Chassaniol";"77";"5,07%";"7,84%";"";"1";"5";"MONTANDON";"Valérie";"F";"LUD";"CP12";"CHANGER PARIS 12 AVEC VALÉRIE MONTANDON ET RACHIDA DATI";"358";"23,55%";"36,46%";"";"5";"7";"MECARY";"Caroline";"F";"LFI";"NPP 12e";"LE NOUVEAU PARIS POPULAIRE 12e";"93";"6,12%";"9,47%";"";"2"
"75";"Paris";"75056SR12";"Paris 12eme secteur";"1222";"1624";"888";"54,68%";"736";"45,32%";"868";"53,45%";"97,75%";"10";"0,62%";"1,13%";"10";"0,62%";"1,13%";"3";"CASTETS";"Lucie";"F";"LUG";"12EAVLC";"Le 12e est à vous ! avec Lucie Castets et Emmanuel Grégoire L'union de la gauche et des écologistes";"403";"24,82%";"46,43%";"";"25";"4";"CHASSANIOL";"Clara";"F";"LUC";"P12A";"Paris 12ème apaisé avec Clara Chassaniol";"47";"2,89%";"5,41%";"";"1";"5";"MONTANDON";"Valérie";"F";"LUD";"CP12";"CHANGER PARIS 12 AVEC VALÉRIE MONTANDON ET RACHIDA DATI";"276";"17,00%";"31,80%";"";"5";"7";"MECARY";"Caroline";"F";"LFI";"NPP 12e";"LE NOUVEAU PARIS POPULAIRE 12e";"142";"8,74%";"16,36%";"";"2"
"75";"Paris";"75056SR12";"Paris 12eme secteur";"1223";"1531";"900";"58,79%";"631";"41,21%";"885";"57,81%";"98,33%";"7";"0,46%";"0,78%";"8";"0,52%";"0,89%";"3";"CASTETS";"Lucie";"F";"LUG";"12EAVLC";"Le 12e est à vous ! avec Lucie Castets et Emmanuel Grégoire L'union de la gauche et des écologistes";"403";"26,32%";"45,54%";"";"25";"4";"CHASSANIOL";"Clara";"F";"LUC";"P12A";"Paris 12ème apaisé avec Clara Chassaniol";"68";"4,44%";"7,68%";"";"1";"5";"MONTANDON";"Valérie";"F";"LUD";"CP12";"CHANGER PARIS 12 AVEC VALÉRIE MONTANDON ET RACHIDA DATI";"329";"21,49%";"37,18%";"";"5";"7";"MECARY";"Caroline";"F";"LFI";"NPP 12e";"LE NOUVEAU PARIS POPULAIRE 12e";"85";"5,55%";"9,60%";"";"2"
"75";"Paris";"75056SR12";"Paris 12eme secteur";"1224";"1461";"932";"63,79%";"529";"36,21%";"917";"62,77%";"98,39%";"8";"0,55%";"0,86%";"7";"0,48%";"0,75%";"3";"CASTETS";"Lucie";"F";"LUG";"12EAVLC";"Le 12e est à vous ! avec Lucie Castets et Emmanuel Grégoire L'union de la gauche et des écologistes";"471";"32,24%";"51,36%";"";"25";"4";"CHASSANIOL";"Clara";"F";"LUC";"P12A";"Paris 12ème apaisé avec Clara Chassaniol";"67";"4,59%";"7,31%";"";"1";"5";"MONTANDON";"Valérie";"F";"LUD";"CP12";"CHANGER PARIS 12 AVEC VALÉRIE MONTANDON ET RACHIDA DATI";"265";"18,14%";"28,90%";"";"5";"7";"MECARY";"Caroline";"F";"LFI";"NPP 12e";"LE NOUVEAU PARIS POPULAIRE 12e";"114";"7,80%";"12,43%";"";"2"
"75";"Paris";"75056SR12";"Paris 12eme secteur";"1225";"1661";"1011";"60,87%";"650";"39,13%";"995";"59,90%";"98,42%";"7";"0,42%";"0,69%";"9";"0,54%";"0,89%";"3";"CASTETS";"Lucie";"F";"LUG";"12EAVLC";"Le 12e est à vous ! avec Lucie Castets et Emmanuel Grégoire L'union de la gauche et des écologistes";"448";"26,97%";"45,03%";"";"25";"4";"CHASSANIOL";"Clara";"F";"LUC";"P12A";"Paris 12ème apaisé avec Clara Chassaniol";"67";"4,03%";"6,73%";"";"1";"5";"MONTANDON";"Valérie";"F";"LUD";"CP12";"CHANGER PARIS 12 AVEC VALÉRIE MONTANDON ET RACHIDA DATI";"342";"20,59%";"34,37%";"";"5";"7";"MECARY";"Caroline";"F";"LFI";"NPP 12e";"LE NOUVEAU PARIS POPULAIRE 12e";"138";"8,31%";"13,87%";"";"2"
"75";"Paris";"75056SR12";"Paris 12eme secteur";"1226";"1457";"929";"63,76%";"528";"36,24%";"911";"62,53%";"98,06%";"7";"0,48%";"0,75%";"11";"0,75%";"1,18%";"3";"CASTETS";"Lucie";"F";"LUG";"12EAVLC";"Le 12e est à vous ! avec Lucie Castets et Emmanuel Grégoire L'union de la gauche et des écologistes";"381";"26,15%";"41,82%";"";"25";"4";"CHASSANIOL";"Clara";"F";"LUC";"P12A";"Paris 12ème apaisé avec Clara Chassaniol";"84";"5,77%";"9,22%";"";"1";"5";"MONTANDON";"Valérie";"F";"LUD";"CP12";"CHANGER PARIS 12 AVEC VALÉRIE MONTANDON ET RACHIDA DATI";"352";"24,16%";"38,64%";"";"5";"7";"MECARY";"Caroline";"F";"LFI";"NPP 12e";"LE NOUVEAU PARIS POPULAIRE 12e";"94";"6,45%";"10,32%";"";"2"
"75";"Paris";"75056SR12";"Paris 12eme secteur";"1227";"1422";"938";"65,96%";"484";"34,04%";"924";"64,98%";"98,51%";"7";"0,49%";"0,75%";"7";"0,49%";"0,75%";"3";"CASTETS";"Lucie";"F";"LUG";"12EAVLC";"Le 12e est à vous ! avec Lucie Castets et Emmanuel Grégoire L'union de la gauche et des écologistes";"439";"30,87%";"47,51%";"";"25";"4";"CHASSANIOL";"Clara";"F";"LUC";"P12A";"Paris 12ème apaisé avec Clara Chassaniol";"74";"5,20%";"8,01%";"";"1";"5";"MONTANDON";"Valérie";"F";"LUD";"CP12";"CHANGER PARIS 12 AVEC VALÉRIE MONTANDON ET RACHIDA DATI";"284";"19,97%";"30,74%";"";"5";"7";"MECARY";"Caroline";"F";"LFI";"NPP 12e";"LE NOUVEAU PARIS POPULAIRE 12e";"127";"8,93%";"13,74%";"";"2"
"75";"Paris";"75056SR12";"Paris 12eme secteur";"1228";"1549";"925";"59,72%";"624";"40,28%";"901";"58,17%";"97,41%";"12";"0,77%";"1,30%";"12";"0,77%";"1,30%";"3";"CASTETS";"Lucie";"F";"LUG";"12EAVLC";"Le 12e est à vous ! avec Lucie Castets et Emmanuel Grégoire L'union de la gauche et des écologistes";"373";"24,08%";"41,40%";"";"25";"4";"CHASSANIOL";"Clara";"F";"LUC";"P12A";"Paris 12ème apaisé avec Clara Chassaniol";"71";"4,58%";"7,88%";"";"1";"5";"MONTANDON";"Valérie";"F";"LUD";"CP12";"CHANGER PARIS 12 AVEC VALÉRIE MONTANDON ET RACHIDA DATI";"334";"21,56%";"37,07%";"";"5";"7";"MECARY";"Caroline";"F";"LFI";"NPP 12e";"LE NOUVEAU PARIS POPULAIRE 12e";"123";"7,94%";"13,65%";"";"2"
"75";"Paris";"75056SR12";"Paris 12eme secteur";"1229";"1231";"716";"58,16%";"515";"41,84%";"703";"57,11%";"98,18%";"10";"0,81%";"1,40%";"3";"0,24%";"0,42%";"3";"CASTETS";"Lucie";"F";"LUG";"12EAVLC";"Le 12e est à vous ! avec Lucie Castets et Emmanuel Grégoire L'union de la gauche et des écologistes";"315";"25,59%";"44,81%";"";"25";"4";"CHASSANIOL";"Clara";"F";"LUC";"P12A";"Paris 12ème apaisé avec Clara Chassaniol";"51";"4,14%";"7,25%";"";"1";"5";"MONTANDON";"Valérie";"F";"LUD";"CP12";"CHANGER PARIS 12 AVEC VALÉRIE MONTANDON ET RACHIDA DATI";"273";"22,18%";"38,83%";"";"5";"7";"MECARY";"Caroline";"F";"LFI";"NPP 12e";"LE NOUVEAU PARIS POPULAIRE 12e";"64";"5,20%";"9,10%";"";"2"
"75";"Paris";"75056SR12";"Paris 12eme secteur";"1230";"1483";"995";"67,09%";"488";"32,91%";"977";"65,88%";"98,19%";"11";"0,74%";"1,11%";"7";"0,47%";"0,70%";"3";"CASTETS";"Lucie";"F";"LUG";"12EAVLC";"Le 12e est à vous ! avec Lucie Castets et Emmanuel Grégoire L'union de la gauche et des écologistes";"435";"29,33%";"44,52%";"";"25";"4";"CHASSANIOL";"Clara";"F";"LUC";"P12A";"Paris 12ème apaisé avec Clara Chassaniol";"87";"5,87%";"8,90%";"";"1";"5";"MONTANDON";"Valérie";"F";"LUD";"CP12";"CHANGER PARIS 12 AVEC VALÉRIE MONTANDON ET RACHIDA DATI";"357";"24,07%";"36,54%";"";"5";"7";"MECARY";"Caroline";"F";"LFI";"NPP 12e";"LE NOUVEAU PARIS POPULAIRE 12e";"98";"6,61%";"10,03%";"";"2"
"75";"Paris";"75056SR12";"Paris 12eme secteur";"1231";"1524";"1016";"66,67%";"508";"33,33%";"998";"65,49%";"98,23%";"12";"0,79%";"1,18%";"6";"0,39%";"0,59%";"3";"CASTETS";"Lucie";"F";"LUG";"12EAVLC";"Le 12e est à vous ! avec Lucie Castets et Emmanuel Grégoire L'union de la gauche et des écologistes";"486";"31,89%";"48,70%";"";"25";"4";"CHASSANIOL";"Clara";"F";"LUC";"P12A";"Paris 12ème apaisé avec Clara Chassaniol";"86";"5,64%";"8,62%";"";"1";"5";"MONTANDON";"Valérie";"F";"LUD";"CP12";"CHANGER PARIS 12 AVEC VALÉRIE MONTANDON ET RACHIDA DATI";"346";"22,70%";"34,67%";"";"5";"7";"MECARY";"Caroline";"F";"LFI";"NPP 12e";"LE NOUVEAU PARIS POPULAIRE 12e";"80";"5,25%";"8,02%";"";"2"
"75";"Paris";"75056SR12";"Paris 12eme secteur";"1232";"1489";"1008";"67,70%";"481";"32,30%";"991";"66,55%";"98,31%";"5";"0,34%";"0,50%";"12";"0,81%";"1,19%";"3";"CASTETS";"Lucie";"F";"LUG";"12EAVLC";"Le 12e est à vous ! avec Lucie Castets et Emmanuel Grégoire L'union de la gauche et des écologistes";"441";"29,62%";"44,50%";"";"25";"4";"CHASSANIOL";"Clara";"F";"LUC";"P12A";"Paris 12ème apaisé avec Clara Chassaniol";"97";"6,51%";"9,79%";"";"1";"5";"MONTANDON";"Valérie";"F";"LUD";"CP12";"CHANGER PARIS 12 AVEC VALÉRIE MONTANDON ET RACHIDA DATI";"361";"24,24%";"36,43%";"";"5";"7";"MECARY";"Caroline";"F";"LFI";"NPP 12e";"LE NOUVEAU PARIS POPULAIRE 12e";"92";"6,18%";"9,28%";"";"2"
"75";"Paris";"75056SR12";"Paris 12eme secteur";"1233";"1558";"981";"62,97%";"577";"37,03%";"965";"61,94%";"98,37%";"10";"0,64%";"1,02%";"6";"0,39%";"0,61%";"3";"CASTETS";"Lucie";"F";"LUG";"12EAVLC";"Le 12e est à vous ! avec Lucie Castets et Emmanuel Grégoire L'union de la gauche et des écologistes";"432";"27,73%";"44,77%";"";"25";"4";"CHASSANIOL";"Clara";"F";"LUC";"P12A";"Paris 12ème apaisé avec Clara Chassaniol";"89";"5,71%";"9,22%";"";"1";"5";"MONTANDON";"Valérie";"F";"LUD";"CP12";"CHANGER PARIS 12 AVEC VALÉRIE MONTANDON ET RACHIDA DATI";"320";"20,54%";"33,16%";"";"5";"7";"MECARY";"Caroline";"F";"LFI";"NPP 12e";"LE NOUVEAU PARIS POPULAIRE 12e";"124";"7,96%";"12,85%";"";"2"
"75";"Paris";"75056SR12";"Paris 12eme secteur";"1234";"1584";"1050";"66,29%";"534";"33,71%";"1034";"65,28%";"98,48%";"9";"0,57%";"0,86%";"7";"0,44%";"0,67%";"3";"CASTETS";"Lucie";"F";"LUG";"12EAVLC";"Le 12e est à vous ! avec Lucie Castets et Emmanuel Grégoire L'union de la gauche et des écologistes";"443";"27,97%";"42,84%";"";"25";"4";"CHASSANIOL";"Clara";"F";"LUC";"P12A";"Paris 12ème apaisé avec Clara Chassaniol";"98";"6,19%";"9,48%";"";"1";"5";"MONTANDON";"Valérie";"F";"LUD";"CP12";"CHANGER PARIS 12 AVEC VALÉRIE MONTANDON ET RACHIDA DATI";"399";"25,19%";"38,59%";"";"5";"7";"MECARY";"Caroline";"F";"LFI";"NPP 12e";"LE NOUVEAU PARIS POPULAIRE 12e";"94";"5,93%";"9,09%";"";"2"
"75";"Paris";"75056SR12";"Paris 12eme secteur";"1235";"1481";"1054";"71,17%";"427";"28,83%";"1035";"69,89%";"98,20%";"9";"0,61%";"0,85%";"10";"0,68%";"0,95%";"3";"CASTETS";"Lucie";"F";"LUG";"12EAVLC";"Le 12e est à vous ! avec Lucie Castets et Emmanuel Grégoire L'union de la gauche et des écologistes";"400";"27,01%";"38,65%";"";"25";"4";"CHASSANIOL";"Clara";"F";"LUC";"P12A";"Paris 12ème apaisé avec Clara Chassaniol";"109";"7,36%";"10,53%";"";"1";"5";"MONTANDON";"Valérie";"F";"LUD";"CP12";"CHANGER PARIS 12 AVEC VALÉRIE MONTANDON ET RACHIDA DATI";"442";"29,84%";"42,71%";"";"5";"7";"MECARY";"Caroline";"F";"LFI";"NPP 12e";"LE NOUVEAU PARIS POPULAIRE 12e";"84";"5,67%";"8,12%";"";"2"
"75";"Paris";"75056SR12";"Paris 12eme secteur";"1236";"1435";"845";"58,89%";"590";"41,11%";"822";"57,28%";"97,28%";"14";"0,98%";"1,66%";"9";"0,63%";"1,07%";"3";"CASTETS";"Lucie";"F";"LUG";"12EAVLC";"Le 12e est à vous ! avec Lucie Castets et Emmanuel Grégoire L'union de la gauche et des écologistes";"361";"25,16%";"43,92%";"";"25";"4";"CHASSANIOL";"Clara";"F";"LUC";"P12A";"Paris 12ème apaisé avec Clara Chassaniol";"60";"4,18%";"7,30%";"";"1";"5";"MONTANDON";"Valérie";"F";"LUD";"CP12";"CHANGER PARIS 12 AVEC VALÉRIE MONTANDON ET RACHIDA DATI";"300";"20,91%";"36,50%";"";"5";"7";"MECARY";"Caroline";"F";"LFI";"NPP 12e";"LE NOUVEAU PARIS POPULAIRE 12e";"101";"7,04%";"12,29%";"";"2"
"75";"Paris";"75056SR12";"Paris 12eme secteur";"1237";"1425";"837";"58,74%";"588";"41,26%";"822";"57,68%";"98,21%";"11";"0,77%";"1,31%";"4";"0,28%";"0,48%";"3";"CASTETS";"Lucie";"F";"LUG";"12EAVLC";"Le 12e est à vous ! avec Lucie Castets et Emmanuel Grégoire L'union de la gauche et des écologistes";"328";"23,02%";"39,90%";"";"25";"4";"CHASSANIOL";"Clara";"F";"LUC";"P12A";"Paris 12ème apaisé avec Clara Chassaniol";"43";"3,02%";"5,23%";"";"1";"5";"MONTANDON";"Valérie";"F";"LUD";"CP12";"CHANGER PARIS 12 AVEC VALÉRIE MONTANDON ET RACHIDA DATI";"306";"21,47%";"37,23%";"";"5";"7";"MECARY";"Caroline";"F";"LFI";"NPP 12e";"LE NOUVEAU PARIS POPULAIRE 12e";"145";"10,18%";"17,64%";"";"2"
"75";"Paris";"75056SR12";"Paris 12eme secteur";"1238";"1619";"1026";"63,37%";"593";"36,63%";"1011";"62,45%";"98,54%";"8";"0,49%";"0,78%";"7";"0,43%";"0,68%";"3";"CASTETS";"Lucie";"F";"LUG";"12EAVLC";"Le 12e est à vous ! avec Lucie Castets et Emmanuel Grégoire L'union de la gauche et des écologistes";"491";"30,33%";"48,57%";"";"25";"4";"CHASSANIOL";"Clara";"F";"LUC";"P12A";"Paris 12ème apaisé avec Clara Chassaniol";"70";"4,32%";"6,92%";"";"1";"5";"MONTANDON";"Valérie";"F";"LUD";"CP12";"CHANGER PARIS 12 AVEC VALÉRIE MONTANDON ET RACHIDA DATI";"344";"21,25%";"34,03%";"";"5";"7";"MECARY";"Caroline";"F";"LFI";"NPP 12e";"LE NOUVEAU PARIS POPULAIRE 12e";"106";"6,55%";"10,48%";"";"2"
"75";"Paris";"75056SR12";"Paris 12eme secteur";"1239";"1257";"808";"64,28%";"449";"35,72%";"788";"62,69%";"97,52%";"12";"0,95%";"1,49%";"8";"0,64%";"0,99%";"3";"CASTETS";"Lucie";"F";"LUG";"12EAVLC";"Le 12e est à vous ! avec Lucie Castets et Emmanuel Grégoire L'union de la gauche et des écologistes";"365";"29,04%";"46,32%";"";"25";"4";"CHASSANIOL";"Clara";"F";"LUC";"P12A";"Paris 12ème apaisé avec Clara Chassaniol";"41";"3,26%";"5,20%";"";"1";"5";"MONTANDON";"Valérie";"F";"LUD";"CP12";"CHANGER PARIS 12 AVEC VALÉRIE MONTANDON ET RACHIDA DATI";"315";"25,06%";"39,97%";"";"5";"7";"MECARY";"Caroline";"F";"LFI";"NPP 12e";"LE NOUVEAU PARIS POPULAIRE 12e";"67";"5,33%";"8,50%";"";"2"
"75";"Paris";"75056SR12";"Paris 12eme secteur";"1240";"1385";"934";"67,44%";"451";"32,56%";"910";"65,70%";"97,43%";"15";"1,08%";"1,61%";"9";"0,65%";"0,96%";"3";"CASTETS";"Lucie";"F";"LUG";"12EAVLC";"Le 12e est à vous ! avec Lucie Castets et Emmanuel Grégoire L'union de la gauche et des écologistes";"436";"31,48%";"47,91%";"";"25";"4";"CHASSANIOL";"Clara";"F";"LUC";"P12A";"Paris 12ème apaisé avec Clara Chassaniol";"89";"6,43%";"9,78%";"";"1";"5";"MONTANDON";"Valérie";"F";"LUD";"CP12";"CHANGER PARIS 12 AVEC VALÉRIE MONTANDON ET RACHIDA DATI";"301";"21,73%";"33,08%";"";"5";"7";"MECARY";"Caroline";"F";"LFI";"NPP 12e";"LE NOUVEAU PARIS POPULAIRE 12e";"84";"6,06%";"9,23%";"";"2"
"75";"Paris";"75056SR12";"Paris 12eme secteur";"1241";"1382";"940";"68,02%";"442";"31,98%";"924";"66,86%";"98,30%";"10";"0,72%";"1,06%";"6";"0,43%";"0,64%";"3";"CASTETS";"Lucie";"F";"LUG";"12EAVLC";"Le 12e est à vous ! avec Lucie Castets et Emmanuel Grégoire L'union de la gauche et des écologistes";"374";"27,06%";"40,48%";"";"25";"4";"CHASSANIOL";"Clara";"F";"LUC";"P12A";"Paris 12ème apaisé avec Clara Chassaniol";"93";"6,73%";"10,06%";"";"1";"5";"MONTANDON";"Valérie";"F";"LUD";"CP12";"CHANGER PARIS 12 AVEC VALÉRIE MONTANDON ET RACHIDA DATI";"359";"25,98%";"38,85%";"";"5";"7";"MECARY";"Caroline";"F";"LFI";"NPP 12e";"LE NOUVEAU PARIS POPULAIRE 12e";"98";"7,09%";"10,61%";"";"2"
"75";"Paris";"75056SR12";"Paris 12eme secteur";"1242";"1338";"879";"65,70%";"459";"34,30%";"868";"64,87%";"98,75%";"5";"0,37%";"0,57%";"6";"0,45%";"0,68%";"3";"CASTETS";"Lucie";"F";"LUG";"12EAVLC";"Le 12e est à vous ! avec Lucie Castets et Emmanuel Grégoire L'union de la gauche et des écologistes";"447";"33,41%";"51,50%";"";"25";"4";"CHASSANIOL";"Clara";"F";"LUC";"P12A";"Paris 12ème apaisé avec Clara Chassaniol";"51";"3,81%";"5,88%";"";"1";"5";"MONTANDON";"Valérie";"F";"LUD";"CP12";"CHANGER PARIS 12 AVEC VALÉRIE MONTANDON ET RACHIDA DATI";"285";"21,30%";"32,83%";"";"5";"7";"MECARY";"Caroline";"F";"LFI";"NPP 12e";"LE NOUVEAU PARIS POPULAIRE 12e";"85";"6,35%";"9,79%";"";"2"
"75";"Paris";"75056SR12";"Paris 12eme secteur";"1243";"1268";"734";"57,89%";"534";"42,11%";"703";"55,44%";"95,78%";"16";"1,26%";"2,18%";"15";"1,18%";"2,04%";"3";"CASTETS";"Lucie";"F";"LUG";"12EAVLC";"Le 12e est à vous ! avec Lucie Castets et Emmanuel Grégoire L'union de la gauche et des écologistes";"269";"21,21%";"38,26%";"";"25";"4";"CHASSANIOL";"Clara";"F";"LUC";"P12A";"Paris 12ème apaisé avec Clara Chassaniol";"56";"4,42%";"7,97%";"";"1";"5";"MONTANDON";"Valérie";"F";"LUD";"CP12";"CHANGER PARIS 12 AVEC VALÉRIE MONTANDON ET RACHIDA DATI";"262";"20,66%";"37,27%";"";"5";"7";"MECARY";"Caroline";"F";"LFI";"NPP 12e";"LE NOUVEAU PARIS POPULAIRE 12e";"116";"9,15%";"16,50%";"";"2"
"75";"Paris";"75056SR12";"Paris 12eme secteur";"1244";"1410";"845";"59,93%";"565";"40,07%";"826";"58,58%";"97,75%";"13";"0,92%";"1,54%";"6";"0,43%";"0,71%";"3";"CASTETS";"Lucie";"F";"LUG";"12EAVLC";"Le 12e est à vous ! avec Lucie Castets et Emmanuel Grégoire L'union de la gauche et des écologistes";"384";"27,23%";"46,49%";"";"25";"4";"CHASSANIOL";"Clara";"F";"LUC";"P12A";"Paris 12ème apaisé avec Clara Chassaniol";"36";"2,55%";"4,36%";"";"1";"5";"MONTANDON";"Valérie";"F";"LUD";"CP12";"CHANGER PARIS 12 AVEC VALÉRIE MONTANDON ET RACHIDA DATI";"297";"21,06%";"35,96%";"";"5";"7";"MECARY";"Caroline";"F";"LFI";"NPP 12e";"LE NOUVEAU PARIS POPULAIRE 12e";"109";"7,73%";"13,20%";"";"2"
"75";"Paris";"75056SR12";"Paris 12eme secteur";"1245";"1357";"672";"49,52%";"685";"50,48%";"656";"48,34%";"97,62%";"8";"0,59%";"1,19%";"8";"0,59%";"1,19%";"3";"CASTETS";"Lucie";"F";"LUG";"12EAVLC";"Le 12e est à vous ! avec Lucie Castets et Emmanuel Grégoire L'union de la gauche et des écologistes";"279";"20,56%";"42,53%";"";"25";"4";"CHASSANIOL";"Clara";"F";"LUC";"P12A";"Paris 12ème apaisé avec Clara Chassaniol";"36";"2,65%";"5,49%";"";"1";"5";"MONTANDON";"Valérie";"F";"LUD";"CP12";"CHANGER PARIS 12 AVEC VALÉRIE MONTANDON ET RACHIDA DATI";"196";"14,44%";"29,88%";"";"5";"7";"MECARY";"Caroline";"F";"LFI";"NPP 12e";"LE NOUVEAU PARIS POPULAIRE 12e";"145";"10,69%";"22,10%";"";"2"
"75";"Paris";"75056SR12";"Paris 12eme secteur";"1246";"1518";"865";"56,98%";"653";"43,02%";"845";"55,67%";"97,69%";"11";"0,72%";"1,27%";"9";"0,59%";"1,04%";"3";"CASTETS";"Lucie";"F";"LUG";"12EAVLC";"Le 12e est à vous ! avec Lucie Castets et Emmanuel Grégoire L'union de la gauche et des écologistes";"370";"24,37%";"43,79%";"";"25";"4";"CHASSANIOL";"Clara";"F";"LUC";"P12A";"Paris 12ème apaisé avec Clara Chassaniol";"65";"4,28%";"7,69%";"";"1";"5";"MONTANDON";"Valérie";"F";"LUD";"CP12";"CHANGER PARIS 12 AVEC VALÉRIE MONTANDON ET RACHIDA DATI";"302";"19,89%";"35,74%";"";"5";"7";"MECARY";"Caroline";"F";"LFI";"NPP 12e";"LE NOUVEAU PARIS POPULAIRE 12e";"108";"7,11%";"12,78%";"";"2"
"75";"Paris";"75056SR12";"Paris 12eme secteur";"1247";"1513";"787";"52,02%";"726";"47,98%";"772";"51,02%";"98,09%";"6";"0,40%";"0,76%";"9";"0,59%";"1,14%";"3";"CASTETS";"Lucie";"F";"LUG";"12EAVLC";"Le 12e est à vous ! avec Lucie Castets et Emmanuel Grégoire L'union de la gauche et des écologistes";"328";"21,68%";"42,49%";"";"25";"4";"CHASSANIOL";"Clara";"F";"LUC";"P12A";"Paris 12ème apaisé avec Clara Chassaniol";"68";"4,49%";"8,81%";"";"1";"5";"MONTANDON";"Valérie";"F";"LUD";"CP12";"CHANGER PARIS 12 AVEC VALÉRIE MONTANDON ET RACHIDA DATI";"278";"18,37%";"36,01%";"";"5";"7";"MECARY";"Caroline";"F";"LFI";"NPP 12e";"LE NOUVEAU PARIS POPULAIRE 12e";"98";"6,48%";"12,69%";"";"2"
"75";"Paris";"75056SR12";"Paris 12eme secteur";"1248";"1590";"873";"54,91%";"717";"45,09%";"854";"53,71%";"97,82%";"8";"0,50%";"0,92%";"11";"0,69%";"1,26%";"3";"CASTETS";"Lucie";"F";"LUG";"12EAVLC";"Le 12e est à vous ! avec Lucie Castets et Emmanuel Grégoire L'union de la gauche et des écologistes";"387";"24,34%";"45,32%";"";"25";"4";"CHASSANIOL";"Clara";"F";"LUC";"P12A";"Paris 12ème apaisé avec Clara Chassaniol";"72";"4,53%";"8,43%";"";"1";"5";"MONTANDON";"Valérie";"F";"LUD";"CP12";"CHANGER PARIS 12 AVEC VALÉRIE MONTANDON ET RACHIDA DATI";"264";"16,60%";"30,91%";"";"5";"7";"MECARY";"Caroline";"F";"LFI";"NPP 12e";"LE NOUVEAU PARIS POPULAIRE 12e";"131";"8,24%";"15,34%";"";"2"
"75";"Paris";"75056SR12";"Paris 12eme secteur";"1249";"1526";"974";"63,83%";"552";"36,17%";"951";"62,32%";"97,64%";"14";"0,92%";"1,44%";"9";"0,59%";"0,92%";"3";"CASTETS";"Lucie";"F";"LUG";"12EAVLC";"Le 12e est à vous ! avec Lucie Castets et Emmanuel Grégoire L'union de la gauche et des écologistes";"490";"32,11%";"51,52%";"";"25";"4";"CHASSANIOL";"Clara";"F";"LUC";"P12A";"Paris 12ème apaisé avec Clara Chassaniol";"71";"4,65%";"7,47%";"";"1";"5";"MONTANDON";"Valérie";"F";"LUD";"CP12";"CHANGER PARIS 12 AVEC VALÉRIE MONTANDON ET RACHIDA DATI";"290";"19,00%";"30,49%";"";"5";"7";"MECARY";"Caroline";"F";"LFI";"NPP 12e";"LE NOUVEAU PARIS POPULAIRE 12e";"100";"6,55%";"10,52%";"";"2"
"75";"Paris";"75056SR12";"Paris 12eme secteur";"1250";"1603";"912";"56,89%";"691";"43,11%";"895";"55,83%";"98,14%";"10";"0,62%";"1,10%";"7";"0,44%";"0,77%";"3";"CASTETS";"Lucie";"F";"LUG";"12EAVLC";"Le 12e est à vous ! avec Lucie Castets et Emmanuel Grégoire L'union de la gauche et des écologistes";"459";"28,63%";"51,28%";"";"25";"4";"CHASSANIOL";"Clara";"F";"LUC";"P12A";"Paris 12ème apaisé avec Clara Chassaniol";"74";"4,62%";"8,27%";"";"1";"5";"MONTANDON";"Valérie";"F";"LUD";"CP12";"CHANGER PARIS 12 AVEC VALÉRIE MONTANDON ET RACHIDA DATI";"254";"15,85%";"28,38%";"";"5";"7";"MECARY";"Caroline";"F";"LFI";"NPP 12e";"LE NOUVEAU PARIS POPULAIRE 12e";"108";"6,74%";"12,07%";"";"2"
"75";"Paris";"75056SR12";"Paris 12eme secteur";"1251";"1670";"1012";"60,60%";"658";"39,40%";"994";"59,52%";"98,22%";"11";"0,66%";"1,09%";"7";"0,42%";"0,69%";"3";"CASTETS";"Lucie";"F";"LUG";"12EAVLC";"Le 12e est à vous ! avec Lucie Castets et Emmanuel Grégoire L'union de la gauche et des écologistes";"451";"27,01%";"45,37%";"";"25";"4";"CHASSANIOL";"Clara";"F";"LUC";"P12A";"Paris 12ème apaisé avec Clara Chassaniol";"87";"5,21%";"8,75%";"";"1";"5";"MONTANDON";"Valérie";"F";"LUD";"CP12";"CHANGER PARIS 12 AVEC VALÉRIE MONTANDON ET RACHIDA DATI";"311";"18,62%";"31,29%";"";"5";"7";"MECARY";"Caroline";"F";"LFI";"NPP 12e";"LE NOUVEAU PARIS POPULAIRE 12e";"145";"8,68%";"14,59%";"";"2"
"75";"Paris";"75056SR12";"Paris 12eme secteur";"1252";"1345";"919";"68,33%";"426";"31,67%";"901";"66,99%";"98,04%";"7";"0,52%";"0,76%";"11";"0,82%";"1,20%";"3";"CASTETS";"Lucie";"F";"LUG";"12EAVLC";"Le 12e est à vous ! avec Lucie Castets et Emmanuel Grégoire L'union de la gauche et des écologistes";"486";"36,13%";"53,94%";"";"25";"4";"CHASSANIOL";"Clara";"F";"LUC";"P12A";"Paris 12ème apaisé avec Clara Chassaniol";"63";"4,68%";"6,99%";"";"1";"5";"MONTANDON";"Valérie";"F";"LUD";"CP12";"CHANGER PARIS 12 AVEC VALÉRIE MONTANDON ET RACHIDA DATI";"277";"20,59%";"30,74%";"";"5";"7";"MECARY";"Caroline";"F";"LFI";"NPP 12e";"LE NOUVEAU PARIS POPULAIRE 12e";"75";"5,58%";"8,32%";"";"2"
"75";"Paris";"75056SR12";"Paris 12eme secteur";"1253";"1710";"1144";"66,90%";"566";"33,10%";"1126";"65,85%";"98,43%";"11";"0,64%";"0,96%";"7";"0,41%";"0,61%";"3";"CASTETS";"Lucie";"F";"LUG";"12EAVLC";"Le 12e est à vous ! avec Lucie Castets et Emmanuel Grégoire L'union de la gauche et des écologistes";"565";"33,04%";"50,18%";"";"25";"4";"CHASSANIOL";"Clara";"F";"LUC";"P12A";"Paris 12ème apaisé avec Clara Chassaniol";"103";"6,02%";"9,15%";"";"1";"5";"MONTANDON";"Valérie";"F";"LUD";"CP12";"CHANGER PARIS 12 AVEC VALÉRIE MONTANDON ET RACHIDA DATI";"338";"19,77%";"30,02%";"";"5";"7";"MECARY";"Caroline";"F";"LFI";"NPP 12e";"LE NOUVEAU PARIS POPULAIRE 12e";"120";"7,02%";"10,66%";"";"2"
"75";"Paris";"75056SR12";"Paris 12eme secteur";"1254";"1383";"803";"58,06%";"580";"41,94%";"781";"56,47%";"97,26%";"12";"0,87%";"1,49%";"10";"0,72%";"1,25%";"3";"CASTETS";"Lucie";"F";"LUG";"12EAVLC";"Le 12e est à vous ! avec Lucie Castets et Emmanuel Grégoire L'union de la gauche et des écologistes";"373";"26,97%";"47,76%";"";"25";"4";"CHASSANIOL";"Clara";"F";"LUC";"P12A";"Paris 12ème apaisé avec Clara Chassaniol";"71";"5,13%";"9,09%";"";"1";"5";"MONTANDON";"Valérie";"F";"LUD";"CP12";"CHANGER PARIS 12 AVEC VALÉRIE MONTANDON ET RACHIDA DATI";"251";"18,15%";"32,14%";"";"5";"7";"MECARY";"Caroline";"F";"LFI";"NPP 12e";"LE NOUVEAU PARIS POPULAIRE 12e";"86";"6,22%";"11,01%";"";"2"
"75";"Paris";"75056SR12";"Paris 12eme secteur";"1255";"1619";"1116";"68,93%";"503";"31,07%";"1099";"67,88%";"98,48%";"14";"0,86%";"1,25%";"3";"0,19%";"0,27%";"3";"CASTETS";"Lucie";"F";"LUG";"12EAVLC";"Le 12e est à vous ! avec Lucie Castets et Emmanuel Grégoire L'union de la gauche et des écologistes";"607";"37,49%";"55,23%";"";"25";"4";"CHASSANIOL";"Clara";"F";"LUC";"P12A";"Paris 12ème apaisé avec Clara Chassaniol";"82";"5,06%";"7,46%";"";"1";"5";"MONTANDON";"Valérie";"F";"LUD";"CP12";"CHANGER PARIS 12 AVEC VALÉRIE MONTANDON ET RACHIDA DATI";"287";"17,73%";"26,11%";"";"5";"7";"MECARY";"Caroline";"F";"LFI";"NPP 12e";"LE NOUVEAU PARIS POPULAIRE 12e";"123";"7,60%";"11,19%";"";"2"
"75";"Paris";"75056SR12";"Paris 12eme secteur";"1256";"1521";"1032";"67,85%";"489";"32,15%";"1018";"66,93%";"98,64%";"6";"0,39%";"0,58%";"8";"0,53%";"0,78%";"3";"CASTETS";"Lucie";"F";"LUG";"12EAVLC";"Le 12e est à vous ! avec Lucie Castets et Emmanuel Grégoire L'union de la gauche et des écologistes";"581";"38,20%";"57,07%";"";"25";"4";"CHASSANIOL";"Clara";"F";"LUC";"P12A";"Paris 12ème apaisé avec Clara Chassaniol";"66";"4,34%";"6,48%";"";"1";"5";"MONTANDON";"Valérie";"F";"LUD";"CP12";"CHANGER PARIS 12 AVEC VALÉRIE MONTANDON ET RACHIDA DATI";"251";"16,50%";"24,66%";"";"5";"7";"MECARY";"Caroline";"F";"LFI";"NPP 12e";"LE NOUVEAU PARIS POPULAIRE 12e";"120";"7,89%";"11,79%";"";"2"
"75";"Paris";"75056SR12";"Paris 12eme secteur";"1257";"1606";"1054";"65,63%";"552";"34,37%";"1045";"65,07%";"99,15%";"3";"0,19%";"0,28%";"6";"0,37%";"0,57%";"3";"CASTETS";"Lucie";"F";"LUG";"12EAVLC";"Le 12e est à vous ! avec Lucie Castets et Emmanuel Grégoire L'union de la gauche et des écologistes";"620";"38,61%";"59,33%";"";"25";"4";"CHASSANIOL";"Clara";"F";"LUC";"P12A";"Paris 12ème apaisé avec Clara Chassaniol";"93";"5,79%";"8,90%";"";"1";"5";"MONTANDON";"Valérie";"F";"LUD";"CP12";"CHANGER PARIS 12 AVEC VALÉRIE MONTANDON ET RACHIDA DATI";"224";"13,95%";"21,44%";"";"5";"7";"MECARY";"Caroline";"F";"LFI";"NPP 12e";"LE NOUVEAU PARIS POPULAIRE 12e";"108";"6,72%";"10,33%";"";"2"
"75";"Paris";"75056SR12";"Paris 12eme secteur";"1258";"1532";"1032";"67,36%";"500";"32,64%";"1013";"66,12%";"98,16%";"10";"0,65%";"0,97%";"9";"0,59%";"0,87%";"3";"CASTETS";"Lucie";"F";"LUG";"12EAVLC";"Le 12e est à vous ! avec Lucie Castets et Emmanuel Grégoire L'union de la gauche et des écologistes";"573";"37,40%";"56,56%";"";"25";"4";"CHASSANIOL";"Clara";"F";"LUC";"P12A";"Paris 12ème apaisé avec Clara Chassaniol";"81";"5,29%";"8,00%";"";"1";"5";"MONTANDON";"Valérie";"F";"LUD";"CP12";"CHANGER PARIS 12 AVEC VALÉRIE MONTANDON ET RACHIDA DATI";"249";"16,25%";"24,58%";"";"5";"7";"MECARY";"Caroline";"F";"LFI";"NPP 12e";"LE NOUVEAU PARIS POPULAIRE 12e";"110";"7,18%";"10,86%";"";"2"
"75";"Paris";"75056SR12";"Paris 12eme secteur";"1259";"1300";"873";"67,15%";"427";"32,85%";"854";"65,69%";"97,82%";"12";"0,92%";"1,37%";"7";"0,54%";"0,80%";"3";"CASTETS";"Lucie";"F";"LUG";"12EAVLC";"Le 12e est à vous ! avec Lucie Castets et Emmanuel Grégoire L'union de la gauche et des écologistes";"421";"32,38%";"49,30%";"";"25";"4";"CHASSANIOL";"Clara";"F";"LUC";"P12A";"Paris 12ème apaisé avec Clara Chassaniol";"72";"5,54%";"8,43%";"";"1";"5";"MONTANDON";"Valérie";"F";"LUD";"CP12";"CHANGER PARIS 12 AVEC VALÉRIE MONTANDON ET RACHIDA DATI";"266";"20,46%";"31,15%";"";"5";"7";"MECARY";"Caroline";"F";"LFI";"NPP 12e";"LE NOUVEAU PARIS POPULAIRE 12e";"95";"7,31%";"11,12%";"";"2"
"75";"Paris";"75056SR12";"Paris 12eme secteur";"1260";"1459";"907";"62,17%";"552";"37,83%";"894";"61,27%";"98,57%";"4";"0,27%";"0,44%";"9";"0,62%";"0,99%";"3";"CASTETS";"Lucie";"F";"LUG";"12EAVLC";"Le 12e est à vous ! avec Lucie Castets et Emmanuel Grégoire L'union de la gauche et des écologistes";"483";"33,10%";"54,03%";"";"25";"4";"CHASSANIOL";"Clara";"F";"LUC";"P12A";"Paris 12ème apaisé avec Clara Chassaniol";"76";"5,21%";"8,50%";"";"1";"5";"MONTANDON";"Valérie";"F";"LUD";"CP12";"CHANGER PARIS 12 AVEC VALÉRIE MONTANDON ET RACHIDA DATI";"206";"14,12%";"23,04%";"";"5";"7";"MECARY";"Caroline";"F";"LFI";"NPP 12e";"LE NOUVEAU PARIS POPULAIRE 12e";"129";"8,84%";"14,43%";"";"2"
"75";"Paris";"75056SR12";"Paris 12eme secteur";"1261";"1455";"932";"64,05%";"523";"35,95%";"910";"62,54%";"97,64%";"12";"0,82%";"1,29%";"10";"0,69%";"1,07%";"3";"CASTETS";"Lucie";"F";"LUG";"12EAVLC";"Le 12e est à vous ! avec Lucie Castets et Emmanuel Grégoire L'union de la gauche et des écologistes";"389";"26,74%";"42,75%";"";"25";"4";"CHASSANIOL";"Clara";"F";"LUC";"P12A";"Paris 12ème apaisé avec Clara Chassaniol";"67";"4,60%";"7,36%";"";"1";"5";"MONTANDON";"Valérie";"F";"LUD";"CP12";"CHANGER PARIS 12 AVEC VALÉRIE MONTANDON ET RACHIDA DATI";"345";"23,71%";"37,91%";"";"5";"7";"MECARY";"Caroline";"F";"LFI";"NPP 12e";"LE NOUVEAU PARIS POPULAIRE 12e";"109";"7,49%";"11,98%";"";"2"
"75";"Paris";"75056SR12";"Paris 12eme secteur";"1262";"1581";"1091";"69,01%";"490";"30,99%";"1072";"67,81%";"98,26%";"12";"0,76%";"1,10%";"7";"0,44%";"0,64%";"3";"CASTETS";"Lucie";"F";"LUG";"12EAVLC";"Le 12e est à vous ! avec Lucie Castets et Emmanuel Grégoire L'union de la gauche et des écologistes";"618";"39,09%";"57,65%";"";"25";"4";"CHASSANIOL";"Clara";"F";"LUC";"P12A";"Paris 12ème apaisé avec Clara Chassaniol";"108";"6,83%";"10,07%";"";"1";"5";"MONTANDON";"Valérie";"F";"LUD";"CP12";"CHANGER PARIS 12 AVEC VALÉRIE MONTANDON ET RACHIDA DATI";"240";"15,18%";"22,39%";"";"5";"7";"MECARY";"Caroline";"F";"LFI";"NPP 12e";"LE NOUVEAU PARIS POPULAIRE 12e";"106";"6,70%";"9,89%";"";"2"
"75";"Paris";"75056SR12";"Paris 12eme secteur";"1263";"1497";"889";"59,39%";"608";"40,61%";"879";"58,72%";"98,88%";"8";"0,53%";"0,90%";"2";"0,13%";"0,22%";"3";"CASTETS";"Lucie";"F";"LUG";"12EAVLC";"Le 12e est à vous ! avec Lucie Castets et Emmanuel Grégoire L'union de la gauche et des écologistes";"394";"26,32%";"44,82%";"";"25";"4";"CHASSANIOL";"Clara";"F";"LUC";"P12A";"Paris 12ème apaisé avec Clara Chassaniol";"73";"4,88%";"8,30%";"";"1";"5";"MONTANDON";"Valérie";"F";"LUD";"CP12";"CHANGER PARIS 12 AVEC VALÉRIE MONTANDON ET RACHIDA DATI";"285";"19,04%";"32,42%";"";"5";"7";"MECARY";"Caroline";"F";"LFI";"NPP 12e";"LE NOUVEAU PARIS POPULAIRE 12e";"127";"8,48%";"14,45%";"";"2"
"75";"Paris";"75056SR12";"Paris 12eme secteur";"1264";"1334";"919";"68,89%";"415";"31,11%";"909";"68,14%";"98,91%";"6";"0,45%";"0,65%";"4";"0,30%";"0,44%";"3";"CASTETS";"Lucie";"F";"LUG";"12EAVLC";"Le 12e est à vous ! avec Lucie Castets et Emmanuel Grégoire L'union de la gauche et des écologistes";"431";"32,31%";"47,41%";"";"25";"4";"CHASSANIOL";"Clara";"F";"LUC";"P12A";"Paris 12ème apaisé avec Clara Chassaniol";"84";"6,30%";"9,24%";"";"1";"5";"MONTANDON";"Valérie";"F";"LUD";"CP12";"CHANGER PARIS 12 AVEC VALÉRIE MONTANDON ET RACHIDA DATI";"319";"23,91%";"35,09%";"";"5";"7";"MECARY";"Caroline";"F";"LFI";"NPP 12e";"LE NOUVEAU PARIS POPULAIRE 12e";"75";"5,62%";"8,25%";"";"2"
"75";"Paris";"75056SR14";"Paris 14eme secteur";"1401";"1393";"957";"68,70%";"436";"31,30%";"943";"67,70%";"98,54%";"6";"0,43%";"0,63%";"8";"0,57%";"0,84%";"4";"ARENAS";"Rodrigo";"M";"LFI";"LNPP14";"LE NOUVEAU PARIS POPULAIRE 14e";"82";"5,89%";"8,70%";"";"2";"8";"PETIT";"Carine";"F";"LUG";"L14EAV";"Le 14è est à vous ! Avec Carine Petit et Emmanuel Grégoire. L'union de la Gauche et des Ecologistes";"499";"35,82%";"52,92%";"";"25";"9";"GATEL";"Maud";"F";"LUD";"CP14";"Changer Paris 14e avec Maud Gatel et Rachida Dati";"362";"25,99%";"38,39%";"";"6";"";"";"";"";"";"";"";"";"";"";"";""
"75";"Paris";"75056SR14";"Paris 14eme secteur";"1402";"1519";"1031";"67,87%";"488";"32,13%";"1008";"66,36%";"97,77%";"11";"0,72%";"1,07%";"12";"0,79%";"1,16%";"4";"ARENAS";"Rodrigo";"M";"LFI";"LNPP14";"LE NOUVEAU PARIS POPULAIRE 14e";"79";"5,20%";"7,84%";"";"2";"8";"PETIT";"Carine";"F";"LUG";"L14EAV";"Le 14è est à vous ! Avec Carine Petit et Emmanuel Grégoire. L'union de la Gauche et des Ecologistes";"563";"37,06%";"55,85%";"";"25";"9";"GATEL";"Maud";"F";"LUD";"CP14";"Changer Paris 14e avec Maud Gatel et Rachida Dati";"366";"24,09%";"36,31%";"";"6";"";"";"";"";"";"";"";"";"";"";"";""
"75";"Paris";"75056SR14";"Paris 14eme secteur";"1403";"1560";"1166";"74,74%";"394";"25,26%";"1142";"73,21%";"97,94%";"19";"1,22%";"1,63%";"5";"0,32%";"0,43%";"4";"ARENAS";"Rodrigo";"M";"LFI";"LNPP14";"LE NOUVEAU PARIS POPULAIRE 14e";"104";"6,67%";"9,11%";"";"2";"8";"PETIT";"Carine";"F";"LUG";"L14EAV";"Le 14è est à vous ! Avec Carine Petit et Emmanuel Grégoire. L'union de la Gauche et des Ecologistes";"523";"33,53%";"45,80%";"";"25";"9";"GATEL";"Maud";"F";"LUD";"CP14";"Changer Paris 14e avec Maud Gatel et Rachida Dati";"515";"33,01%";"45,10%";"";"6";"";"";"";"";"";"";"";"";"";"";"";""
"75";"Paris";"75056SR14";"Paris 14eme secteur";"1404";"1586";"1028";"64,82%";"558";"35,18%";"1008";"63,56%";"98,05%";"12";"0,76%";"1,17%";"8";"0,50%";"0,78%";"4";"ARENAS";"Rodrigo";"M";"LFI";"LNPP14";"LE NOUVEAU PARIS POPULAIRE 14e";"95";"5,99%";"9,42%";"";"2";"8";"PETIT";"Carine";"F";"LUG";"L14EAV";"Le 14è est à vous ! Avec Carine Petit et Emmanuel Grégoire. L'union de la Gauche et des Ecologistes";"539";"33,98%";"53,47%";"";"25";"9";"GATEL";"Maud";"F";"LUD";"CP14";"Changer Paris 14e avec Maud Gatel et Rachida Dati";"374";"23,58%";"37,10%";"";"6";"";"";"";"";"";"";"";"";"";"";"";""
"75";"Paris";"75056SR14";"Paris 14eme secteur";"1405";"1434";"1000";"69,74%";"434";"30,26%";"978";"68,20%";"97,80%";"16";"1,12%";"1,60%";"6";"0,42%";"0,60%";"4";"ARENAS";"Rodrigo";"M";"LFI";"LNPP14";"LE NOUVEAU PARIS POPULAIRE 14e";"84";"5,86%";"8,59%";"";"2";"8";"PETIT";"Carine";"F";"LUG";"L14EAV";"Le 14è est à vous ! Avec Carine Petit et Emmanuel Grégoire. L'union de la Gauche et des Ecologistes";"524";"36,54%";"53,58%";"";"25";"9";"GATEL";"Maud";"F";"LUD";"CP14";"Changer Paris 14e avec Maud Gatel et Rachida Dati";"370";"25,80%";"37,83%";"";"6";"";"";"";"";"";"";"";"";"";"";"";""
"75";"Paris";"75056SR14";"Paris 14eme secteur";"1406";"1550";"1093";"70,52%";"457";"29,48%";"1067";"68,84%";"97,62%";"5";"0,32%";"0,46%";"21";"1,35%";"1,92%";"4";"ARENAS";"Rodrigo";"M";"LFI";"LNPP14";"LE NOUVEAU PARIS POPULAIRE 14e";"116";"7,48%";"10,87%";"";"2";"8";"PETIT";"Carine";"F";"LUG";"L14EAV";"Le 14è est à vous ! Avec Carine Petit et Emmanuel Grégoire. L'union de la Gauche et des Ecologistes";"558";"36,00%";"52,30%";"";"25";"9";"GATEL";"Maud";"F";"LUD";"CP14";"Changer Paris 14e avec Maud Gatel et Rachida Dati";"393";"25,35%";"36,83%";"";"6";"";"";"";"";"";"";"";"";"";"";"";""
"75";"Paris";"75056SR14";"Paris 14eme secteur";"1407";"1597";"1096";"68,63%";"501";"31,37%";"1076";"67,38%";"98,18%";"10";"0,63%";"0,91%";"10";"0,63%";"0,91%";"4";"ARENAS";"Rodrigo";"M";"LFI";"LNPP14";"LE NOUVEAU PARIS POPULAIRE 14e";"88";"5,51%";"8,18%";"";"2";"8";"PETIT";"Carine";"F";"LUG";"L14EAV";"Le 14è est à vous ! Avec Carine Petit et Emmanuel Grégoire. L'union de la Gauche et des Ecologistes";"550";"34,44%";"51,12%";"";"25";"9";"GATEL";"Maud";"F";"LUD";"CP14";"Changer Paris 14e avec Maud Gatel et Rachida Dati";"438";"27,43%";"40,71%";"";"6";"";"";"";"";"";"";"";"";"";"";"";""
"75";"Paris";"75056SR14";"Paris 14eme secteur";"1408";"1475";"1023";"69,36%";"452";"30,64%";"1008";"68,34%";"98,53%";"8";"0,54%";"0,78%";"7";"0,47%";"0,68%";"4";"ARENAS";"Rodrigo";"M";"LFI";"LNPP14";"LE NOUVEAU PARIS POPULAIRE 14e";"81";"5,49%";"8,04%";"";"2";"8";"PETIT";"Carine";"F";"LUG";"L14EAV";"Le 14è est à vous ! Avec Carine Petit et Emmanuel Grégoire. L'union de la Gauche et des Ecologistes";"476";"32,27%";"47,22%";"";"25";"9";"GATEL";"Maud";"F";"LUD";"CP14";"Changer Paris 14e avec Maud Gatel et Rachida Dati";"451";"30,58%";"44,74%";"";"6";"";"";"";"";"";"";"";"";"";"";"";""
"75";"Paris";"75056SR14";"Paris 14eme secteur";"1409";"1628";"1118";"68,67%";"510";"31,33%";"1096";"67,32%";"98,03%";"14";"0,86%";"1,25%";"8";"0,49%";"0,72%";"4";"ARENAS";"Rodrigo";"M";"LFI";"LNPP14";"LE NOUVEAU PARIS POPULAIRE 14e";"82";"5,04%";"7,48%";"";"2";"8";"PETIT";"Carine";"F";"LUG";"L14EAV";"Le 14è est à vous ! Avec Carine Petit et Emmanuel Grégoire. L'union de la Gauche et des Ecologistes";"603";"37,04%";"55,02%";"";"25";"9";"GATEL";"Maud";"F";"LUD";"CP14";"Changer Paris 14e avec Maud Gatel et Rachida Dati";"411";"25,25%";"37,50%";"";"6";"";"";"";"";"";"";"";"";"";"";"";""
"75";"Paris";"75056SR14";"Paris 14eme secteur";"1410";"1478";"889";"60,15%";"589";"39,85%";"865";"58,53%";"97,30%";"21";"1,42%";"2,36%";"3";"0,20%";"0,34%";"4";"ARENAS";"Rodrigo";"M";"LFI";"LNPP14";"LE NOUVEAU PARIS POPULAIRE 14e";"112";"7,58%";"12,95%";"";"2";"8";"PETIT";"Carine";"F";"LUG";"L14EAV";"Le 14è est à vous ! Avec Carine Petit et Emmanuel Grégoire. L'union de la Gauche et des Ecologistes";"401";"27,13%";"46,36%";"";"25";"9";"GATEL";"Maud";"F";"LUD";"CP14";"Changer Paris 14e avec Maud Gatel et Rachida Dati";"352";"23,82%";"40,69%";"";"6";"";"";"";"";"";"";"";"";"";"";"";""
"75";"Paris";"75056SR14";"Paris 14eme secteur";"1411";"1453";"970";"66,76%";"483";"33,24%";"949";"65,31%";"97,84%";"7";"0,48%";"0,72%";"14";"0,96%";"1,44%";"4";"ARENAS";"Rodrigo";"M";"LFI";"LNPP14";"LE NOUVEAU PARIS POPULAIRE 14e";"105";"7,23%";"11,06%";"";"2";"8";"PETIT";"Carine";"F";"LUG";"L14EAV";"Le 14è est à vous ! Avec Carine Petit et Emmanuel Grégoire. L'union de la Gauche et des Ecologistes";"385";"26,50%";"40,57%";"";"25";"9";"GATEL";"Maud";"F";"LUD";"CP14";"Changer Paris 14e avec Maud Gatel et Rachida Dati";"459";"31,59%";"48,37%";"";"6";"";"";"";"";"";"";"";"";"";"";"";""
"75";"Paris";"75056SR14";"Paris 14eme secteur";"1412";"1631";"1106";"67,81%";"525";"32,19%";"1082";"66,34%";"97,83%";"11";"0,67%";"0,99%";"13";"0,80%";"1,18%";"4";"ARENAS";"Rodrigo";"M";"LFI";"LNPP14";"LE NOUVEAU PARIS POPULAIRE 14e";"91";"5,58%";"8,41%";"";"2";"8";"PETIT";"Carine";"F";"LUG";"L14EAV";"Le 14è est à vous ! Avec Carine Petit et Emmanuel Grégoire. L'union de la Gauche et des Ecologistes";"521";"31,94%";"48,15%";"";"25";"9";"GATEL";"Maud";"F";"LUD";"CP14";"Changer Paris 14e avec Maud Gatel et Rachida Dati";"470";"28,82%";"43,44%";"";"6";"";"";"";"";"";"";"";"";"";"";"";""
"75";"Paris";"75056SR14";"Paris 14eme secteur";"1413";"1577";"1015";"64,36%";"562";"35,64%";"992";"62,90%";"97,73%";"15";"0,95%";"1,48%";"8";"0,51%";"0,79%";"4";"ARENAS";"Rodrigo";"M";"LFI";"LNPP14";"LE NOUVEAU PARIS POPULAIRE 14e";"105";"6,66%";"10,58%";"";"2";"8";"PETIT";"Carine";"F";"LUG";"L14EAV";"Le 14è est à vous ! Avec Carine Petit et Emmanuel Grégoire. L'union de la Gauche et des Ecologistes";"509";"32,28%";"51,31%";"";"25";"9";"GATEL";"Maud";"F";"LUD";"CP14";"Changer Paris 14e avec Maud Gatel et Rachida Dati";"378";"23,97%";"38,10%";"";"6";"";"";"";"";"";"";"";"";"";"";"";""
"75";"Paris";"75056SR14";"Paris 14eme secteur";"1414";"1627";"1092";"67,12%";"535";"32,88%";"1074";"66,01%";"98,35%";"14";"0,86%";"1,28%";"4";"0,25%";"0,37%";"4";"ARENAS";"Rodrigo";"M";"LFI";"LNPP14";"LE NOUVEAU PARIS POPULAIRE 14e";"83";"5,10%";"7,73%";"";"2";"8";"PETIT";"Carine";"F";"LUG";"L14EAV";"Le 14è est à vous ! Avec Carine Petit et Emmanuel Grégoire. L'union de la Gauche et des Ecologistes";"480";"29,50%";"44,69%";"";"25";"9";"GATEL";"Maud";"F";"LUD";"CP14";"Changer Paris 14e avec Maud Gatel et Rachida Dati";"511";"31,41%";"47,58%";"";"6";"";"";"";"";"";"";"";"";"";"";"";""
"75";"Paris";"75056SR14";"Paris 14eme secteur";"1415";"1654";"1027";"62,09%";"627";"37,91%";"1008";"60,94%";"98,15%";"10";"0,60%";"0,97%";"9";"0,54%";"0,88%";"4";"ARENAS";"Rodrigo";"M";"LFI";"LNPP14";"LE NOUVEAU PARIS POPULAIRE 14e";"120";"7,26%";"11,90%";"";"2";"8";"PETIT";"Carine";"F";"LUG";"L14EAV";"Le 14è est à vous ! Avec Carine Petit et Emmanuel Grégoire. L'union de la Gauche et des Ecologistes";"538";"32,53%";"53,37%";"";"25";"9";"GATEL";"Maud";"F";"LUD";"CP14";"Changer Paris 14e avec Maud Gatel et Rachida Dati";"350";"21,16%";"34,72%";"";"6";"";"";"";"";"";"";"";"";"";"";"";""
"75";"Paris";"75056SR14";"Paris 14eme secteur";"1416";"1500";"924";"61,60%";"576";"38,40%";"901";"60,07%";"97,51%";"15";"1,00%";"1,62%";"8";"0,53%";"0,87%";"4";"ARENAS";"Rodrigo";"M";"LFI";"LNPP14";"LE NOUVEAU PARIS POPULAIRE 14e";"122";"8,13%";"13,54%";"";"2";"8";"PETIT";"Carine";"F";"LUG";"L14EAV";"Le 14è est à vous ! Avec Carine Petit et Emmanuel Grégoire. L'union de la Gauche et des Ecologistes";"409";"27,27%";"45,39%";"";"25";"9";"GATEL";"Maud";"F";"LUD";"CP14";"Changer Paris 14e avec Maud Gatel et Rachida Dati";"370";"24,67%";"41,07%";"";"6";"";"";"";"";"";"";"";"";"";"";"";""
"75";"Paris";"75056SR14";"Paris 14eme secteur";"1417";"1561";"1041";"66,69%";"520";"33,31%";"1029";"65,92%";"98,85%";"5";"0,32%";"0,48%";"7";"0,45%";"0,67%";"4";"ARENAS";"Rodrigo";"M";"LFI";"LNPP14";"LE NOUVEAU PARIS POPULAIRE 14e";"107";"6,85%";"10,40%";"";"2";"8";"PETIT";"Carine";"F";"LUG";"L14EAV";"Le 14è est à vous ! Avec Carine Petit et Emmanuel Grégoire. L'union de la Gauche et des Ecologistes";"564";"36,13%";"54,81%";"";"25";"9";"GATEL";"Maud";"F";"LUD";"CP14";"Changer Paris 14e avec Maud Gatel et Rachida Dati";"358";"22,93%";"34,79%";"";"6";"";"";"";"";"";"";"";"";"";"";"";""
"75";"Paris";"75056SR14";"Paris 14eme secteur";"1418";"1669";"1034";"61,95%";"635";"38,05%";"1006";"60,28%";"97,29%";"21";"1,26%";"2,03%";"7";"0,42%";"0,68%";"4";"ARENAS";"Rodrigo";"M";"LFI";"LNPP14";"LE NOUVEAU PARIS POPULAIRE 14e";"135";"8,09%";"13,42%";"";"2";"8";"PETIT";"Carine";"F";"LUG";"L14EAV";"Le 14è est à vous ! Avec Carine Petit et Emmanuel Grégoire. L'union de la Gauche et des Ecologistes";"565";"33,85%";"56,16%";"";"25";"9";"GATEL";"Maud";"F";"LUD";"CP14";"Changer Paris 14e avec Maud Gatel et Rachida Dati";"306";"18,33%";"30,42%";"";"6";"";"";"";"";"";"";"";"";"";"";"";""
"75";"Paris";"75056SR14";"Paris 14eme secteur";"1419";"1781";"1047";"58,79%";"734";"41,21%";"1021";"57,33%";"97,52%";"12";"0,67%";"1,15%";"14";"0,79%";"1,34%";"4";"ARENAS";"Rodrigo";"M";"LFI";"LNPP14";"LE NOUVEAU PARIS POPULAIRE 14e";"136";"7,64%";"13,32%";"";"2";"8";"PETIT";"Carine";"F";"LUG";"L14EAV";"Le 14è est à vous ! Avec Carine Petit et Emmanuel Grégoire. L'union de la Gauche et des Ecologistes";"599";"33,63%";"58,67%";"";"25";"9";"GATEL";"Maud";"F";"LUD";"CP14";"Changer Paris 14e avec Maud Gatel et Rachida Dati";"286";"16,06%";"28,01%";"";"6";"";"";"";"";"";"";"";"";"";"";"";""
"75";"Paris";"75056SR14";"Paris 14eme secteur";"1420";"1419";"803";"56,59%";"616";"43,41%";"784";"55,25%";"97,63%";"11";"0,78%";"1,37%";"8";"0,56%";"1,00%";"4";"ARENAS";"Rodrigo";"M";"LFI";"LNPP14";"LE NOUVEAU PARIS POPULAIRE 14e";"123";"8,67%";"15,69%";"";"2";"8";"PETIT";"Carine";"F";"LUG";"L14EAV";"Le 14è est à vous ! Avec Carine Petit et Emmanuel Grégoire. L'union de la Gauche et des Ecologistes";"400";"28,19%";"51,02%";"";"25";"9";"GATEL";"Maud";"F";"LUD";"CP14";"Changer Paris 14e avec Maud Gatel et Rachida Dati";"261";"18,39%";"33,29%";"";"6";"";"";"";"";"";"";"";"";"";"";"";""
"75";"Paris";"75056SR14";"Paris 14eme secteur";"1421";"1508";"717";"47,55%";"791";"52,45%";"693";"45,95%";"96,65%";"10";"0,66%";"1,39%";"14";"0,93%";"1,95%";"4";"ARENAS";"Rodrigo";"M";"LFI";"LNPP14";"LE NOUVEAU PARIS POPULAIRE 14e";"135";"8,95%";"19,48%";"";"2";"8";"PETIT";"Carine";"F";"LUG";"L14EAV";"Le 14è est à vous ! Avec Carine Petit et Emmanuel Grégoire. L'union de la Gauche et des Ecologistes";"328";"21,75%";"47,33%";"";"25";"9";"GATEL";"Maud";"F";"LUD";"CP14";"Changer Paris 14e avec Maud Gatel et Rachida Dati";"230";"15,25%";"33,19%";"";"6";"";"";"";"";"";"";"";"";"";"";"";""
"75";"Paris";"75056SR14";"Paris 14eme secteur";"1422";"1521";"859";"56,48%";"662";"43,52%";"845";"55,56%";"98,37%";"8";"0,53%";"0,93%";"6";"0,39%";"0,70%";"4";"ARENAS";"Rodrigo";"M";"LFI";"LNPP14";"LE NOUVEAU PARIS POPULAIRE 14e";"118";"7,76%";"13,96%";"";"2";"8";"PETIT";"Carine";"F";"LUG";"L14EAV";"Le 14è est à vous ! Avec Carine Petit et Emmanuel Grégoire. L'union de la Gauche et des Ecologistes";"455";"29,91%";"53,85%";"";"25";"9";"GATEL";"Maud";"F";"LUD";"CP14";"Changer Paris 14e avec Maud Gatel et Rachida Dati";"272";"17,88%";"32,19%";"";"6";"";"";"";"";"";"";"";"";"";"";"";""
"75";"Paris";"75056SR14";"Paris 14eme secteur";"1423";"1591";"1026";"64,49%";"565";"35,51%";"1013";"63,67%";"98,73%";"7";"0,44%";"0,68%";"6";"0,38%";"0,58%";"4";"ARENAS";"Rodrigo";"M";"LFI";"LNPP14";"LE NOUVEAU PARIS POPULAIRE 14e";"114";"7,17%";"11,25%";"";"2";"8";"PETIT";"Carine";"F";"LUG";"L14EAV";"Le 14è est à vous ! Avec Carine Petit et Emmanuel Grégoire. L'union de la Gauche et des Ecologistes";"584";"36,71%";"57,65%";"";"25";"9";"GATEL";"Maud";"F";"LUD";"CP14";"Changer Paris 14e avec Maud Gatel et Rachida Dati";"315";"19,80%";"31,10%";"";"6";"";"";"";"";"";"";"";"";"";"";"";""
"75";"Paris";"75056SR14";"Paris 14eme secteur";"1424";"1680";"1089";"64,82%";"591";"35,18%";"1074";"63,93%";"98,62%";"5";"0,30%";"0,46%";"10";"0,60%";"0,92%";"4";"ARENAS";"Rodrigo";"M";"LFI";"LNPP14";"LE NOUVEAU PARIS POPULAIRE 14e";"113";"6,73%";"10,52%";"";"2";"8";"PETIT";"Carine";"F";"LUG";"L14EAV";"Le 14è est à vous ! Avec Carine Petit et Emmanuel Grégoire. L'union de la Gauche et des Ecologistes";"612";"36,43%";"56,98%";"";"25";"9";"GATEL";"Maud";"F";"LUD";"CP14";"Changer Paris 14e avec Maud Gatel et Rachida Dati";"349";"20,77%";"32,50%";"";"6";"";"";"";"";"";"";"";"";"";"";"";""
"75";"Paris";"75056SR14";"Paris 14eme secteur";"1425";"1589";"1139";"71,68%";"450";"28,32%";"1120";"70,48%";"98,33%";"9";"0,57%";"0,79%";"10";"0,63%";"0,88%";"4";"ARENAS";"Rodrigo";"M";"LFI";"LNPP14";"LE NOUVEAU PARIS POPULAIRE 14e";"124";"7,80%";"11,07%";"";"2";"8";"PETIT";"Carine";"F";"LUG";"L14EAV";"Le 14è est à vous ! Avec Carine Petit et Emmanuel Grégoire. L'union de la Gauche et des Ecologistes";"624";"39,27%";"55,71%";"";"25";"9";"GATEL";"Maud";"F";"LUD";"CP14";"Changer Paris 14e avec Maud Gatel et Rachida Dati";"372";"23,41%";"33,21%";"";"6";"";"";"";"";"";"";"";"";"";"";"";""
"75";"Paris";"75056SR14";"Paris 14eme secteur";"1426";"1357";"874";"64,41%";"483";"35,59%";"867";"63,89%";"99,20%";"5";"0,37%";"0,57%";"2";"0,15%";"0,23%";"4";"ARENAS";"Rodrigo";"M";"LFI";"LNPP14";"LE NOUVEAU PARIS POPULAIRE 14e";"70";"5,16%";"8,07%";"";"2";"8";"PETIT";"Carine";"F";"LUG";"L14EAV";"Le 14è est à vous ! Avec Carine Petit et Emmanuel Grégoire. L'union de la Gauche et des Ecologistes";"424";"31,25%";"48,90%";"";"25";"9";"GATEL";"Maud";"F";"LUD";"CP14";"Changer Paris 14e avec Maud Gatel et Rachida Dati";"373";"27,49%";"43,02%";"";"6";"";"";"";"";"";"";"";"";"";"";"";""
"75";"Paris";"75056SR14";"Paris 14eme secteur";"1427";"1173";"788";"67,18%";"385";"32,82%";"777";"66,24%";"98,60%";"3";"0,26%";"0,38%";"8";"0,68%";"1,02%";"4";"ARENAS";"Rodrigo";"M";"LFI";"LNPP14";"LE NOUVEAU PARIS POPULAIRE 14e";"53";"4,52%";"6,82%";"";"2";"8";"PETIT";"Carine";"F";"LUG";"L14EAV";"Le 14è est à vous ! Avec Carine Petit et Emmanuel Grégoire. L'union de la Gauche et des Ecologistes";"318";"27,11%";"40,93%";"";"25";"9";"GATEL";"Maud";"F";"LUD";"CP14";"Changer Paris 14e avec Maud Gatel et Rachida Dati";"406";"34,61%";"52,25%";"";"6";"";"";"";"";"";"";"";"";"";"";"";""
"75";"Paris";"75056SR14";"Paris 14eme secteur";"1428";"1579";"1123";"71,12%";"456";"28,88%";"1095";"69,35%";"97,51%";"16";"1,01%";"1,42%";"12";"0,76%";"1,07%";"4";"ARENAS";"Rodrigo";"M";"LFI";"LNPP14";"LE NOUVEAU PARIS POPULAIRE 14e";"73";"4,62%";"6,67%";"";"2";"8";"PETIT";"Carine";"F";"LUG";"L14EAV";"Le 14è est à vous ! Avec Carine Petit et Emmanuel Grégoire. L'union de la Gauche et des Ecologistes";"530";"33,57%";"48,40%";"";"25";"9";"GATEL";"Maud";"F";"LUD";"CP14";"Changer Paris 14e avec Maud Gatel et Rachida Dati";"492";"31,16%";"44,93%";"";"6";"";"";"";"";"";"";"";"";"";"";"";""
"75";"Paris";"75056SR14";"Paris 14eme secteur";"1429";"1672";"1128";"67,46%";"544";"32,54%";"1103";"65,97%";"97,78%";"20";"1,20%";"1,77%";"5";"0,30%";"0,44%";"4";"ARENAS";"Rodrigo";"M";"LFI";"LNPP14";"LE NOUVEAU PARIS POPULAIRE 14e";"131";"7,83%";"11,88%";"";"2";"8";"PETIT";"Carine";"F";"LUG";"L14EAV";"Le 14è est à vous ! Avec Carine Petit et Emmanuel Grégoire. L'union de la Gauche et des Ecologistes";"632";"37,80%";"57,30%";"";"25";"9";"GATEL";"Maud";"F";"LUD";"CP14";"Changer Paris 14e avec Maud Gatel et Rachida Dati";"340";"20,33%";"30,83%";"";"6";"";"";"";"";"";"";"";"";"";"";"";""
"75";"Paris";"75056SR14";"Paris 14eme secteur";"1430";"1436";"933";"64,97%";"503";"35,03%";"907";"63,16%";"97,21%";"19";"1,32%";"2,04%";"7";"0,49%";"0,75%";"4";"ARENAS";"Rodrigo";"M";"LFI";"LNPP14";"LE NOUVEAU PARIS POPULAIRE 14e";"68";"4,74%";"7,50%";"";"2";"8";"PETIT";"Carine";"F";"LUG";"L14EAV";"Le 14è est à vous ! Avec Carine Petit et Emmanuel Grégoire. L'union de la Gauche et des Ecologistes";"387";"26,95%";"42,67%";"";"25";"9";"GATEL";"Maud";"F";"LUD";"CP14";"Changer Paris 14e avec Maud Gatel et Rachida Dati";"452";"31,48%";"49,83%";"";"6";"";"";"";"";"";"";"";"";"";"";"";""
"75";"Paris";"75056SR14";"Paris 14eme secteur";"1431";"1537";"1079";"70,20%";"458";"29,80%";"1069";"69,55%";"99,07%";"6";"0,39%";"0,56%";"4";"0,26%";"0,37%";"4";"ARENAS";"Rodrigo";"M";"LFI";"LNPP14";"LE NOUVEAU PARIS POPULAIRE 14e";"87";"5,66%";"8,14%";"";"2";"8";"PETIT";"Carine";"F";"LUG";"L14EAV";"Le 14è est à vous ! Avec Carine Petit et Emmanuel Grégoire. L'union de la Gauche et des Ecologistes";"481";"31,29%";"45,00%";"";"25";"9";"GATEL";"Maud";"F";"LUD";"CP14";"Changer Paris 14e avec Maud Gatel et Rachida Dati";"501";"32,60%";"46,87%";"";"6";"";"";"";"";"";"";"";"";"";"";"";""
"75";"Paris";"75056SR14";"Paris 14eme secteur";"1432";"1432";"947";"66,13%";"485";"33,87%";"923";"64,46%";"97,47%";"14";"0,98%";"1,48%";"10";"0,70%";"1,06%";"4";"ARENAS";"Rodrigo";"M";"LFI";"LNPP14";"LE NOUVEAU PARIS POPULAIRE 14e";"86";"6,01%";"9,32%";"";"2";"8";"PETIT";"Carine";"F";"LUG";"L14EAV";"Le 14è est à vous ! Avec Carine Petit et Emmanuel Grégoire. L'union de la Gauche et des Ecologistes";"451";"31,49%";"48,86%";"";"25";"9";"GATEL";"Maud";"F";"LUD";"CP14";"Changer Paris 14e avec Maud Gatel et Rachida Dati";"386";"26,96%";"41,82%";"";"6";"";"";"";"";"";"";"";"";"";"";"";""
"75";"Paris";"75056SR14";"Paris 14eme secteur";"1433";"1592";"1060";"66,58%";"532";"33,42%";"1045";"65,64%";"98,58%";"7";"0,44%";"0,66%";"8";"0,50%";"0,75%";"4";"ARENAS";"Rodrigo";"M";"LFI";"LNPP14";"LE NOUVEAU PARIS POPULAIRE 14e";"66";"4,15%";"6,32%";"";"2";"8";"PETIT";"Carine";"F";"LUG";"L14EAV";"Le 14è est à vous ! Avec Carine Petit et Emmanuel Grégoire. L'union de la Gauche et des Ecologistes";"485";"30,46%";"46,41%";"";"25";"9";"GATEL";"Maud";"F";"LUD";"CP14";"Changer Paris 14e avec Maud Gatel et Rachida Dati";"494";"31,03%";"47,27%";"";"6";"";"";"";"";"";"";"";"";"";"";"";""
"75";"Paris";"75056SR14";"Paris 14eme secteur";"1434";"1432";"1018";"71,09%";"414";"28,91%";"1001";"69,90%";"98,33%";"15";"1,05%";"1,47%";"2";"0,14%";"0,20%";"4";"ARENAS";"Rodrigo";"M";"LFI";"LNPP14";"LE NOUVEAU PARIS POPULAIRE 14e";"105";"7,33%";"10,49%";"";"2";"8";"PETIT";"Carine";"F";"LUG";"L14EAV";"Le 14è est à vous ! Avec Carine Petit et Emmanuel Grégoire. L'union de la Gauche et des Ecologistes";"482";"33,66%";"48,15%";"";"25";"9";"GATEL";"Maud";"F";"LUD";"CP14";"Changer Paris 14e avec Maud Gatel et Rachida Dati";"414";"28,91%";"41,36%";"";"6";"";"";"";"";"";"";"";"";"";"";"";""
"75";"Paris";"75056SR14";"Paris 14eme secteur";"1435";"1565";"1034";"66,07%";"531";"33,93%";"1004";"64,15%";"97,10%";"14";"0,89%";"1,35%";"16";"1,02%";"1,55%";"4";"ARENAS";"Rodrigo";"M";"LFI";"LNPP14";"LE NOUVEAU PARIS POPULAIRE 14e";"102";"6,52%";"10,16%";"";"2";"8";"PETIT";"Carine";"F";"LUG";"L14EAV";"Le 14è est à vous ! Avec Carine Petit et Emmanuel Grégoire. L'union de la Gauche et des Ecologistes";"496";"31,69%";"49,40%";"";"25";"9";"GATEL";"Maud";"F";"LUD";"CP14";"Changer Paris 14e avec Maud Gatel et Rachida Dati";"406";"25,94%";"40,44%";"";"6";"";"";"";"";"";"";"";"";"";"";"";""
"75";"Paris";"75056SR14";"Paris 14eme secteur";"1436";"1366";"799";"58,49%";"567";"41,51%";"770";"56,37%";"96,37%";"17";"1,24%";"2,13%";"12";"0,88%";"1,50%";"4";"ARENAS";"Rodrigo";"M";"LFI";"LNPP14";"LE NOUVEAU PARIS POPULAIRE 14e";"120";"8,78%";"15,58%";"";"2";"8";"PETIT";"Carine";"F";"LUG";"L14EAV";"Le 14è est à vous ! Avec Carine Petit et Emmanuel Grégoire. L'union de la Gauche et des Ecologistes";"350";"25,62%";"45,45%";"";"25";"9";"GATEL";"Maud";"F";"LUD";"CP14";"Changer Paris 14e avec Maud Gatel et Rachida Dati";"300";"21,96%";"38,96%";"";"6";"";"";"";"";"";"";"";"";"";"";"";""
"75";"Paris";"75056SR14";"Paris 14eme secteur";"1437";"1635";"1045";"63,91%";"590";"36,09%";"1024";"62,63%";"97,99%";"10";"0,61%";"0,96%";"11";"0,67%";"1,05%";"4";"ARENAS";"Rodrigo";"M";"LFI";"LNPP14";"LE NOUVEAU PARIS POPULAIRE 14e";"116";"7,09%";"11,33%";"";"2";"8";"PETIT";"Carine";"F";"LUG";"L14EAV";"Le 14è est à vous ! Avec Carine Petit et Emmanuel Grégoire. L'union de la Gauche et des Ecologistes";"513";"31,38%";"50,10%";"";"25";"9";"GATEL";"Maud";"F";"LUD";"CP14";"Changer Paris 14e avec Maud Gatel et Rachida Dati";"395";"24,16%";"38,57%";"";"6";"";"";"";"";"";"";"";"";"";"";"";""
"75";"Paris";"75056SR14";"Paris 14eme secteur";"1438";"1250";"815";"65,20%";"435";"34,80%";"798";"63,84%";"97,91%";"13";"1,04%";"1,60%";"4";"0,32%";"0,49%";"4";"ARENAS";"Rodrigo";"M";"LFI";"LNPP14";"LE NOUVEAU PARIS POPULAIRE 14e";"109";"8,72%";"13,66%";"";"2";"8";"PETIT";"Carine";"F";"LUG";"L14EAV";"Le 14è est à vous ! Avec Carine Petit et Emmanuel Grégoire. L'union de la Gauche et des Ecologistes";"396";"31,68%";"49,62%";"";"25";"9";"GATEL";"Maud";"F";"LUD";"CP14";"Changer Paris 14e avec Maud Gatel et Rachida Dati";"293";"23,44%";"36,72%";"";"6";"";"";"";"";"";"";"";"";"";"";"";""
"75";"Paris";"75056SR14";"Paris 14eme secteur";"1439";"1496";"928";"62,03%";"568";"37,97%";"905";"60,49%";"97,52%";"10";"0,67%";"1,08%";"13";"0,87%";"1,40%";"4";"ARENAS";"Rodrigo";"M";"LFI";"LNPP14";"LE NOUVEAU PARIS POPULAIRE 14e";"103";"6,89%";"11,38%";"";"2";"8";"PETIT";"Carine";"F";"LUG";"L14EAV";"Le 14è est à vous ! Avec Carine Petit et Emmanuel Grégoire. L'union de la Gauche et des Ecologistes";"458";"30,61%";"50,61%";"";"25";"9";"GATEL";"Maud";"F";"LUD";"CP14";"Changer Paris 14e avec Maud Gatel et Rachida Dati";"344";"22,99%";"38,01%";"";"6";"";"";"";"";"";"";"";"";"";"";"";""
"75";"Paris";"75056SR14";"Paris 14eme secteur";"1440";"1603";"1023";"63,82%";"580";"36,18%";"1005";"62,69%";"98,24%";"14";"0,87%";"1,37%";"4";"0,25%";"0,39%";"4";"ARENAS";"Rodrigo";"M";"LFI";"LNPP14";"LE NOUVEAU PARIS POPULAIRE 14e";"134";"8,36%";"13,33%";"";"2";"8";"PETIT";"Carine";"F";"LUG";"L14EAV";"Le 14è est à vous ! Avec Carine Petit et Emmanuel Grégoire. L'union de la Gauche et des Ecologistes";"540";"33,69%";"53,73%";"";"25";"9";"GATEL";"Maud";"F";"LUD";"CP14";"Changer Paris 14e avec Maud Gatel et Rachida Dati";"331";"20,65%";"32,94%";"";"6";"";"";"";"";"";"";"";"";"";"";"";""
"75";"Paris";"75056SR14";"Paris 14eme secteur";"1441";"2051";"1178";"57,44%";"873";"42,56%";"1167";"56,90%";"99,07%";"7";"0,34%";"0,59%";"4";"0,20%";"0,34%";"4";"ARENAS";"Rodrigo";"M";"LFI";"LNPP14";"LE NOUVEAU PARIS POPULAIRE 14e";"170";"8,29%";"14,57%";"";"2";"8";"PETIT";"Carine";"F";"LUG";"L14EAV";"Le 14è est à vous ! Avec Carine Petit et Emmanuel Grégoire. L'union de la Gauche et des Ecologistes";"591";"28,82%";"50,64%";"";"25";"9";"GATEL";"Maud";"F";"LUD";"CP14";"Changer Paris 14e avec Maud Gatel et Rachida Dati";"406";"19,80%";"34,79%";"";"6";"";"";"";"";"";"";"";"";"";"";"";""
"75";"Paris";"75056SR14";"Paris 14eme secteur";"1442";"1221";"752";"61,59%";"469";"38,41%";"741";"60,69%";"98,54%";"6";"0,49%";"0,80%";"5";"0,41%";"0,66%";"4";"ARENAS";"Rodrigo";"M";"LFI";"LNPP14";"LE NOUVEAU PARIS POPULAIRE 14e";"122";"9,99%";"16,46%";"";"2";"8";"PETIT";"Carine";"F";"LUG";"L14EAV";"Le 14è est à vous ! Avec Carine Petit et Emmanuel Grégoire. L'union de la Gauche et des Ecologistes";"372";"30,47%";"50,20%";"";"25";"9";"GATEL";"Maud";"F";"LUD";"CP14";"Changer Paris 14e avec Maud Gatel et Rachida Dati";"247";"20,23%";"33,33%";"";"6";"";"";"";"";"";"";"";"";"";"";"";""
"75";"Paris";"75056SR14";"Paris 14eme secteur";"1443";"1568";"1007";"64,22%";"561";"35,78%";"982";"62,63%";"97,52%";"10";"0,64%";"0,99%";"15";"0,96%";"1,49%";"4";"ARENAS";"Rodrigo";"M";"LFI";"LNPP14";"LE NOUVEAU PARIS POPULAIRE 14e";"127";"8,10%";"12,93%";"";"2";"8";"PETIT";"Carine";"F";"LUG";"L14EAV";"Le 14è est à vous ! Avec Carine Petit et Emmanuel Grégoire. L'union de la Gauche et des Ecologistes";"465";"29,66%";"47,35%";"";"25";"9";"GATEL";"Maud";"F";"LUD";"CP14";"Changer Paris 14e avec Maud Gatel et Rachida Dati";"390";"24,87%";"39,71%";"";"6";"";"";"";"";"";"";"";"";"";"";"";""
"75";"Paris";"75056SR14";"Paris 14eme secteur";"1444";"1368";"725";"53,00%";"643";"47,00%";"709";"51,83%";"97,79%";"13";"0,95%";"1,79%";"3";"0,22%";"0,41%";"4";"ARENAS";"Rodrigo";"M";"LFI";"LNPP14";"LE NOUVEAU PARIS POPULAIRE 14e";"159";"11,62%";"22,43%";"";"2";"8";"PETIT";"Carine";"F";"LUG";"L14EAV";"Le 14è est à vous ! Avec Carine Petit et Emmanuel Grégoire. L'union de la Gauche et des Ecologistes";"302";"22,08%";"42,60%";"";"25";"9";"GATEL";"Maud";"F";"LUD";"CP14";"Changer Paris 14e avec Maud Gatel et Rachida Dati";"248";"18,13%";"34,98%";"";"6";"";"";"";"";"";"";"";"";"";"";"";""
"75";"Paris";"75056SR14";"Paris 14eme secteur";"1445";"1241";"589";"47,46%";"652";"52,54%";"578";"46,58%";"98,13%";"7";"0,56%";"1,19%";"4";"0,32%";"0,68%";"4";"ARENAS";"Rodrigo";"M";"LFI";"LNPP14";"LE NOUVEAU PARIS POPULAIRE 14e";"125";"10,07%";"21,63%";"";"2";"8";"PETIT";"Carine";"F";"LUG";"L14EAV";"Le 14è est à vous ! Avec Carine Petit et Emmanuel Grégoire. L'union de la Gauche et des Ecologistes";"264";"21,27%";"45,67%";"";"25";"9";"GATEL";"Maud";"F";"LUD";"CP14";"Changer Paris 14e avec Maud Gatel et Rachida Dati";"189";"15,23%";"32,70%";"";"6";"";"";"";"";"";"";"";"";"";"";"";""
"75";"Paris";"75056SR14";"Paris 14eme secteur";"1446";"1455";"953";"65,50%";"502";"34,50%";"941";"64,67%";"98,74%";"9";"0,62%";"0,94%";"3";"0,21%";"0,31%";"4";"ARENAS";"Rodrigo";"M";"LFI";"LNPP14";"LE NOUVEAU PARIS POPULAIRE 14e";"113";"7,77%";"12,01%";"";"2";"8";"PETIT";"Carine";"F";"LUG";"L14EAV";"Le 14è est à vous ! Avec Carine Petit et Emmanuel Grégoire. L'union de la Gauche et des Ecologistes";"497";"34,16%";"52,82%";"";"25";"9";"GATEL";"Maud";"F";"LUD";"CP14";"Changer Paris 14e avec Maud Gatel et Rachida Dati";"331";"22,75%";"35,18%";"";"6";"";"";"";"";"";"";"";"";"";"";"";""
"75";"Paris";"75056SR14";"Paris 14eme secteur";"1447";"1436";"803";"55,92%";"633";"44,08%";"786";"54,74%";"97,88%";"9";"0,63%";"1,12%";"8";"0,56%";"1,00%";"4";"ARENAS";"Rodrigo";"M";"LFI";"LNPP14";"LE NOUVEAU PARIS POPULAIRE 14e";"150";"10,45%";"19,08%";"";"2";"8";"PETIT";"Carine";"F";"LUG";"L14EAV";"Le 14è est à vous ! Avec Carine Petit et Emmanuel Grégoire. L'union de la Gauche et des Ecologistes";"326";"22,70%";"41,48%";"";"25";"9";"GATEL";"Maud";"F";"LUD";"CP14";"Changer Paris 14e avec Maud Gatel et Rachida Dati";"310";"21,59%";"39,44%";"";"6";"";"";"";"";"";"";"";"";"";"";"";""
"75";"Paris";"75056SR14";"Paris 14eme secteur";"1448";"1556";"841";"54,05%";"715";"45,95%";"828";"53,21%";"98,45%";"9";"0,58%";"1,07%";"4";"0,26%";"0,48%";"4";"ARENAS";"Rodrigo";"M";"LFI";"LNPP14";"LE NOUVEAU PARIS POPULAIRE 14e";"144";"9,25%";"17,39%";"";"2";"8";"PETIT";"Carine";"F";"LUG";"L14EAV";"Le 14è est à vous ! Avec Carine Petit et Emmanuel Grégoire. L'union de la Gauche et des Ecologistes";"425";"27,31%";"51,33%";"";"25";"9";"GATEL";"Maud";"F";"LUD";"CP14";"Changer Paris 14e avec Maud Gatel et Rachida Dati";"259";"16,65%";"31,28%";"";"6";"";"";"";"";"";"";"";"";"";"";"";""
"75";"Paris";"75056SR14";"Paris 14eme secteur";"1449";"1753";"1107";"63,15%";"646";"36,85%";"1077";"61,44%";"97,29%";"17";"0,97%";"1,54%";"13";"0,74%";"1,17%";"4";"ARENAS";"Rodrigo";"M";"LFI";"LNPP14";"LE NOUVEAU PARIS POPULAIRE 14e";"162";"9,24%";"15,04%";"";"2";"8";"PETIT";"Carine";"F";"LUG";"L14EAV";"Le 14è est à vous ! Avec Carine Petit et Emmanuel Grégoire. L'union de la Gauche et des Ecologistes";"566";"32,29%";"52,55%";"";"25";"9";"GATEL";"Maud";"F";"LUD";"CP14";"Changer Paris 14e avec Maud Gatel et Rachida Dati";"349";"19,91%";"32,40%";"";"6";"";"";"";"";"";"";"";"";"";"";"";""
"75";"Paris";"75056SR14";"Paris 14eme secteur";"1450";"1593";"1048";"65,79%";"545";"34,21%";"1035";"64,97%";"98,76%";"7";"0,44%";"0,67%";"6";"0,38%";"0,57%";"4";"ARENAS";"Rodrigo";"M";"LFI";"LNPP14";"LE NOUVEAU PARIS POPULAIRE 14e";"130";"8,16%";"12,56%";"";"2";"8";"PETIT";"Carine";"F";"LUG";"L14EAV";"Le 14è est à vous ! Avec Carine Petit et Emmanuel Grégoire. L'union de la Gauche et des Ecologistes";"555";"34,84%";"53,62%";"";"25";"9";"GATEL";"Maud";"F";"LUD";"CP14";"Changer Paris 14e avec Maud Gatel et Rachida Dati";"350";"21,97%";"33,82%";"";"6";"";"";"";"";"";"";"";"";"";"";"";""
"75";"Paris";"75056SR14";"Paris 14eme secteur";"1451";"1433";"819";"57,15%";"614";"42,85%";"803";"56,04%";"98,05%";"11";"0,77%";"1,34%";"5";"0,35%";"0,61%";"4";"ARENAS";"Rodrigo";"M";"LFI";"LNPP14";"LE NOUVEAU PARIS POPULAIRE 14e";"141";"9,84%";"17,56%";"";"2";"8";"PETIT";"Carine";"F";"LUG";"L14EAV";"Le 14è est à vous ! Avec Carine Petit et Emmanuel Grégoire. L'union de la Gauche et des Ecologistes";"356";"24,84%";"44,33%";"";"25";"9";"GATEL";"Maud";"F";"LUD";"CP14";"Changer Paris 14e avec Maud Gatel et Rachida Dati";"306";"21,35%";"38,11%";"";"6";"";"";"";"";"";"";"";"";"";"";"";""
"75";"Paris";"75056SR14";"Paris 14eme secteur";"1452";"1536";"763";"49,67%";"773";"50,33%";"741";"48,24%";"97,12%";"11";"0,72%";"1,44%";"11";"0,72%";"1,44%";"4";"ARENAS";"Rodrigo";"M";"LFI";"LNPP14";"LE NOUVEAU PARIS POPULAIRE 14e";"147";"9,57%";"19,84%";"";"2";"8";"PETIT";"Carine";"F";"LUG";"L14EAV";"Le 14è est à vous ! Avec Carine Petit et Emmanuel Grégoire. L'union de la Gauche et des Ecologistes";"322";"20,96%";"43,45%";"";"25";"9";"GATEL";"Maud";"F";"LUD";"CP14";"Changer Paris 14e avec Maud Gatel et Rachida Dati";"272";"17,71%";"36,71%";"";"6";"";"";"";"";"";"";"";"";"";"";"";""
"75";"Paris";"75056SR14";"Paris 14eme secteur";"1453";"1496";"739";"49,40%";"757";"50,60%";"724";"48,40%";"97,97%";"10";"0,67%";"1,35%";"5";"0,33%";"0,68%";"4";"ARENAS";"Rodrigo";"M";"LFI";"LNPP14";"LE NOUVEAU PARIS POPULAIRE 14e";"140";"9,36%";"19,34%";"";"2";"8";"PETIT";"Carine";"F";"LUG";"L14EAV";"Le 14è est à vous ! Avec Carine Petit et Emmanuel Grégoire. L'union de la Gauche et des Ecologistes";"331";"22,13%";"45,72%";"";"25";"9";"GATEL";"Maud";"F";"LUD";"CP14";"Changer Paris 14e avec Maud Gatel et Rachida Dati";"253";"16,91%";"34,94%";"";"6";"";"";"";"";"";"";"";"";"";"";"";""
"75";"Paris";"75056SR14";"Paris 14eme secteur";"1454";"1554";"918";"59,07%";"636";"40,93%";"890";"57,27%";"96,95%";"20";"1,29%";"2,18%";"8";"0,51%";"0,87%";"4";"ARENAS";"Rodrigo";"M";"LFI";"LNPP14";"LE NOUVEAU PARIS POPULAIRE 14e";"131";"8,43%";"14,72%";"";"2";"8";"PETIT";"Carine";"F";"LUG";"L14EAV";"Le 14è est à vous ! Avec Carine Petit et Emmanuel Grégoire. L'union de la Gauche et des Ecologistes";"406";"26,13%";"45,62%";"";"25";"9";"GATEL";"Maud";"F";"LUD";"CP14";"Changer Paris 14e avec Maud Gatel et Rachida Dati";"353";"22,72%";"39,66%";"";"6";"";"";"";"";"";"";"";"";"";"";"";""
"75";"Paris";"75056SR14";"Paris 14eme secteur";"1455";"1846";"1025";"55,53%";"821";"44,47%";"1004";"54,39%";"97,95%";"12";"0,65%";"1,17%";"9";"0,49%";"0,88%";"4";"ARENAS";"Rodrigo";"M";"LFI";"LNPP14";"LE NOUVEAU PARIS POPULAIRE 14e";"159";"8,61%";"15,84%";"";"2";"8";"PETIT";"Carine";"F";"LUG";"L14EAV";"Le 14è est à vous ! Avec Carine Petit et Emmanuel Grégoire. L'union de la Gauche et des Ecologistes";"445";"24,11%";"44,32%";"";"25";"9";"GATEL";"Maud";"F";"LUD";"CP14";"Changer Paris 14e avec Maud Gatel et Rachida Dati";"400";"21,67%";"39,84%";"";"6";"";"";"";"";"";"";"";"";"";"";"";""
"75";"Paris";"75056SR14";"Paris 14eme secteur";"1456";"1477";"749";"50,71%";"728";"49,29%";"723";"48,95%";"96,53%";"16";"1,08%";"2,14%";"10";"0,68%";"1,34%";"4";"ARENAS";"Rodrigo";"M";"LFI";"LNPP14";"LE NOUVEAU PARIS POPULAIRE 14e";"125";"8,46%";"17,29%";"";"2";"8";"PETIT";"Carine";"F";"LUG";"L14EAV";"Le 14è est à vous ! Avec Carine Petit et Emmanuel Grégoire. L'union de la Gauche et des Ecologistes";"292";"19,77%";"40,39%";"";"25";"9";"GATEL";"Maud";"F";"LUD";"CP14";"Changer Paris 14e avec Maud Gatel et Rachida Dati";"306";"20,72%";"42,32%";"";"6";"";"";"";"";"";"";"";"";"";"";"";""
"75";"Paris";"75056SR14";"Paris 14eme secteur";"1457";"1498";"612";"40,85%";"886";"59,15%";"576";"38,45%";"94,12%";"18";"1,20%";"2,94%";"18";"1,20%";"2,94%";"4";"ARENAS";"Rodrigo";"M";"LFI";"LNPP14";"LE NOUVEAU PARIS POPULAIRE 14e";"157";"10,48%";"27,26%";"";"2";"8";"PETIT";"Carine";"F";"LUG";"L14EAV";"Le 14è est à vous ! Avec Carine Petit et Emmanuel Grégoire. L'union de la Gauche et des Ecologistes";"246";"16,42%";"42,71%";"";"25";"9";"GATEL";"Maud";"F";"LUD";"CP14";"Changer Paris 14e avec Maud Gatel et Rachida Dati";"173";"11,55%";"30,03%";"";"6";"";"";"";"";"";"";"";"";"";"";"";""
"75";"Paris";"75056SR14";"Paris 14eme secteur";"1458";"1394";"760";"54,52%";"634";"45,48%";"749";"53,73%";"98,55%";"5";"0,36%";"0,66%";"6";"0,43%";"0,79%";"4";"ARENAS";"Rodrigo";"M";"LFI";"LNPP14";"LE NOUVEAU PARIS POPULAIRE 14e";"109";"7,82%";"14,55%";"";"2";"8";"PETIT";"Carine";"F";"LUG";"L14EAV";"Le 14è est à vous ! Avec Carine Petit et Emmanuel Grégoire. L'union de la Gauche et des Ecologistes";"356";"25,54%";"47,53%";"";"25";"9";"GATEL";"Maud";"F";"LUD";"CP14";"Changer Paris 14e avec Maud Gatel et Rachida Dati";"284";"20,37%";"37,92%";"";"6";"";"";"";"";"";"";"";"";"";"";"";""
"75";"Paris";"75056SR15";"Paris 15eme secteur";"1501";"1221";"829";"67,90%";"392";"32,10%";"815";"66,75%";"98,31%";"6";"0,49%";"0,72%";"8";"0,66%";"0,97%";"1";"TORANIAN";"Anouch";"F";"LUG";"L15EAV";"LE 15e EST À VOUS ! AVEC ANOUCH TORANIAN ET EMMANUEL GRÉGOIRE - L'UNION DE LA GAUCHE ET DES ECOLOGISTES";"312";"25,55%";"38,28%";"";"10";"4";"GOUJON";"Philippe";"M";"LUD";"CP15";"Changer Paris avec Rachida Dati et Philippe Goujon pour le 15ème";"503";"41,20%";"61,72%";"";"45";"";"";"";"";"";"";"";"";"";"";"";"";"";"";"";"";"";"";"";"";"";"";"";""
"75";"Paris";"75056SR15";"Paris 15eme secteur";"1502";"1367";"922";"67,45%";"445";"32,55%";"905";"66,20%";"98,16%";"9";"0,66%";"0,98%";"8";"0,59%";"0,87%";"1";"TORANIAN";"Anouch";"F";"LUG";"L15EAV";"LE 15e EST À VOUS ! AVEC ANOUCH TORANIAN ET EMMANUEL GRÉGOIRE - L'UNION DE LA GAUCHE ET DES ECOLOGISTES";"314";"22,97%";"34,70%";"";"10";"4";"GOUJON";"Philippe";"M";"LUD";"CP15";"Changer Paris avec Rachida Dati et Philippe Goujon pour le 15ème";"591";"43,23%";"65,30%";"";"45";"";"";"";"";"";"";"";"";"";"";"";"";"";"";"";"";"";"";"";"";"";"";"";""
"75";"Paris";"75056SR15";"Paris 15eme secteur";"1503";"1342";"859";"64,01%";"483";"35,99%";"846";"63,04%";"98,49%";"9";"0,67%";"1,05%";"4";"0,30%";"0,47%";"1";"TORANIAN";"Anouch";"F";"LUG";"L15EAV";"LE 15e EST À VOUS ! AVEC ANOUCH TORANIAN ET EMMANUEL GRÉGOIRE - L'UNION DE LA GAUCHE ET DES ECOLOGISTES";"357";"26,60%";"42,20%";"";"10";"4";"GOUJON";"Philippe";"M";"LUD";"CP15";"Changer Paris avec Rachida Dati et Philippe Goujon pour le 15ème";"489";"36,44%";"57,80%";"";"45";"";"";"";"";"";"";"";"";"";"";"";"";"";"";"";"";"";"";"";"";"";"";"";""
"75";"Paris";"75056SR15";"Paris 15eme secteur";"1504";"1746";"1054";"60,37%";"692";"39,63%";"1026";"58,76%";"97,34%";"16";"0,92%";"1,52%";"12";"0,69%";"1,14%";"1";"TORANIAN";"Anouch";"F";"LUG";"L15EAV";"LE 15e EST À VOUS ! AVEC ANOUCH TORANIAN ET EMMANUEL GRÉGOIRE - L'UNION DE LA GAUCHE ET DES ECOLOGISTES";"358";"20,50%";"34,89%";"";"10";"4";"GOUJON";"Philippe";"M";"LUD";"CP15";"Changer Paris avec Rachida Dati et Philippe Goujon pour le 15ème";"668";"38,26%";"65,11%";"";"45";"";"";"";"";"";"";"";"";"";"";"";"";"";"";"";"";"";"";"";"";"";"";"";""
"75";"Paris";"75056SR15";"Paris 15eme secteur";"1505";"1753";"1054";"60,13%";"699";"39,87%";"1027";"58,59%";"97,44%";"21";"1,20%";"1,99%";"6";"0,34%";"0,57%";"1";"TORANIAN";"Anouch";"F";"LUG";"L15EAV";"LE 15e EST À VOUS ! AVEC ANOUCH TORANIAN ET EMMANUEL GRÉGOIRE - L'UNION DE LA GAUCHE ET DES ECOLOGISTES";"430";"24,53%";"41,87%";"";"10";"4";"GOUJON";"Philippe";"M";"LUD";"CP15";"Changer Paris avec Rachida Dati et Philippe Goujon pour le 15ème";"597";"34,06%";"58,13%";"";"45";"";"";"";"";"";"";"";"";"";"";"";"";"";"";"";"";"";"";"";"";"";"";"";""
"75";"Paris";"75056SR15";"Paris 15eme secteur";"1506";"1814";"1167";"64,33%";"647";"35,67%";"1144";"63,07%";"98,03%";"16";"0,88%";"1,37%";"7";"0,39%";"0,60%";"1";"TORANIAN";"Anouch";"F";"LUG";"L15EAV";"LE 15e EST À VOUS ! AVEC ANOUCH TORANIAN ET EMMANUEL GRÉGOIRE - L'UNION DE LA GAUCHE ET DES ECOLOGISTES";"450";"24,81%";"39,34%";"";"10";"4";"GOUJON";"Philippe";"M";"LUD";"CP15";"Changer Paris avec Rachida Dati et Philippe Goujon pour le 15ème";"694";"38,26%";"60,66%";"";"45";"";"";"";"";"";"";"";"";"";"";"";"";"";"";"";"";"";"";"";"";"";"";"";""
"75";"Paris";"75056SR15";"Paris 15eme secteur";"1507";"1653";"1045";"63,22%";"608";"36,78%";"1025";"62,01%";"98,09%";"13";"0,79%";"1,24%";"7";"0,42%";"0,67%";"1";"TORANIAN";"Anouch";"F";"LUG";"L15EAV";"LE 15e EST À VOUS ! AVEC ANOUCH TORANIAN ET EMMANUEL GRÉGOIRE - L'UNION DE LA GAUCHE ET DES ECOLOGISTES";"414";"25,05%";"40,39%";"";"10";"4";"GOUJON";"Philippe";"M";"LUD";"CP15";"Changer Paris avec Rachida Dati et Philippe Goujon pour le 15ème";"611";"36,96%";"59,61%";"";"45";"";"";"";"";"";"";"";"";"";"";"";"";"";"";"";"";"";"";"";"";"";"";"";""
"75";"Paris";"75056SR15";"Paris 15eme secteur";"1508";"1420";"998";"70,28%";"422";"29,72%";"969";"68,24%";"97,09%";"23";"1,62%";"2,30%";"6";"0,42%";"0,60%";"1";"TORANIAN";"Anouch";"F";"LUG";"L15EAV";"LE 15e EST À VOUS ! AVEC ANOUCH TORANIAN ET EMMANUEL GRÉGOIRE - L'UNION DE LA GAUCHE ET DES ECOLOGISTES";"392";"27,61%";"40,45%";"";"10";"4";"GOUJON";"Philippe";"M";"LUD";"CP15";"Changer Paris avec Rachida Dati et Philippe Goujon pour le 15ème";"577";"40,63%";"59,55%";"";"45";"";"";"";"";"";"";"";"";"";"";"";"";"";"";"";"";"";"";"";"";"";"";"";""
"75";"Paris";"75056SR15";"Paris 15eme secteur";"1509";"1607";"1081";"67,27%";"526";"32,73%";"1061";"66,02%";"98,15%";"10";"0,62%";"0,93%";"10";"0,62%";"0,93%";"1";"TORANIAN";"Anouch";"F";"LUG";"L15EAV";"LE 15e EST À VOUS ! AVEC ANOUCH TORANIAN ET EMMANUEL GRÉGOIRE - L'UNION DE LA GAUCHE ET DES ECOLOGISTES";"365";"22,71%";"34,40%";"";"10";"4";"GOUJON";"Philippe";"M";"LUD";"CP15";"Changer Paris avec Rachida Dati et Philippe Goujon pour le 15ème";"696";"43,31%";"65,60%";"";"45";"";"";"";"";"";"";"";"";"";"";"";"";"";"";"";"";"";"";"";"";"";"";"";""
"75";"Paris";"75056SR15";"Paris 15eme secteur";"1510";"1644";"951";"57,85%";"693";"42,15%";"919";"55,90%";"96,64%";"20";"1,22%";"2,10%";"12";"0,73%";"1,26%";"1";"TORANIAN";"Anouch";"F";"LUG";"L15EAV";"LE 15e EST À VOUS ! AVEC ANOUCH TORANIAN ET EMMANUEL GRÉGOIRE - L'UNION DE LA GAUCHE ET DES ECOLOGISTES";"314";"19,10%";"34,17%";"";"10";"4";"GOUJON";"Philippe";"M";"LUD";"CP15";"Changer Paris avec Rachida Dati et Philippe Goujon pour le 15ème";"605";"36,80%";"65,83%";"";"45";"";"";"";"";"";"";"";"";"";"";"";"";"";"";"";"";"";"";"";"";"";"";"";""
"75";"Paris";"75056SR15";"Paris 15eme secteur";"1511";"1615";"1019";"63,10%";"596";"36,90%";"1002";"62,04%";"98,33%";"12";"0,74%";"1,18%";"5";"0,31%";"0,49%";"1";"TORANIAN";"Anouch";"F";"LUG";"L15EAV";"LE 15e EST À VOUS ! AVEC ANOUCH TORANIAN ET EMMANUEL GRÉGOIRE - L'UNION DE LA GAUCHE ET DES ECOLOGISTES";"342";"21,18%";"34,13%";"";"10";"4";"GOUJON";"Philippe";"M";"LUD";"CP15";"Changer Paris avec Rachida Dati et Philippe Goujon pour le 15ème";"660";"40,87%";"65,87%";"";"45";"";"";"";"";"";"";"";"";"";"";"";"";"";"";"";"";"";"";"";"";"";"";"";""
"75";"Paris";"75056SR15";"Paris 15eme secteur";"1512";"1751";"1188";"67,85%";"563";"32,15%";"1167";"66,65%";"98,23%";"20";"1,14%";"1,68%";"1";"0,06%";"0,08%";"1";"TORANIAN";"Anouch";"F";"LUG";"L15EAV";"LE 15e EST À VOUS ! AVEC ANOUCH TORANIAN ET EMMANUEL GRÉGOIRE - L'UNION DE LA GAUCHE ET DES ECOLOGISTES";"428";"24,44%";"36,68%";"";"10";"4";"GOUJON";"Philippe";"M";"LUD";"CP15";"Changer Paris avec Rachida Dati et Philippe Goujon pour le 15ème";"739";"42,20%";"63,32%";"";"45";"";"";"";"";"";"";"";"";"";"";"";"";"";"";"";"";"";"";"";"";"";"";"";""
"75";"Paris";"75056SR15";"Paris 15eme secteur";"1513";"1698";"1111";"65,43%";"587";"34,57%";"1094";"64,43%";"98,47%";"15";"0,88%";"1,35%";"2";"0,12%";"0,18%";"1";"TORANIAN";"Anouch";"F";"LUG";"L15EAV";"LE 15e EST À VOUS ! AVEC ANOUCH TORANIAN ET EMMANUEL GRÉGOIRE - L'UNION DE LA GAUCHE ET DES ECOLOGISTES";"434";"25,56%";"39,67%";"";"10";"4";"GOUJON";"Philippe";"M";"LUD";"CP15";"Changer Paris avec Rachida Dati et Philippe Goujon pour le 15ème";"660";"38,87%";"60,33%";"";"45";"";"";"";"";"";"";"";"";"";"";"";"";"";"";"";"";"";"";"";"";"";"";"";""
"75";"Paris";"75056SR15";"Paris 15eme secteur";"1514";"1783";"1067";"59,84%";"716";"40,16%";"1048";"58,78%";"98,22%";"13";"0,73%";"1,22%";"6";"0,34%";"0,56%";"1";"TORANIAN";"Anouch";"F";"LUG";"L15EAV";"LE 15e EST À VOUS ! AVEC ANOUCH TORANIAN ET EMMANUEL GRÉGOIRE - L'UNION DE LA GAUCHE ET DES ECOLOGISTES";"342";"19,18%";"32,63%";"";"10";"4";"GOUJON";"Philippe";"M";"LUD";"CP15";"Changer Paris avec Rachida Dati et Philippe Goujon pour le 15ème";"706";"39,60%";"67,37%";"";"45";"";"";"";"";"";"";"";"";"";"";"";"";"";"";"";"";"";"";"";"";"";"";"";""
"75";"Paris";"75056SR15";"Paris 15eme secteur";"1515";"1546";"991";"64,10%";"555";"35,90%";"959";"62,03%";"96,77%";"23";"1,49%";"2,32%";"9";"0,58%";"0,91%";"1";"TORANIAN";"Anouch";"F";"LUG";"L15EAV";"LE 15e EST À VOUS ! AVEC ANOUCH TORANIAN ET EMMANUEL GRÉGOIRE - L'UNION DE LA GAUCHE ET DES ECOLOGISTES";"257";"16,62%";"26,80%";"";"10";"4";"GOUJON";"Philippe";"M";"LUD";"CP15";"Changer Paris avec Rachida Dati et Philippe Goujon pour le 15ème";"702";"45,41%";"73,20%";"";"45";"";"";"";"";"";"";"";"";"";"";"";"";"";"";"";"";"";"";"";"";"";"";"";""
"75";"Paris";"75056SR15";"Paris 15eme secteur";"1516";"1779";"1203";"67,62%";"576";"32,38%";"1173";"65,94%";"97,51%";"20";"1,12%";"1,66%";"10";"0,56%";"0,83%";"1";"TORANIAN";"Anouch";"F";"LUG";"L15EAV";"LE 15e EST À VOUS ! AVEC ANOUCH TORANIAN ET EMMANUEL GRÉGOIRE - L'UNION DE LA GAUCHE ET DES ECOLOGISTES";"350";"19,67%";"29,84%";"";"10";"4";"GOUJON";"Philippe";"M";"LUD";"CP15";"Changer Paris avec Rachida Dati et Philippe Goujon pour le 15ème";"823";"46,26%";"70,16%";"";"45";"";"";"";"";"";"";"";"";"";"";"";"";"";"";"";"";"";"";"";"";"";"";"";""
"75";"Paris";"75056SR15";"Paris 15eme secteur";"1517";"1589";"951";"59,85%";"638";"40,15%";"940";"59,16%";"98,84%";"8";"0,50%";"0,84%";"3";"0,19%";"0,32%";"1";"TORANIAN";"Anouch";"F";"LUG";"L15EAV";"LE 15e EST À VOUS ! AVEC ANOUCH TORANIAN ET EMMANUEL GRÉGOIRE - L'UNION DE LA GAUCHE ET DES ECOLOGISTES";"262";"16,49%";"27,87%";"";"10";"4";"GOUJON";"Philippe";"M";"LUD";"CP15";"Changer Paris avec Rachida Dati et Philippe Goujon pour le 15ème";"678";"42,67%";"72,13%";"";"45";"";"";"";"";"";"";"";"";"";"";"";"";"";"";"";"";"";"";"";"";"";"";"";""
"75";"Paris";"75056SR15";"Paris 15eme secteur";"1518";"1435";"957";"66,69%";"478";"33,31%";"933";"65,02%";"97,49%";"10";"0,70%";"1,04%";"14";"0,98%";"1,46%";"1";"TORANIAN";"Anouch";"F";"LUG";"L15EAV";"LE 15e EST À VOUS ! AVEC ANOUCH TORANIAN ET EMMANUEL GRÉGOIRE - L'UNION DE LA GAUCHE ET DES ECOLOGISTES";"269";"18,75%";"28,83%";"";"10";"4";"GOUJON";"Philippe";"M";"LUD";"CP15";"Changer Paris avec Rachida Dati et Philippe Goujon pour le 15ème";"664";"46,27%";"71,17%";"";"45";"";"";"";"";"";"";"";"";"";"";"";"";"";"";"";"";"";"";"";"";"";"";"";""
"75";"Paris";"75056SR15";"Paris 15eme secteur";"1519";"1265";"857";"67,75%";"408";"32,25%";"843";"66,64%";"98,37%";"12";"0,95%";"1,40%";"2";"0,16%";"0,23%";"1";"TORANIAN";"Anouch";"F";"LUG";"L15EAV";"LE 15e EST À VOUS ! AVEC ANOUCH TORANIAN ET EMMANUEL GRÉGOIRE - L'UNION DE LA GAUCHE ET DES ECOLOGISTES";"249";"19,68%";"29,54%";"";"10";"4";"GOUJON";"Philippe";"M";"LUD";"CP15";"Changer Paris avec Rachida Dati et Philippe Goujon pour le 15ème";"594";"46,96%";"70,46%";"";"45";"";"";"";"";"";"";"";"";"";"";"";"";"";"";"";"";"";"";"";"";"";"";"";""
"75";"Paris";"75056SR15";"Paris 15eme secteur";"1520";"1422";"940";"66,10%";"482";"33,90%";"928";"65,26%";"98,72%";"9";"0,63%";"0,96%";"3";"0,21%";"0,32%";"1";"TORANIAN";"Anouch";"F";"LUG";"L15EAV";"LE 15e EST À VOUS ! AVEC ANOUCH TORANIAN ET EMMANUEL GRÉGOIRE - L'UNION DE LA GAUCHE ET DES ECOLOGISTES";"252";"17,72%";"27,16%";"";"10";"4";"GOUJON";"Philippe";"M";"LUD";"CP15";"Changer Paris avec Rachida Dati et Philippe Goujon pour le 15ème";"676";"47,54%";"72,84%";"";"45";"";"";"";"";"";"";"";"";"";"";"";"";"";"";"";"";"";"";"";"";"";"";"";""
"75";"Paris";"75056SR15";"Paris 15eme secteur";"1521";"1565";"1081";"69,07%";"484";"30,93%";"1054";"67,35%";"97,50%";"19";"1,21%";"1,76%";"8";"0,51%";"0,74%";"1";"TORANIAN";"Anouch";"F";"LUG";"L15EAV";"LE 15e EST À VOUS ! AVEC ANOUCH TORANIAN ET EMMANUEL GRÉGOIRE - L'UNION DE LA GAUCHE ET DES ECOLOGISTES";"276";"17,64%";"26,19%";"";"10";"4";"GOUJON";"Philippe";"M";"LUD";"CP15";"Changer Paris avec Rachida Dati et Philippe Goujon pour le 15ème";"778";"49,71%";"73,81%";"";"45";"";"";"";"";"";"";"";"";"";"";"";"";"";"";"";"";"";"";"";"";"";"";"";""
"75";"Paris";"75056SR15";"Paris 15eme secteur";"1522";"1465";"998";"68,12%";"467";"31,88%";"981";"66,96%";"98,30%";"15";"1,02%";"1,50%";"2";"0,14%";"0,20%";"1";"TORANIAN";"Anouch";"F";"LUG";"L15EAV";"LE 15e EST À VOUS ! AVEC ANOUCH TORANIAN ET EMMANUEL GRÉGOIRE - L'UNION DE LA GAUCHE ET DES ECOLOGISTES";"322";"21,98%";"32,82%";"";"10";"4";"GOUJON";"Philippe";"M";"LUD";"CP15";"Changer Paris avec Rachida Dati et Philippe Goujon pour le 15ème";"659";"44,98%";"67,18%";"";"45";"";"";"";"";"";"";"";"";"";"";"";"";"";"";"";"";"";"";"";"";"";"";"";""
"75";"Paris";"75056SR15";"Paris 15eme secteur";"1523";"1517";"1060";"69,87%";"457";"30,13%";"1036";"68,29%";"97,74%";"10";"0,66%";"0,94%";"14";"0,92%";"1,32%";"1";"TORANIAN";"Anouch";"F";"LUG";"L15EAV";"LE 15e EST À VOUS ! AVEC ANOUCH TORANIAN ET EMMANUEL GRÉGOIRE - L'UNION DE LA GAUCHE ET DES ECOLOGISTES";"314";"20,70%";"30,31%";"";"10";"4";"GOUJON";"Philippe";"M";"LUD";"CP15";"Changer Paris avec Rachida Dati et Philippe Goujon pour le 15ème";"722";"47,59%";"69,69%";"";"45";"";"";"";"";"";"";"";"";"";"";"";"";"";"";"";"";"";"";"";"";"";"";"";""
"75";"Paris";"75056SR15";"Paris 15eme secteur";"1524";"1666";"1139";"68,37%";"527";"31,63%";"1119";"67,17%";"98,24%";"14";"0,84%";"1,23%";"6";"0,36%";"0,53%";"1";"TORANIAN";"Anouch";"F";"LUG";"L15EAV";"LE 15e EST À VOUS ! AVEC ANOUCH TORANIAN ET EMMANUEL GRÉGOIRE - L'UNION DE LA GAUCHE ET DES ECOLOGISTES";"284";"17,05%";"25,38%";"";"10";"4";"GOUJON";"Philippe";"M";"LUD";"CP15";"Changer Paris avec Rachida Dati et Philippe Goujon pour le 15ème";"835";"50,12%";"74,62%";"";"45";"";"";"";"";"";"";"";"";"";"";"";"";"";"";"";"";"";"";"";"";"";"";"";""
"75";"Paris";"75056SR15";"Paris 15eme secteur";"1525";"1633";"1076";"65,89%";"557";"34,11%";"1057";"64,73%";"98,23%";"17";"1,04%";"1,58%";"2";"0,12%";"0,19%";"1";"TORANIAN";"Anouch";"F";"LUG";"L15EAV";"LE 15e EST À VOUS ! AVEC ANOUCH TORANIAN ET EMMANUEL GRÉGOIRE - L'UNION DE LA GAUCHE ET DES ECOLOGISTES";"387";"23,70%";"36,61%";"";"10";"4";"GOUJON";"Philippe";"M";"LUD";"CP15";"Changer Paris avec Rachida Dati et Philippe Goujon pour le 15ème";"670";"41,03%";"63,39%";"";"45";"";"";"";"";"";"";"";"";"";"";"";"";"";"";"";"";"";"";"";"";"";"";"";""
"75";"Paris";"75056SR15";"Paris 15eme secteur";"1526";"1638";"1000";"61,05%";"638";"38,95%";"977";"59,65%";"97,70%";"17";"1,04%";"1,70%";"6";"0,37%";"0,60%";"1";"TORANIAN";"Anouch";"F";"LUG";"L15EAV";"LE 15e EST À VOUS ! AVEC ANOUCH TORANIAN ET EMMANUEL GRÉGOIRE - L'UNION DE LA GAUCHE ET DES ECOLOGISTES";"405";"24,73%";"41,45%";"";"10";"4";"GOUJON";"Philippe";"M";"LUD";"CP15";"Changer Paris avec Rachida Dati et Philippe Goujon pour le 15ème";"572";"34,92%";"58,55%";"";"45";"";"";"";"";"";"";"";"";"";"";"";"";"";"";"";"";"";"";"";"";"";"";"";""
"75";"Paris";"75056SR15";"Paris 15eme secteur";"1527";"1488";"884";"59,41%";"604";"40,59%";"844";"56,72%";"95,48%";"25";"1,68%";"2,83%";"15";"1,01%";"1,70%";"1";"TORANIAN";"Anouch";"F";"LUG";"L15EAV";"LE 15e EST À VOUS ! AVEC ANOUCH TORANIAN ET EMMANUEL GRÉGOIRE - L'UNION DE LA GAUCHE ET DES ECOLOGISTES";"344";"23,12%";"40,76%";"";"10";"4";"GOUJON";"Philippe";"M";"LUD";"CP15";"Changer Paris avec Rachida Dati et Philippe Goujon pour le 15ème";"500";"33,60%";"59,24%";"";"45";"";"";"";"";"";"";"";"";"";"";"";"";"";"";"";"";"";"";"";"";"";"";"";""
"75";"Paris";"75056SR15";"Paris 15eme secteur";"1528";"1491";"1013";"67,94%";"478";"32,06%";"993";"66,60%";"98,03%";"18";"1,21%";"1,78%";"2";"0,13%";"0,20%";"1";"TORANIAN";"Anouch";"F";"LUG";"L15EAV";"LE 15e EST À VOUS ! AVEC ANOUCH TORANIAN ET EMMANUEL GRÉGOIRE - L'UNION DE LA GAUCHE ET DES ECOLOGISTES";"360";"24,14%";"36,25%";"";"10";"4";"GOUJON";"Philippe";"M";"LUD";"CP15";"Changer Paris avec Rachida Dati et Philippe Goujon pour le 15ème";"633";"42,45%";"63,75%";"";"45";"";"";"";"";"";"";"";"";"";"";"";"";"";"";"";"";"";"";"";"";"";"";"";""
"75";"Paris";"75056SR15";"Paris 15eme secteur";"1529";"1593";"1104";"69,30%";"489";"30,70%";"1079";"67,73%";"97,74%";"19";"1,19%";"1,72%";"6";"0,38%";"0,54%";"1";"TORANIAN";"Anouch";"F";"LUG";"L15EAV";"LE 15e EST À VOUS ! AVEC ANOUCH TORANIAN ET EMMANUEL GRÉGOIRE - L'UNION DE LA GAUCHE ET DES ECOLOGISTES";"425";"26,68%";"39,39%";"";"10";"4";"GOUJON";"Philippe";"M";"LUD";"CP15";"Changer Paris avec Rachida Dati et Philippe Goujon pour le 15ème";"654";"41,05%";"60,61%";"";"45";"";"";"";"";"";"";"";"";"";"";"";"";"";"";"";"";"";"";"";"";"";"";"";""
"75";"Paris";"75056SR15";"Paris 15eme secteur";"1530";"1534";"1089";"70,99%";"445";"29,01%";"1072";"69,88%";"98,44%";"9";"0,59%";"0,83%";"8";"0,52%";"0,73%";"1";"TORANIAN";"Anouch";"F";"LUG";"L15EAV";"LE 15e EST À VOUS ! AVEC ANOUCH TORANIAN ET EMMANUEL GRÉGOIRE - L'UNION DE LA GAUCHE ET DES ECOLOGISTES";"399";"26,01%";"37,22%";"";"10";"4";"GOUJON";"Philippe";"M";"LUD";"CP15";"Changer Paris avec Rachida Dati et Philippe Goujon pour le 15ème";"673";"43,87%";"62,78%";"";"45";"";"";"";"";"";"";"";"";"";"";"";"";"";"";"";"";"";"";"";"";"";"";"";""
"75";"Paris";"75056SR15";"Paris 15eme secteur";"1531";"1579";"1065";"67,45%";"514";"32,55%";"1049";"66,43%";"98,50%";"10";"0,63%";"0,94%";"6";"0,38%";"0,56%";"1";"TORANIAN";"Anouch";"F";"LUG";"L15EAV";"LE 15e EST À VOUS ! AVEC ANOUCH TORANIAN ET EMMANUEL GRÉGOIRE - L'UNION DE LA GAUCHE ET DES ECOLOGISTES";"350";"22,17%";"33,37%";"";"10";"4";"GOUJON";"Philippe";"M";"LUD";"CP15";"Changer Paris avec Rachida Dati et Philippe Goujon pour le 15ème";"699";"44,27%";"66,63%";"";"45";"";"";"";"";"";"";"";"";"";"";"";"";"";"";"";"";"";"";"";"";"";"";"";""
"75";"Paris";"75056SR15";"Paris 15eme secteur";"1532";"1575";"1153";"73,21%";"422";"26,79%";"1130";"71,75%";"98,01%";"15";"0,95%";"1,30%";"8";"0,51%";"0,69%";"1";"TORANIAN";"Anouch";"F";"LUG";"L15EAV";"LE 15e EST À VOUS ! AVEC ANOUCH TORANIAN ET EMMANUEL GRÉGOIRE - L'UNION DE LA GAUCHE ET DES ECOLOGISTES";"415";"26,35%";"36,73%";"";"10";"4";"GOUJON";"Philippe";"M";"LUD";"CP15";"Changer Paris avec Rachida Dati et Philippe Goujon pour le 15ème";"715";"45,40%";"63,27%";"";"45";"";"";"";"";"";"";"";"";"";"";"";"";"";"";"";"";"";"";"";"";"";"";"";""
"75";"Paris";"75056SR15";"Paris 15eme secteur";"1533";"1575";"1054";"66,92%";"521";"33,08%";"1040";"66,03%";"98,67%";"10";"0,63%";"0,95%";"4";"0,25%";"0,38%";"1";"TORANIAN";"Anouch";"F";"LUG";"L15EAV";"LE 15e EST À VOUS ! AVEC ANOUCH TORANIAN ET EMMANUEL GRÉGOIRE - L'UNION DE LA GAUCHE ET DES ECOLOGISTES";"381";"24,19%";"36,63%";"";"10";"4";"GOUJON";"Philippe";"M";"LUD";"CP15";"Changer Paris avec Rachida Dati et Philippe Goujon pour le 15ème";"659";"41,84%";"63,37%";"";"45";"";"";"";"";"";"";"";"";"";"";"";"";"";"";"";"";"";"";"";"";"";"";"";""
"75";"Paris";"75056SR15";"Paris 15eme secteur";"1534";"1648";"1089";"66,08%";"559";"33,92%";"1067";"64,75%";"97,98%";"14";"0,85%";"1,29%";"8";"0,49%";"0,73%";"1";"TORANIAN";"Anouch";"F";"LUG";"L15EAV";"LE 15e EST À VOUS ! AVEC ANOUCH TORANIAN ET EMMANUEL GRÉGOIRE - L'UNION DE LA GAUCHE ET DES ECOLOGISTES";"433";"26,27%";"40,58%";"";"10";"4";"GOUJON";"Philippe";"M";"LUD";"CP15";"Changer Paris avec Rachida Dati et Philippe Goujon pour le 15ème";"634";"38,47%";"59,42%";"";"45";"";"";"";"";"";"";"";"";"";"";"";"";"";"";"";"";"";"";"";"";"";"";"";""
"75";"Paris";"75056SR15";"Paris 15eme secteur";"1535";"1699";"1028";"60,51%";"671";"39,49%";"1001";"58,92%";"97,37%";"20";"1,18%";"1,95%";"7";"0,41%";"0,68%";"1";"TORANIAN";"Anouch";"F";"LUG";"L15EAV";"LE 15e EST À VOUS ! AVEC ANOUCH TORANIAN ET EMMANUEL GRÉGOIRE - L'UNION DE LA GAUCHE ET DES ECOLOGISTES";"449";"26,43%";"44,86%";"";"10";"4";"GOUJON";"Philippe";"M";"LUD";"CP15";"Changer Paris avec Rachida Dati et Philippe Goujon pour le 15ème";"552";"32,49%";"55,14%";"";"45";"";"";"";"";"";"";"";"";"";"";"";"";"";"";"";"";"";"";"";"";"";"";"";""
"75";"Paris";"75056SR15";"Paris 15eme secteur";"1536";"1658";"1109";"66,89%";"549";"33,11%";"1089";"65,68%";"98,20%";"12";"0,72%";"1,08%";"8";"0,48%";"0,72%";"1";"TORANIAN";"Anouch";"F";"LUG";"L15EAV";"LE 15e EST À VOUS ! AVEC ANOUCH TORANIAN ET EMMANUEL GRÉGOIRE - L'UNION DE LA GAUCHE ET DES ECOLOGISTES";"433";"26,12%";"39,76%";"";"10";"4";"GOUJON";"Philippe";"M";"LUD";"CP15";"Changer Paris avec Rachida Dati et Philippe Goujon pour le 15ème";"656";"39,57%";"60,24%";"";"45";"";"";"";"";"";"";"";"";"";"";"";"";"";"";"";"";"";"";"";"";"";"";"";""
"75";"Paris";"75056SR15";"Paris 15eme secteur";"1537";"1570";"1064";"67,77%";"506";"32,23%";"1032";"65,73%";"96,99%";"23";"1,46%";"2,16%";"9";"0,57%";"0,85%";"1";"TORANIAN";"Anouch";"F";"LUG";"L15EAV";"LE 15e EST À VOUS ! AVEC ANOUCH TORANIAN ET EMMANUEL GRÉGOIRE - L'UNION DE LA GAUCHE ET DES ECOLOGISTES";"416";"26,50%";"40,31%";"";"10";"4";"GOUJON";"Philippe";"M";"LUD";"CP15";"Changer Paris avec Rachida Dati et Philippe Goujon pour le 15ème";"616";"39,24%";"59,69%";"";"45";"";"";"";"";"";"";"";"";"";"";"";"";"";"";"";"";"";"";"";"";"";"";"";""
"75";"Paris";"75056SR15";"Paris 15eme secteur";"1538";"1638";"943";"57,57%";"695";"42,43%";"913";"55,74%";"96,82%";"21";"1,28%";"2,23%";"9";"0,55%";"0,95%";"1";"TORANIAN";"Anouch";"F";"LUG";"L15EAV";"LE 15e EST À VOUS ! AVEC ANOUCH TORANIAN ET EMMANUEL GRÉGOIRE - L'UNION DE LA GAUCHE ET DES ECOLOGISTES";"415";"25,34%";"45,45%";"";"10";"4";"GOUJON";"Philippe";"M";"LUD";"CP15";"Changer Paris avec Rachida Dati et Philippe Goujon pour le 15ème";"498";"30,40%";"54,55%";"";"45";"";"";"";"";"";"";"";"";"";"";"";"";"";"";"";"";"";"";"";"";"";"";"";""
"75";"Paris";"75056SR15";"Paris 15eme secteur";"1539";"1529";"771";"50,43%";"758";"49,57%";"745";"48,72%";"96,63%";"14";"0,92%";"1,82%";"12";"0,78%";"1,56%";"1";"TORANIAN";"Anouch";"F";"LUG";"L15EAV";"LE 15e EST À VOUS ! AVEC ANOUCH TORANIAN ET EMMANUEL GRÉGOIRE - L'UNION DE LA GAUCHE ET DES ECOLOGISTES";"358";"23,41%";"48,05%";"";"10";"4";"GOUJON";"Philippe";"M";"LUD";"CP15";"Changer Paris avec Rachida Dati et Philippe Goujon pour le 15ème";"387";"25,31%";"51,95%";"";"45";"";"";"";"";"";"";"";"";"";"";"";"";"";"";"";"";"";"";"";"";"";"";"";""
"75";"Paris";"75056SR15";"Paris 15eme secteur";"1540";"1535";"885";"57,65%";"650";"42,35%";"863";"56,22%";"97,51%";"14";"0,91%";"1,58%";"8";"0,52%";"0,90%";"1";"TORANIAN";"Anouch";"F";"LUG";"L15EAV";"LE 15e EST À VOUS ! AVEC ANOUCH TORANIAN ET EMMANUEL GRÉGOIRE - L'UNION DE LA GAUCHE ET DES ECOLOGISTES";"360";"23,45%";"41,71%";"";"10";"4";"GOUJON";"Philippe";"M";"LUD";"CP15";"Changer Paris avec Rachida Dati et Philippe Goujon pour le 15ème";"503";"32,77%";"58,29%";"";"45";"";"";"";"";"";"";"";"";"";"";"";"";"";"";"";"";"";"";"";"";"";"";"";""
"75";"Paris";"75056SR15";"Paris 15eme secteur";"1541";"1600";"1044";"65,25%";"556";"34,75%";"1027";"64,19%";"98,37%";"9";"0,56%";"0,86%";"8";"0,50%";"0,77%";"1";"TORANIAN";"Anouch";"F";"LUG";"L15EAV";"LE 15e EST À VOUS ! AVEC ANOUCH TORANIAN ET EMMANUEL GRÉGOIRE - L'UNION DE LA GAUCHE ET DES ECOLOGISTES";"473";"29,56%";"46,06%";"";"10";"4";"GOUJON";"Philippe";"M";"LUD";"CP15";"Changer Paris avec Rachida Dati et Philippe Goujon pour le 15ème";"554";"34,63%";"53,94%";"";"45";"";"";"";"";"";"";"";"";"";"";"";"";"";"";"";"";"";"";"";"";"";"";"";""
"75";"Paris";"75056SR15";"Paris 15eme secteur";"1542";"1066";"657";"61,63%";"409";"38,37%";"648";"60,79%";"98,63%";"6";"0,56%";"0,91%";"3";"0,28%";"0,46%";"1";"TORANIAN";"Anouch";"F";"LUG";"L15EAV";"LE 15e EST À VOUS ! AVEC ANOUCH TORANIAN ET EMMANUEL GRÉGOIRE - L'UNION DE LA GAUCHE ET DES ECOLOGISTES";"238";"22,33%";"36,73%";"";"10";"4";"GOUJON";"Philippe";"M";"LUD";"CP15";"Changer Paris avec Rachida Dati et Philippe Goujon pour le 15ème";"410";"38,46%";"63,27%";"";"45";"";"";"";"";"";"";"";"";"";"";"";"";"";"";"";"";"";"";"";"";"";"";"";""
"75";"Paris";"75056SR15";"Paris 15eme secteur";"1543";"1439";"968";"67,27%";"471";"32,73%";"938";"65,18%";"96,90%";"19";"1,32%";"1,96%";"11";"0,76%";"1,14%";"1";"TORANIAN";"Anouch";"F";"LUG";"L15EAV";"LE 15e EST À VOUS ! AVEC ANOUCH TORANIAN ET EMMANUEL GRÉGOIRE - L'UNION DE LA GAUCHE ET DES ECOLOGISTES";"360";"25,02%";"38,38%";"";"10";"4";"GOUJON";"Philippe";"M";"LUD";"CP15";"Changer Paris avec Rachida Dati et Philippe Goujon pour le 15ème";"578";"40,17%";"61,62%";"";"45";"";"";"";"";"";"";"";"";"";"";"";"";"";"";"";"";"";"";"";"";"";"";"";""
"75";"Paris";"75056SR15";"Paris 15eme secteur";"1544";"1676";"979";"58,41%";"697";"41,59%";"946";"56,44%";"96,63%";"20";"1,19%";"2,04%";"13";"0,78%";"1,33%";"1";"TORANIAN";"Anouch";"F";"LUG";"L15EAV";"LE 15e EST À VOUS ! AVEC ANOUCH TORANIAN ET EMMANUEL GRÉGOIRE - L'UNION DE LA GAUCHE ET DES ECOLOGISTES";"445";"26,55%";"47,04%";"";"10";"4";"GOUJON";"Philippe";"M";"LUD";"CP15";"Changer Paris avec Rachida Dati et Philippe Goujon pour le 15ème";"501";"29,89%";"52,96%";"";"45";"";"";"";"";"";"";"";"";"";"";"";"";"";"";"";"";"";"";"";"";"";"";"";""
"75";"Paris";"75056SR15";"Paris 15eme secteur";"1545";"1712";"1034";"60,40%";"678";"39,60%";"1012";"59,11%";"97,87%";"12";"0,70%";"1,16%";"10";"0,58%";"0,97%";"1";"TORANIAN";"Anouch";"F";"LUG";"L15EAV";"LE 15e EST À VOUS ! AVEC ANOUCH TORANIAN ET EMMANUEL GRÉGOIRE - L'UNION DE LA GAUCHE ET DES ECOLOGISTES";"514";"30,02%";"50,79%";"";"10";"4";"GOUJON";"Philippe";"M";"LUD";"CP15";"Changer Paris avec Rachida Dati et Philippe Goujon pour le 15ème";"498";"29,09%";"49,21%";"";"45";"";"";"";"";"";"";"";"";"";"";"";"";"";"";"";"";"";"";"";"";"";"";"";""
"75";"Paris";"75056SR15";"Paris 15eme secteur";"1546";"1444";"971";"67,24%";"473";"32,76%";"945";"65,44%";"97,32%";"17";"1,18%";"1,75%";"9";"0,62%";"0,93%";"1";"TORANIAN";"Anouch";"F";"LUG";"L15EAV";"LE 15e EST À VOUS ! AVEC ANOUCH TORANIAN ET EMMANUEL GRÉGOIRE - L'UNION DE LA GAUCHE ET DES ECOLOGISTES";"381";"26,39%";"40,32%";"";"10";"4";"GOUJON";"Philippe";"M";"LUD";"CP15";"Changer Paris avec Rachida Dati et Philippe Goujon pour le 15ème";"564";"39,06%";"59,68%";"";"45";"";"";"";"";"";"";"";"";"";"";"";"";"";"";"";"";"";"";"";"";"";"";"";""
"75";"Paris";"75056SR15";"Paris 15eme secteur";"1547";"1683";"1020";"60,61%";"663";"39,39%";"996";"59,18%";"97,65%";"14";"0,83%";"1,37%";"10";"0,59%";"0,98%";"1";"TORANIAN";"Anouch";"F";"LUG";"L15EAV";"LE 15e EST À VOUS ! AVEC ANOUCH TORANIAN ET EMMANUEL GRÉGOIRE - L'UNION DE LA GAUCHE ET DES ECOLOGISTES";"485";"28,82%";"48,69%";"";"10";"4";"GOUJON";"Philippe";"M";"LUD";"CP15";"Changer Paris avec Rachida Dati et Philippe Goujon pour le 15ème";"511";"30,36%";"51,31%";"";"45";"";"";"";"";"";"";"";"";"";"";"";"";"";"";"";"";"";"";"";"";"";"";"";""
"75";"Paris";"75056SR15";"Paris 15eme secteur";"1548";"1605";"779";"48,54%";"826";"51,46%";"738";"45,98%";"94,74%";"31";"1,93%";"3,98%";"10";"0,62%";"1,28%";"1";"TORANIAN";"Anouch";"F";"LUG";"L15EAV";"LE 15e EST À VOUS ! AVEC ANOUCH TORANIAN ET EMMANUEL GRÉGOIRE - L'UNION DE LA GAUCHE ET DES ECOLOGISTES";"328";"20,44%";"44,44%";"";"10";"4";"GOUJON";"Philippe";"M";"LUD";"CP15";"Changer Paris avec Rachida Dati et Philippe Goujon pour le 15ème";"410";"25,55%";"55,56%";"";"45";"";"";"";"";"";"";"";"";"";"";"";"";"";"";"";"";"";"";"";"";"";"";"";""
"75";"Paris";"75056SR15";"Paris 15eme secteur";"1549";"1708";"817";"47,83%";"891";"52,17%";"795";"46,55%";"97,31%";"16";"0,94%";"1,96%";"6";"0,35%";"0,73%";"1";"TORANIAN";"Anouch";"F";"LUG";"L15EAV";"LE 15e EST À VOUS ! AVEC ANOUCH TORANIAN ET EMMANUEL GRÉGOIRE - L'UNION DE LA GAUCHE ET DES ECOLOGISTES";"356";"20,84%";"44,78%";"";"10";"4";"GOUJON";"Philippe";"M";"LUD";"CP15";"Changer Paris avec Rachida Dati et Philippe Goujon pour le 15ème";"439";"25,70%";"55,22%";"";"45";"";"";"";"";"";"";"";"";"";"";"";"";"";"";"";"";"";"";"";"";"";"";"";""
"75";"Paris";"75056SR15";"Paris 15eme secteur";"1550";"1527";"842";"55,14%";"685";"44,86%";"825";"54,03%";"97,98%";"9";"0,59%";"1,07%";"8";"0,52%";"0,95%";"1";"TORANIAN";"Anouch";"F";"LUG";"L15EAV";"LE 15e EST À VOUS ! AVEC ANOUCH TORANIAN ET EMMANUEL GRÉGOIRE - L'UNION DE LA GAUCHE ET DES ECOLOGISTES";"393";"25,74%";"47,64%";"";"10";"4";"GOUJON";"Philippe";"M";"LUD";"CP15";"Changer Paris avec Rachida Dati et Philippe Goujon pour le 15ème";"432";"28,29%";"52,36%";"";"45";"";"";"";"";"";"";"";"";"";"";"";"";"";"";"";"";"";"";"";"";"";"";"";""
"75";"Paris";"75056SR15";"Paris 15eme secteur";"1551";"1756";"1107";"63,04%";"649";"36,96%";"1074";"61,16%";"97,02%";"27";"1,54%";"2,44%";"6";"0,34%";"0,54%";"1";"TORANIAN";"Anouch";"F";"LUG";"L15EAV";"LE 15e EST À VOUS ! AVEC ANOUCH TORANIAN ET EMMANUEL GRÉGOIRE - L'UNION DE LA GAUCHE ET DES ECOLOGISTES";"494";"28,13%";"46,00%";"";"10";"4";"GOUJON";"Philippe";"M";"LUD";"CP15";"Changer Paris avec Rachida Dati et Philippe Goujon pour le 15ème";"580";"33,03%";"54,00%";"";"45";"";"";"";"";"";"";"";"";"";"";"";"";"";"";"";"";"";"";"";"";"";"";"";""
"75";"Paris";"75056SR15";"Paris 15eme secteur";"1552";"1581";"791";"50,03%";"790";"49,97%";"764";"48,32%";"96,59%";"17";"1,08%";"2,15%";"10";"0,63%";"1,26%";"1";"TORANIAN";"Anouch";"F";"LUG";"L15EAV";"LE 15e EST À VOUS ! AVEC ANOUCH TORANIAN ET EMMANUEL GRÉGOIRE - L'UNION DE LA GAUCHE ET DES ECOLOGISTES";"337";"21,32%";"44,11%";"";"10";"4";"GOUJON";"Philippe";"M";"LUD";"CP15";"Changer Paris avec Rachida Dati et Philippe Goujon pour le 15ème";"427";"27,01%";"55,89%";"";"45";"";"";"";"";"";"";"";"";"";"";"";"";"";"";"";"";"";"";"";"";"";"";"";""
"75";"Paris";"75056SR15";"Paris 15eme secteur";"1553";"1568";"912";"58,16%";"656";"41,84%";"890";"56,76%";"97,59%";"16";"1,02%";"1,75%";"6";"0,38%";"0,66%";"1";"TORANIAN";"Anouch";"F";"LUG";"L15EAV";"LE 15e EST À VOUS ! AVEC ANOUCH TORANIAN ET EMMANUEL GRÉGOIRE - L'UNION DE LA GAUCHE ET DES ECOLOGISTES";"451";"28,76%";"50,67%";"";"10";"4";"GOUJON";"Philippe";"M";"LUD";"CP15";"Changer Paris avec Rachida Dati et Philippe Goujon pour le 15ème";"439";"28,00%";"49,33%";"";"45";"";"";"";"";"";"";"";"";"";"";"";"";"";"";"";"";"";"";"";"";"";"";"";""
"75";"Paris";"75056SR15";"Paris 15eme secteur";"1554";"1573";"967";"61,47%";"606";"38,53%";"947";"60,20%";"97,93%";"14";"0,89%";"1,45%";"6";"0,38%";"0,62%";"1";"TORANIAN";"Anouch";"F";"LUG";"L15EAV";"LE 15e EST À VOUS ! AVEC ANOUCH TORANIAN ET EMMANUEL GRÉGOIRE - L'UNION DE LA GAUCHE ET DES ECOLOGISTES";"420";"26,70%";"44,35%";"";"10";"4";"GOUJON";"Philippe";"M";"LUD";"CP15";"Changer Paris avec Rachida Dati et Philippe Goujon pour le 15ème";"527";"33,50%";"55,65%";"";"45";"";"";"";"";"";"";"";"";"";"";"";"";"";"";"";"";"";"";"";"";"";"";"";""
"75";"Paris";"75056SR15";"Paris 15eme secteur";"1555";"1594";"991";"62,17%";"603";"37,83%";"972";"60,98%";"98,08%";"15";"0,94%";"1,51%";"4";"0,25%";"0,40%";"1";"TORANIAN";"Anouch";"F";"LUG";"L15EAV";"LE 15e EST À VOUS ! AVEC ANOUCH TORANIAN ET EMMANUEL GRÉGOIRE - L'UNION DE LA GAUCHE ET DES ECOLOGISTES";"421";"26,41%";"43,31%";"";"10";"4";"GOUJON";"Philippe";"M";"LUD";"CP15";"Changer Paris avec Rachida Dati et Philippe Goujon pour le 15ème";"551";"34,57%";"56,69%";"";"45";"";"";"";"";"";"";"";"";"";"";"";"";"";"";"";"";"";"";"";"";"";"";"";""
"75";"Paris";"75056SR15";"Paris 15eme secteur";"1556";"1876";"1155";"61,57%";"721";"38,43%";"1121";"59,75%";"97,06%";"27";"1,44%";"2,34%";"7";"0,37%";"0,61%";"1";"TORANIAN";"Anouch";"F";"LUG";"L15EAV";"LE 15e EST À VOUS ! AVEC ANOUCH TORANIAN ET EMMANUEL GRÉGOIRE - L'UNION DE LA GAUCHE ET DES ECOLOGISTES";"488";"26,01%";"43,53%";"";"10";"4";"GOUJON";"Philippe";"M";"LUD";"CP15";"Changer Paris avec Rachida Dati et Philippe Goujon pour le 15ème";"633";"33,74%";"56,47%";"";"45";"";"";"";"";"";"";"";"";"";"";"";"";"";"";"";"";"";"";"";"";"";"";"";""
"75";"Paris";"75056SR15";"Paris 15eme secteur";"1557";"1571";"1018";"64,80%";"553";"35,20%";"1000";"63,65%";"98,23%";"16";"1,02%";"1,57%";"2";"0,13%";"0,20%";"1";"TORANIAN";"Anouch";"F";"LUG";"L15EAV";"LE 15e EST À VOUS ! AVEC ANOUCH TORANIAN ET EMMANUEL GRÉGOIRE - L'UNION DE LA GAUCHE ET DES ECOLOGISTES";"393";"25,02%";"39,30%";"";"10";"4";"GOUJON";"Philippe";"M";"LUD";"CP15";"Changer Paris avec Rachida Dati et Philippe Goujon pour le 15ème";"607";"38,64%";"60,70%";"";"45";"";"";"";"";"";"";"";"";"";"";"";"";"";"";"";"";"";"";"";"";"";"";"";""
"75";"Paris";"75056SR15";"Paris 15eme secteur";"1558";"1589";"1008";"63,44%";"581";"36,56%";"991";"62,37%";"98,31%";"14";"0,88%";"1,39%";"3";"0,19%";"0,30%";"1";"TORANIAN";"Anouch";"F";"LUG";"L15EAV";"LE 15e EST À VOUS ! AVEC ANOUCH TORANIAN ET EMMANUEL GRÉGOIRE - L'UNION DE LA GAUCHE ET DES ECOLOGISTES";"459";"28,89%";"46,32%";"";"10";"4";"GOUJON";"Philippe";"M";"LUD";"CP15";"Changer Paris avec Rachida Dati et Philippe Goujon pour le 15ème";"532";"33,48%";"53,68%";"";"45";"";"";"";"";"";"";"";"";"";"";"";"";"";"";"";"";"";"";"";"";"";"";"";""
"75";"Paris";"75056SR15";"Paris 15eme secteur";"1559";"1436";"896";"62,40%";"540";"37,60%";"867";"60,38%";"96,76%";"21";"1,46%";"2,34%";"8";"0,56%";"0,89%";"1";"TORANIAN";"Anouch";"F";"LUG";"L15EAV";"LE 15e EST À VOUS ! AVEC ANOUCH TORANIAN ET EMMANUEL GRÉGOIRE - L'UNION DE LA GAUCHE ET DES ECOLOGISTES";"327";"22,77%";"37,72%";"";"10";"4";"GOUJON";"Philippe";"M";"LUD";"CP15";"Changer Paris avec Rachida Dati et Philippe Goujon pour le 15ème";"540";"37,60%";"62,28%";"";"45";"";"";"";"";"";"";"";"";"";"";"";"";"";"";"";"";"";"";"";"";"";"";"";""
"75";"Paris";"75056SR15";"Paris 15eme secteur";"1560";"1665";"1110";"66,67%";"555";"33,33%";"1085";"65,17%";"97,75%";"16";"0,96%";"1,44%";"9";"0,54%";"0,81%";"1";"TORANIAN";"Anouch";"F";"LUG";"L15EAV";"LE 15e EST À VOUS ! AVEC ANOUCH TORANIAN ET EMMANUEL GRÉGOIRE - L'UNION DE LA GAUCHE ET DES ECOLOGISTES";"400";"24,02%";"36,87%";"";"10";"4";"GOUJON";"Philippe";"M";"LUD";"CP15";"Changer Paris avec Rachida Dati et Philippe Goujon pour le 15ème";"685";"41,14%";"63,13%";"";"45";"";"";"";"";"";"";"";"";"";"";"";"";"";"";"";"";"";"";"";"";"";"";"";""
"75";"Paris";"75056SR15";"Paris 15eme secteur";"1561";"1491";"984";"66,00%";"507";"34,00%";"971";"65,12%";"98,68%";"10";"0,67%";"1,02%";"3";"0,20%";"0,30%";"1";"TORANIAN";"Anouch";"F";"LUG";"L15EAV";"LE 15e EST À VOUS ! AVEC ANOUCH TORANIAN ET EMMANUEL GRÉGOIRE - L'UNION DE LA GAUCHE ET DES ECOLOGISTES";"428";"28,71%";"44,08%";"";"10";"4";"GOUJON";"Philippe";"M";"LUD";"CP15";"Changer Paris avec Rachida Dati et Philippe Goujon pour le 15ème";"543";"36,42%";"55,92%";"";"45";"";"";"";"";"";"";"";"";"";"";"";"";"";"";"";"";"";"";"";"";"";"";"";""
"75";"Paris";"75056SR15";"Paris 15eme secteur";"1562";"1599";"1078";"67,42%";"521";"32,58%";"1059";"66,23%";"98,24%";"14";"0,88%";"1,30%";"5";"0,31%";"0,46%";"1";"TORANIAN";"Anouch";"F";"LUG";"L15EAV";"LE 15e EST À VOUS ! AVEC ANOUCH TORANIAN ET EMMANUEL GRÉGOIRE - L'UNION DE LA GAUCHE ET DES ECOLOGISTES";"435";"27,20%";"41,08%";"";"10";"4";"GOUJON";"Philippe";"M";"LUD";"CP15";"Changer Paris avec Rachida Dati et Philippe Goujon pour le 15ème";"624";"39,02%";"58,92%";"";"45";"";"";"";"";"";"";"";"";"";"";"";"";"";"";"";"";"";"";"";"";"";"";"";""
"75";"Paris";"75056SR15";"Paris 15eme secteur";"1563";"1439";"990";"68,80%";"449";"31,20%";"971";"67,48%";"98,08%";"13";"0,90%";"1,31%";"6";"0,42%";"0,61%";"1";"TORANIAN";"Anouch";"F";"LUG";"L15EAV";"LE 15e EST À VOUS ! AVEC ANOUCH TORANIAN ET EMMANUEL GRÉGOIRE - L'UNION DE LA GAUCHE ET DES ECOLOGISTES";"355";"24,67%";"36,56%";"";"10";"4";"GOUJON";"Philippe";"M";"LUD";"CP15";"Changer Paris avec Rachida Dati et Philippe Goujon pour le 15ème";"616";"42,81%";"63,44%";"";"45";"";"";"";"";"";"";"";"";"";"";"";"";"";"";"";"";"";"";"";"";"";"";"";""
"75";"Paris";"75056SR15";"Paris 15eme secteur";"1564";"1431";"955";"66,74%";"476";"33,26%";"940";"65,69%";"98,43%";"8";"0,56%";"0,84%";"7";"0,49%";"0,73%";"1";"TORANIAN";"Anouch";"F";"LUG";"L15EAV";"LE 15e EST À VOUS ! AVEC ANOUCH TORANIAN ET EMMANUEL GRÉGOIRE - L'UNION DE LA GAUCHE ET DES ECOLOGISTES";"334";"23,34%";"35,53%";"";"10";"4";"GOUJON";"Philippe";"M";"LUD";"CP15";"Changer Paris avec Rachida Dati et Philippe Goujon pour le 15ème";"606";"42,35%";"64,47%";"";"45";"";"";"";"";"";"";"";"";"";"";"";"";"";"";"";"";"";"";"";"";"";"";"";""
"75";"Paris";"75056SR15";"Paris 15eme secteur";"1565";"1404";"942";"67,09%";"462";"32,91%";"915";"65,17%";"97,13%";"22";"1,57%";"2,34%";"5";"0,36%";"0,53%";"1";"TORANIAN";"Anouch";"F";"LUG";"L15EAV";"LE 15e EST À VOUS ! AVEC ANOUCH TORANIAN ET EMMANUEL GRÉGOIRE - L'UNION DE LA GAUCHE ET DES ECOLOGISTES";"315";"22,44%";"34,43%";"";"10";"4";"GOUJON";"Philippe";"M";"LUD";"CP15";"Changer Paris avec Rachida Dati et Philippe Goujon pour le 15ème";"600";"42,74%";"65,57%";"";"45";"";"";"";"";"";"";"";"";"";"";"";"";"";"";"";"";"";"";"";"";"";"";"";""
"75";"Paris";"75056SR15";"Paris 15eme secteur";"1566";"1629";"1012";"62,12%";"617";"37,88%";"989";"60,71%";"97,73%";"17";"1,04%";"1,68%";"6";"0,37%";"0,59%";"1";"TORANIAN";"Anouch";"F";"LUG";"L15EAV";"LE 15e EST À VOUS ! AVEC ANOUCH TORANIAN ET EMMANUEL GRÉGOIRE - L'UNION DE LA GAUCHE ET DES ECOLOGISTES";"346";"21,24%";"34,98%";"";"10";"4";"GOUJON";"Philippe";"M";"LUD";"CP15";"Changer Paris avec Rachida Dati et Philippe Goujon pour le 15ème";"643";"39,47%";"65,02%";"";"45";"";"";"";"";"";"";"";"";"";"";"";"";"";"";"";"";"";"";"";"";"";"";"";""
"75";"Paris";"75056SR15";"Paris 15eme secteur";"1567";"1684";"1006";"59,74%";"678";"40,26%";"989";"58,73%";"98,31%";"13";"0,77%";"1,29%";"4";"0,24%";"0,40%";"1";"TORANIAN";"Anouch";"F";"LUG";"L15EAV";"LE 15e EST À VOUS ! AVEC ANOUCH TORANIAN ET EMMANUEL GRÉGOIRE - L'UNION DE LA GAUCHE ET DES ECOLOGISTES";"419";"24,88%";"42,37%";"";"10";"4";"GOUJON";"Philippe";"M";"LUD";"CP15";"Changer Paris avec Rachida Dati et Philippe Goujon pour le 15ème";"570";"33,85%";"57,63%";"";"45";"";"";"";"";"";"";"";"";"";"";"";"";"";"";"";"";"";"";"";"";"";"";"";""
"75";"Paris";"75056SR15";"Paris 15eme secteur";"1568";"1758";"1118";"63,59%";"640";"36,41%";"1099";"62,51%";"98,30%";"11";"0,63%";"0,98%";"8";"0,46%";"0,72%";"1";"TORANIAN";"Anouch";"F";"LUG";"L15EAV";"LE 15e EST À VOUS ! AVEC ANOUCH TORANIAN ET EMMANUEL GRÉGOIRE - L'UNION DE LA GAUCHE ET DES ECOLOGISTES";"469";"26,68%";"42,68%";"";"10";"4";"GOUJON";"Philippe";"M";"LUD";"CP15";"Changer Paris avec Rachida Dati et Philippe Goujon pour le 15ème";"630";"35,84%";"57,32%";"";"45";"";"";"";"";"";"";"";"";"";"";"";"";"";"";"";"";"";"";"";"";"";"";"";""
"75";"Paris";"75056SR15";"Paris 15eme secteur";"1569";"1921";"1033";"53,77%";"888";"46,23%";"1011";"52,63%";"97,87%";"8";"0,42%";"0,77%";"14";"0,73%";"1,36%";"1";"TORANIAN";"Anouch";"F";"LUG";"L15EAV";"LE 15e EST À VOUS ! AVEC ANOUCH TORANIAN ET EMMANUEL GRÉGOIRE - L'UNION DE LA GAUCHE ET DES ECOLOGISTES";"464";"24,15%";"45,90%";"";"10";"4";"GOUJON";"Philippe";"M";"LUD";"CP15";"Changer Paris avec Rachida Dati et Philippe Goujon pour le 15ème";"547";"28,47%";"54,10%";"";"45";"";"";"";"";"";"";"";"";"";"";"";"";"";"";"";"";"";"";"";"";"";"";"";""
"75";"Paris";"75056SR15";"Paris 15eme secteur";"1570";"1627";"1054";"64,78%";"573";"35,22%";"1035";"63,61%";"98,20%";"10";"0,61%";"0,95%";"9";"0,55%";"0,85%";"1";"TORANIAN";"Anouch";"F";"LUG";"L15EAV";"LE 15e EST À VOUS ! AVEC ANOUCH TORANIAN ET EMMANUEL GRÉGOIRE - L'UNION DE LA GAUCHE ET DES ECOLOGISTES";"433";"26,61%";"41,84%";"";"10";"4";"GOUJON";"Philippe";"M";"LUD";"CP15";"Changer Paris avec Rachida Dati et Philippe Goujon pour le 15ème";"602";"37,00%";"58,16%";"";"45";"";"";"";"";"";"";"";"";"";"";"";"";"";"";"";"";"";"";"";"";"";"";"";""
"75";"Paris";"75056SR15";"Paris 15eme secteur";"1571";"1756";"1065";"60,65%";"691";"39,35%";"1032";"58,77%";"96,90%";"21";"1,20%";"1,97%";"12";"0,68%";"1,13%";"1";"TORANIAN";"Anouch";"F";"LUG";"L15EAV";"LE 15e EST À VOUS ! AVEC ANOUCH TORANIAN ET EMMANUEL GRÉGOIRE - L'UNION DE LA GAUCHE ET DES ECOLOGISTES";"411";"23,41%";"39,83%";"";"10";"4";"GOUJON";"Philippe";"M";"LUD";"CP15";"Changer Paris avec Rachida Dati et Philippe Goujon pour le 15ème";"621";"35,36%";"60,17%";"";"45";"";"";"";"";"";"";"";"";"";"";"";"";"";"";"";"";"";"";"";"";"";"";"";""
"75";"Paris";"75056SR15";"Paris 15eme secteur";"1572";"1528";"883";"57,79%";"645";"42,21%";"859";"56,22%";"97,28%";"12";"0,79%";"1,36%";"12";"0,79%";"1,36%";"1";"TORANIAN";"Anouch";"F";"LUG";"L15EAV";"LE 15e EST À VOUS ! AVEC ANOUCH TORANIAN ET EMMANUEL GRÉGOIRE - L'UNION DE LA GAUCHE ET DES ECOLOGISTES";"333";"21,79%";"38,77%";"";"10";"4";"GOUJON";"Philippe";"M";"LUD";"CP15";"Changer Paris avec Rachida Dati et Philippe Goujon pour le 15ème";"526";"34,42%";"61,23%";"";"45";"";"";"";"";"";"";"";"";"";"";"";"";"";"";"";"";"";"";"";"";"";"";"";""
"75";"Paris";"75056SR15";"Paris 15eme secteur";"1573";"1398";"868";"62,09%";"530";"37,91%";"852";"60,94%";"98,16%";"15";"1,07%";"1,73%";"1";"0,07%";"0,12%";"1";"TORANIAN";"Anouch";"F";"LUG";"L15EAV";"LE 15e EST À VOUS ! AVEC ANOUCH TORANIAN ET EMMANUEL GRÉGOIRE - L'UNION DE LA GAUCHE ET DES ECOLOGISTES";"323";"23,10%";"37,91%";"";"10";"4";"GOUJON";"Philippe";"M";"LUD";"CP15";"Changer Paris avec Rachida Dati et Philippe Goujon pour le 15ème";"529";"37,84%";"62,09%";"";"45";"";"";"";"";"";"";"";"";"";"";"";"";"";"";"";"";"";"";"";"";"";"";"";""
"75";"Paris";"75056SR15";"Paris 15eme secteur";"1574";"1644";"1010";"61,44%";"634";"38,56%";"987";"60,04%";"97,72%";"11";"0,67%";"1,09%";"12";"0,73%";"1,19%";"1";"TORANIAN";"Anouch";"F";"LUG";"L15EAV";"LE 15e EST À VOUS ! AVEC ANOUCH TORANIAN ET EMMANUEL GRÉGOIRE - L'UNION DE LA GAUCHE ET DES ECOLOGISTES";"358";"21,78%";"36,27%";"";"10";"4";"GOUJON";"Philippe";"M";"LUD";"CP15";"Changer Paris avec Rachida Dati et Philippe Goujon pour le 15ème";"629";"38,26%";"63,73%";"";"45";"";"";"";"";"";"";"";"";"";"";"";"";"";"";"";"";"";"";"";"";"";"";"";""
"75";"Paris";"75056SR15";"Paris 15eme secteur";"1575";"1479";"937";"63,35%";"542";"36,65%";"910";"61,53%";"97,12%";"19";"1,28%";"2,03%";"8";"0,54%";"0,85%";"1";"TORANIAN";"Anouch";"F";"LUG";"L15EAV";"LE 15e EST À VOUS ! AVEC ANOUCH TORANIAN ET EMMANUEL GRÉGOIRE - L'UNION DE LA GAUCHE ET DES ECOLOGISTES";"323";"21,84%";"35,49%";"";"10";"4";"GOUJON";"Philippe";"M";"LUD";"CP15";"Changer Paris avec Rachida Dati et Philippe Goujon pour le 15ème";"587";"39,69%";"64,51%";"";"45";"";"";"";"";"";"";"";"";"";"";"";"";"";"";"";"";"";"";"";"";"";"";"";""
"75";"Paris";"75056SR15";"Paris 15eme secteur";"1576";"1264";"551";"43,59%";"713";"56,41%";"523";"41,38%";"94,92%";"18";"1,42%";"3,27%";"10";"0,79%";"1,81%";"1";"TORANIAN";"Anouch";"F";"LUG";"L15EAV";"LE 15e EST À VOUS ! AVEC ANOUCH TORANIAN ET EMMANUEL GRÉGOIRE - L'UNION DE LA GAUCHE ET DES ECOLOGISTES";"280";"22,15%";"53,54%";"";"10";"4";"GOUJON";"Philippe";"M";"LUD";"CP15";"Changer Paris avec Rachida Dati et Philippe Goujon pour le 15ème";"243";"19,22%";"46,46%";"";"45";"";"";"";"";"";"";"";"";"";"";"";"";"";"";"";"";"";"";"";"";"";"";"";""
"75";"Paris";"75056SR15";"Paris 15eme secteur";"1577";"1518";"929";"61,20%";"589";"38,80%";"902";"59,42%";"97,09%";"22";"1,45%";"2,37%";"5";"0,33%";"0,54%";"1";"TORANIAN";"Anouch";"F";"LUG";"L15EAV";"LE 15e EST À VOUS ! AVEC ANOUCH TORANIAN ET EMMANUEL GRÉGOIRE - L'UNION DE LA GAUCHE ET DES ECOLOGISTES";"402";"26,48%";"44,57%";"";"10";"4";"GOUJON";"Philippe";"M";"LUD";"CP15";"Changer Paris avec Rachida Dati et Philippe Goujon pour le 15ème";"500";"32,94%";"55,43%";"";"45";"";"";"";"";"";"";"";"";"";"";"";"";"";"";"";"";"";"";"";"";"";"";"";""
"75";"Paris";"75056SR15";"Paris 15eme secteur";"1578";"1091";"618";"56,65%";"473";"43,35%";"590";"54,08%";"95,47%";"20";"1,83%";"3,24%";"8";"0,73%";"1,29%";"1";"TORANIAN";"Anouch";"F";"LUG";"L15EAV";"LE 15e EST À VOUS ! AVEC ANOUCH TORANIAN ET EMMANUEL GRÉGOIRE - L'UNION DE LA GAUCHE ET DES ECOLOGISTES";"256";"23,46%";"43,39%";"";"10";"4";"GOUJON";"Philippe";"M";"LUD";"CP15";"Changer Paris avec Rachida Dati et Philippe Goujon pour le 15ème";"334";"30,61%";"56,61%";"";"45";"";"";"";"";"";"";"";"";"";"";"";"";"";"";"";"";"";"";"";"";"";"";"";""
"75";"Paris";"75056SR15";"Paris 15eme secteur";"1579";"1330";"813";"61,13%";"517";"38,87%";"792";"59,55%";"97,42%";"15";"1,13%";"1,85%";"6";"0,45%";"0,74%";"1";"TORANIAN";"Anouch";"F";"LUG";"L15EAV";"LE 15e EST À VOUS ! AVEC ANOUCH TORANIAN ET EMMANUEL GRÉGOIRE - L'UNION DE LA GAUCHE ET DES ECOLOGISTES";"300";"22,56%";"37,88%";"";"10";"4";"GOUJON";"Philippe";"M";"LUD";"CP15";"Changer Paris avec Rachida Dati et Philippe Goujon pour le 15ème";"492";"36,99%";"62,12%";"";"45";"";"";"";"";"";"";"";"";"";"";"";"";"";"";"";"";"";"";"";"";"";"";"";""
"75";"Paris";"75056SR15";"Paris 15eme secteur";"1580";"1605";"931";"58,01%";"674";"41,99%";"909";"56,64%";"97,64%";"15";"0,93%";"1,61%";"7";"0,44%";"0,75%";"1";"TORANIAN";"Anouch";"F";"LUG";"L15EAV";"LE 15e EST À VOUS ! AVEC ANOUCH TORANIAN ET EMMANUEL GRÉGOIRE - L'UNION DE LA GAUCHE ET DES ECOLOGISTES";"392";"24,42%";"43,12%";"";"10";"4";"GOUJON";"Philippe";"M";"LUD";"CP15";"Changer Paris avec Rachida Dati et Philippe Goujon pour le 15ème";"517";"32,21%";"56,88%";"";"45";"";"";"";"";"";"";"";"";"";"";"";"";"";"";"";"";"";"";"";"";"";"";"";""
"75";"Paris";"75056SR15";"Paris 15eme secteur";"1581";"1519";"961";"63,27%";"558";"36,73%";"951";"62,61%";"98,96%";"6";"0,39%";"0,62%";"4";"0,26%";"0,42%";"1";"TORANIAN";"Anouch";"F";"LUG";"L15EAV";"LE 15e EST À VOUS ! AVEC ANOUCH TORANIAN ET EMMANUEL GRÉGOIRE - L'UNION DE LA GAUCHE ET DES ECOLOGISTES";"385";"25,35%";"40,48%";"";"10";"4";"GOUJON";"Philippe";"M";"LUD";"CP15";"Changer Paris avec Rachida Dati et Philippe Goujon pour le 15ème";"566";"37,26%";"59,52%";"";"45";"";"";"";"";"";"";"";"";"";"";"";"";"";"";"";"";"";"";"";"";"";"";"";""
"75";"Paris";"75056SR15";"Paris 15eme secteur";"1582";"1462";"843";"57,66%";"619";"42,34%";"815";"55,75%";"96,68%";"17";"1,16%";"2,02%";"11";"0,75%";"1,30%";"1";"TORANIAN";"Anouch";"F";"LUG";"L15EAV";"LE 15e EST À VOUS ! AVEC ANOUCH TORANIAN ET EMMANUEL GRÉGOIRE - L'UNION DE LA GAUCHE ET DES ECOLOGISTES";"337";"23,05%";"41,35%";"";"10";"4";"GOUJON";"Philippe";"M";"LUD";"CP15";"Changer Paris avec Rachida Dati et Philippe Goujon pour le 15ème";"478";"32,69%";"58,65%";"";"45";"";"";"";"";"";"";"";"";"";"";"";"";"";"";"";"";"";"";"";"";"";"";"";""
"75";"Paris";"75056SR15";"Paris 15eme secteur";"1583";"1536";"987";"64,26%";"549";"35,74%";"972";"63,28%";"98,48%";"13";"0,85%";"1,32%";"2";"0,13%";"0,20%";"1";"TORANIAN";"Anouch";"F";"LUG";"L15EAV";"LE 15e EST À VOUS ! AVEC ANOUCH TORANIAN ET EMMANUEL GRÉGOIRE - L'UNION DE LA GAUCHE ET DES ECOLOGISTES";"339";"22,07%";"34,88%";"";"10";"4";"GOUJON";"Philippe";"M";"LUD";"CP15";"Changer Paris avec Rachida Dati et Philippe Goujon pour le 15ème";"633";"41,21%";"65,12%";"";"45";"";"";"";"";"";"";"";"";"";"";"";"";"";"";"";"";"";"";"";"";"";"";"";""
"75";"Paris";"75056SR15";"Paris 15eme secteur";"1584";"1514";"911";"60,17%";"603";"39,83%";"890";"58,78%";"97,69%";"16";"1,06%";"1,76%";"5";"0,33%";"0,55%";"1";"TORANIAN";"Anouch";"F";"LUG";"L15EAV";"LE 15e EST À VOUS ! AVEC ANOUCH TORANIAN ET EMMANUEL GRÉGOIRE - L'UNION DE LA GAUCHE ET DES ECOLOGISTES";"346";"22,85%";"38,88%";"";"10";"4";"GOUJON";"Philippe";"M";"LUD";"CP15";"Changer Paris avec Rachida Dati et Philippe Goujon pour le 15ème";"544";"35,93%";"61,12%";"";"45";"";"";"";"";"";"";"";"";"";"";"";"";"";"";"";"";"";"";"";"";"";"";"";""
"75";"Paris";"75056SR15";"Paris 15eme secteur";"1585";"1902";"1201";"63,14%";"701";"36,86%";"1166";"61,30%";"97,09%";"29";"1,52%";"2,41%";"6";"0,32%";"0,50%";"1";"TORANIAN";"Anouch";"F";"LUG";"L15EAV";"LE 15e EST À VOUS ! AVEC ANOUCH TORANIAN ET EMMANUEL GRÉGOIRE - L'UNION DE LA GAUCHE ET DES ECOLOGISTES";"495";"26,03%";"42,45%";"";"10";"4";"GOUJON";"Philippe";"M";"LUD";"CP15";"Changer Paris avec Rachida Dati et Philippe Goujon pour le 15ème";"671";"35,28%";"57,55%";"";"45";"";"";"";"";"";"";"";"";"";"";"";"";"";"";"";"";"";"";"";"";"";"";"";""
"75";"Paris";"75056SR15";"Paris 15eme secteur";"1586";"1366";"852";"62,37%";"514";"37,63%";"826";"60,47%";"96,95%";"23";"1,68%";"2,70%";"3";"0,22%";"0,35%";"1";"TORANIAN";"Anouch";"F";"LUG";"L15EAV";"LE 15e EST À VOUS ! AVEC ANOUCH TORANIAN ET EMMANUEL GRÉGOIRE - L'UNION DE LA GAUCHE ET DES ECOLOGISTES";"321";"23,50%";"38,86%";"";"10";"4";"GOUJON";"Philippe";"M";"LUD";"CP15";"Changer Paris avec Rachida Dati et Philippe Goujon pour le 15ème";"505";"36,97%";"61,14%";"";"45";"";"";"";"";"";"";"";"";"";"";"";"";"";"";"";"";"";"";"";"";"";"";"";""
"75";"Paris";"75056SR15";"Paris 15eme secteur";"1587";"1511";"909";"60,16%";"602";"39,84%";"877";"58,04%";"96,48%";"18";"1,19%";"1,98%";"14";"0,93%";"1,54%";"1";"TORANIAN";"Anouch";"F";"LUG";"L15EAV";"LE 15e EST À VOUS ! AVEC ANOUCH TORANIAN ET EMMANUEL GRÉGOIRE - L'UNION DE LA GAUCHE ET DES ECOLOGISTES";"360";"23,83%";"41,05%";"";"10";"4";"GOUJON";"Philippe";"M";"LUD";"CP15";"Changer Paris avec Rachida Dati et Philippe Goujon pour le 15ème";"517";"34,22%";"58,95%";"";"45";"";"";"";"";"";"";"";"";"";"";"";"";"";"";"";"";"";"";"";"";"";"";"";""
"75";"Paris";"75056SR15";"Paris 15eme secteur";"1588";"1552";"985";"63,47%";"567";"36,53%";"960";"61,86%";"97,46%";"18";"1,16%";"1,83%";"7";"0,45%";"0,71%";"1";"TORANIAN";"Anouch";"F";"LUG";"L15EAV";"LE 15e EST À VOUS ! AVEC ANOUCH TORANIAN ET EMMANUEL GRÉGOIRE - L'UNION DE LA GAUCHE ET DES ECOLOGISTES";"347";"22,36%";"36,15%";"";"10";"4";"GOUJON";"Philippe";"M";"LUD";"CP15";"Changer Paris avec Rachida Dati et Philippe Goujon pour le 15ème";"613";"39,50%";"63,85%";"";"45";"";"";"";"";"";"";"";"";"";"";"";"";"";"";"";"";"";"";"";"";"";"";"";""
"75";"Paris";"75056SR15";"Paris 15eme secteur";"1589";"1509";"988";"65,47%";"521";"34,53%";"971";"64,35%";"98,28%";"10";"0,66%";"1,01%";"7";"0,46%";"0,71%";"1";"TORANIAN";"Anouch";"F";"LUG";"L15EAV";"LE 15e EST À VOUS ! AVEC ANOUCH TORANIAN ET EMMANUEL GRÉGOIRE - L'UNION DE LA GAUCHE ET DES ECOLOGISTES";"330";"21,87%";"33,99%";"";"10";"4";"GOUJON";"Philippe";"M";"LUD";"CP15";"Changer Paris avec Rachida Dati et Philippe Goujon pour le 15ème";"641";"42,48%";"66,01%";"";"45";"";"";"";"";"";"";"";"";"";"";"";"";"";"";"";"";"";"";"";"";"";"";"";""
"75";"Paris";"75056SR15";"Paris 15eme secteur";"1590";"1421";"938";"66,01%";"483";"33,99%";"913";"64,25%";"97,33%";"17";"1,20%";"1,81%";"8";"0,56%";"0,85%";"1";"TORANIAN";"Anouch";"F";"LUG";"L15EAV";"LE 15e EST À VOUS ! AVEC ANOUCH TORANIAN ET EMMANUEL GRÉGOIRE - L'UNION DE LA GAUCHE ET DES ECOLOGISTES";"327";"23,01%";"35,82%";"";"10";"4";"GOUJON";"Philippe";"M";"LUD";"CP15";"Changer Paris avec Rachida Dati et Philippe Goujon pour le 15ème";"586";"41,24%";"64,18%";"";"45";"";"";"";"";"";"";"";"";"";"";"";"";"";"";"";"";"";"";"";"";"";"";"";""
"75";"Paris";"75056SR15";"Paris 15eme secteur";"1591";"1571";"1032";"65,69%";"539";"34,31%";"1010";"64,29%";"97,87%";"14";"0,89%";"1,36%";"8";"0,51%";"0,78%";"1";"TORANIAN";"Anouch";"F";"LUG";"L15EAV";"LE 15e EST À VOUS ! AVEC ANOUCH TORANIAN ET EMMANUEL GRÉGOIRE - L'UNION DE LA GAUCHE ET DES ECOLOGISTES";"350";"22,28%";"34,65%";"";"10";"4";"GOUJON";"Philippe";"M";"LUD";"CP15";"Changer Paris avec Rachida Dati et Philippe Goujon pour le 15ème";"660";"42,01%";"65,35%";"";"45";"";"";"";"";"";"";"";"";"";"";"";"";"";"";"";"";"";"";"";"";"";"";"";""
"75";"Paris";"75056SR15";"Paris 15eme secteur";"1592";"1591";"1000";"62,85%";"591";"37,15%";"970";"60,97%";"97,00%";"19";"1,19%";"1,90%";"11";"0,69%";"1,10%";"1";"TORANIAN";"Anouch";"F";"LUG";"L15EAV";"LE 15e EST À VOUS ! AVEC ANOUCH TORANIAN ET EMMANUEL GRÉGOIRE - L'UNION DE LA GAUCHE ET DES ECOLOGISTES";"364";"22,88%";"37,53%";"";"10";"4";"GOUJON";"Philippe";"M";"LUD";"CP15";"Changer Paris avec Rachida Dati et Philippe Goujon pour le 15ème";"606";"38,09%";"62,47%";"";"45";"";"";"";"";"";"";"";"";"";"";"";"";"";"";"";"";"";"";"";"";"";"";"";""
"75";"Paris";"75056SR15";"Paris 15eme secteur";"1593";"1581";"966";"61,10%";"615";"38,90%";"937";"59,27%";"97,00%";"23";"1,45%";"2,38%";"6";"0,38%";"0,62%";"1";"TORANIAN";"Anouch";"F";"LUG";"L15EAV";"LE 15e EST À VOUS ! AVEC ANOUCH TORANIAN ET EMMANUEL GRÉGOIRE - L'UNION DE LA GAUCHE ET DES ECOLOGISTES";"385";"24,35%";"41,09%";"";"10";"4";"GOUJON";"Philippe";"M";"LUD";"CP15";"Changer Paris avec Rachida Dati et Philippe Goujon pour le 15ème";"552";"34,91%";"58,91%";"";"45";"";"";"";"";"";"";"";"";"";"";"";"";"";"";"";"";"";"";"";"";"";"";"";""
"75";"Paris";"75056SR15";"Paris 15eme secteur";"1594";"1511";"821";"54,33%";"690";"45,67%";"792";"52,42%";"96,47%";"18";"1,19%";"2,19%";"11";"0,73%";"1,34%";"1";"TORANIAN";"Anouch";"F";"LUG";"L15EAV";"LE 15e EST À VOUS ! AVEC ANOUCH TORANIAN ET EMMANUEL GRÉGOIRE - L'UNION DE LA GAUCHE ET DES ECOLOGISTES";"312";"20,65%";"39,39%";"";"10";"4";"GOUJON";"Philippe";"M";"LUD";"CP15";"Changer Paris avec Rachida Dati et Philippe Goujon pour le 15ème";"480";"31,77%";"60,61%";"";"45";"";"";"";"";"";"";"";"";"";"";"";"";"";"";"";"";"";"";"";"";"";"";"";""
"75";"Paris";"75056SR15";"Paris 15eme secteur";"1595";"1421";"835";"58,76%";"586";"41,24%";"799";"56,23%";"95,69%";"27";"1,90%";"3,23%";"9";"0,63%";"1,08%";"1";"TORANIAN";"Anouch";"F";"LUG";"L15EAV";"LE 15e EST À VOUS ! AVEC ANOUCH TORANIAN ET EMMANUEL GRÉGOIRE - L'UNION DE LA GAUCHE ET DES ECOLOGISTES";"299";"21,04%";"37,42%";"";"10";"4";"GOUJON";"Philippe";"M";"LUD";"CP15";"Changer Paris avec Rachida Dati et Philippe Goujon pour le 15ème";"500";"35,19%";"62,58%";"";"45";"";"";"";"";"";"";"";"";"";"";"";"";"";"";"";"";"";"";"";"";"";"";"";""
"75";"Paris";"75056SR15";"Paris 15eme secteur";"1599";"1133";"35";"3,09%";"1098";"96,91%";"34";"3,00%";"97,14%";"0";"0,00%";"0,00%";"1";"0,09%";"2,86%";"1";"TORANIAN";"Anouch";"F";"LUG";"L15EAV";"LE 15e EST À VOUS ! AVEC ANOUCH TORANIAN ET EMMANUEL GRÉGOIRE - L'UNION DE LA GAUCHE ET DES ECOLOGISTES";"21";"1,85%";"61,76%";"";"10";"4";"GOUJON";"Philippe";"M";"LUD";"CP15";"Changer Paris avec Rachida Dati et Philippe Goujon pour le 15ème";"13";"1,15%";"38,24%";"";"45";"";"";"";"";"";"";"";"";"";"";"";"";"";"";"";"";"";"";"";"";"";"";"";""
"75";"Paris";"75056SR17";"Paris 17eme secteur";"1701";"1566";"1020";"65,13%";"546";"34,87%";"1008";"64,37%";"98,82%";"9";"0,57%";"0,88%";"3";"0,19%";"0,29%";"3";"PARDO";"Rachel-Flore";"F";"LUC";"PAP";"Paris 17e Apaisé avec Rachel-Flore PARDO";"107";"6,83%";"10,62%";"";"2";"5";"BOULARD";"Geoffroy";"M";"LUD";"CP17";"CHANGER PARIS - LE 17e AU COEUR";"536";"34,23%";"53,17%";"";"32";"7";"ZIADY";"Karim";"M";"LUG";"L17AEV";"LE 17E EST À VOUS ! AVEC KARIM ZIADY ET EMMANUEL GRÉGOIRE L'UNION DE LA GAUCHE ET DES ÉCOLOGISTES";"365";"23,31%";"36,21%";"";"5";"";"";"";"";"";"";"";"";"";"";"";""
"75";"Paris";"75056SR17";"Paris 17eme secteur";"1702";"1490";"1020";"68,46%";"470";"31,54%";"1009";"67,72%";"98,92%";"10";"0,67%";"0,98%";"1";"0,07%";"0,10%";"3";"PARDO";"Rachel-Flore";"F";"LUC";"PAP";"Paris 17e Apaisé avec Rachel-Flore PARDO";"127";"8,52%";"12,59%";"";"2";"5";"BOULARD";"Geoffroy";"M";"LUD";"CP17";"CHANGER PARIS - LE 17e AU COEUR";"542";"36,38%";"53,72%";"";"32";"7";"ZIADY";"Karim";"M";"LUG";"L17AEV";"LE 17E EST À VOUS ! AVEC KARIM ZIADY ET EMMANUEL GRÉGOIRE L'UNION DE LA GAUCHE ET DES ÉCOLOGISTES";"340";"22,82%";"33,70%";"";"5";"";"";"";"";"";"";"";"";"";"";"";""
"75";"Paris";"75056SR17";"Paris 17eme secteur";"1703";"1589";"1036";"65,20%";"553";"34,80%";"1023";"64,38%";"98,75%";"9";"0,57%";"0,87%";"4";"0,25%";"0,39%";"3";"PARDO";"Rachel-Flore";"F";"LUC";"PAP";"Paris 17e Apaisé avec Rachel-Flore PARDO";"107";"6,73%";"10,46%";"";"2";"5";"BOULARD";"Geoffroy";"M";"LUD";"CP17";"CHANGER PARIS - LE 17e AU COEUR";"522";"32,85%";"51,03%";"";"32";"7";"ZIADY";"Karim";"M";"LUG";"L17AEV";"LE 17E EST À VOUS ! AVEC KARIM ZIADY ET EMMANUEL GRÉGOIRE L'UNION DE LA GAUCHE ET DES ÉCOLOGISTES";"394";"24,80%";"38,51%";"";"5";"";"";"";"";"";"";"";"";"";"";"";""
"75";"Paris";"75056SR17";"Paris 17eme secteur";"1704";"1633";"1017";"62,28%";"616";"37,72%";"999";"61,18%";"98,23%";"13";"0,80%";"1,28%";"5";"0,31%";"0,49%";"3";"PARDO";"Rachel-Flore";"F";"LUC";"PAP";"Paris 17e Apaisé avec Rachel-Flore PARDO";"114";"6,98%";"11,41%";"";"2";"5";"BOULARD";"Geoffroy";"M";"LUD";"CP17";"CHANGER PARIS - LE 17e AU COEUR";"448";"27,43%";"44,84%";"";"32";"7";"ZIADY";"Karim";"M";"LUG";"L17AEV";"LE 17E EST À VOUS ! AVEC KARIM ZIADY ET EMMANUEL GRÉGOIRE L'UNION DE LA GAUCHE ET DES ÉCOLOGISTES";"437";"26,76%";"43,74%";"";"5";"";"";"";"";"";"";"";"";"";"";"";""
"75";"Paris";"75056SR17";"Paris 17eme secteur";"1705";"1530";"1041";"68,04%";"489";"31,96%";"1022";"66,80%";"98,17%";"15";"0,98%";"1,44%";"4";"0,26%";"0,38%";"3";"PARDO";"Rachel-Flore";"F";"LUC";"PAP";"Paris 17e Apaisé avec Rachel-Flore PARDO";"108";"7,06%";"10,57%";"";"2";"5";"BOULARD";"Geoffroy";"M";"LUD";"CP17";"CHANGER PARIS - LE 17e AU COEUR";"576";"37,65%";"56,36%";"";"32";"7";"ZIADY";"Karim";"M";"LUG";"L17AEV";"LE 17E EST À VOUS ! AVEC KARIM ZIADY ET EMMANUEL GRÉGOIRE L'UNION DE LA GAUCHE ET DES ÉCOLOGISTES";"338";"22,09%";"33,07%";"";"5";"";"";"";"";"";"";"";"";"";"";"";""
"75";"Paris";"75056SR17";"Paris 17eme secteur";"1706";"1496";"989";"66,11%";"507";"33,89%";"975";"65,17%";"98,58%";"10";"0,67%";"1,01%";"4";"0,27%";"0,40%";"3";"PARDO";"Rachel-Flore";"F";"LUC";"PAP";"Paris 17e Apaisé avec Rachel-Flore PARDO";"118";"7,89%";"12,10%";"";"2";"5";"BOULARD";"Geoffroy";"M";"LUD";"CP17";"CHANGER PARIS - LE 17e AU COEUR";"565";"37,77%";"57,95%";"";"32";"7";"ZIADY";"Karim";"M";"LUG";"L17AEV";"LE 17E EST À VOUS ! AVEC KARIM ZIADY ET EMMANUEL GRÉGOIRE L'UNION DE LA GAUCHE ET DES ÉCOLOGISTES";"292";"19,52%";"29,95%";"";"5";"";"";"";"";"";"";"";"";"";"";"";""
"75";"Paris";"75056SR17";"Paris 17eme secteur";"1707";"1483";"1029";"69,39%";"454";"30,61%";"1011";"68,17%";"98,25%";"11";"0,74%";"1,07%";"7";"0,47%";"0,68%";"3";"PARDO";"Rachel-Flore";"F";"LUC";"PAP";"Paris 17e Apaisé avec Rachel-Flore PARDO";"122";"8,23%";"12,07%";"";"2";"5";"BOULARD";"Geoffroy";"M";"LUD";"CP17";"CHANGER PARIS - LE 17e AU COEUR";"514";"34,66%";"50,84%";"";"32";"7";"ZIADY";"Karim";"M";"LUG";"L17AEV";"LE 17E EST À VOUS ! AVEC KARIM ZIADY ET EMMANUEL GRÉGOIRE L'UNION DE LA GAUCHE ET DES ÉCOLOGISTES";"375";"25,29%";"37,09%";"";"5";"";"";"";"";"";"";"";"";"";"";"";""
"75";"Paris";"75056SR17";"Paris 17eme secteur";"1708";"1617";"1114";"68,89%";"503";"31,11%";"1104";"68,27%";"99,10%";"6";"0,37%";"0,54%";"4";"0,25%";"0,36%";"3";"PARDO";"Rachel-Flore";"F";"LUC";"PAP";"Paris 17e Apaisé avec Rachel-Flore PARDO";"122";"7,54%";"11,05%";"";"2";"5";"BOULARD";"Geoffroy";"M";"LUD";"CP17";"CHANGER PARIS - LE 17e AU COEUR";"629";"38,90%";"56,97%";"";"32";"7";"ZIADY";"Karim";"M";"LUG";"L17AEV";"LE 17E EST À VOUS ! AVEC KARIM ZIADY ET EMMANUEL GRÉGOIRE L'UNION DE LA GAUCHE ET DES ÉCOLOGISTES";"353";"21,83%";"31,97%";"";"5";"";"";"";"";"";"";"";"";"";"";"";""
"75";"Paris";"75056SR17";"Paris 17eme secteur";"1709";"1612";"1165";"72,27%";"447";"27,73%";"1149";"71,28%";"98,63%";"10";"0,62%";"0,86%";"6";"0,37%";"0,52%";"3";"PARDO";"Rachel-Flore";"F";"LUC";"PAP";"Paris 17e Apaisé avec Rachel-Flore PARDO";"147";"9,12%";"12,79%";"";"2";"5";"BOULARD";"Geoffroy";"M";"LUD";"CP17";"CHANGER PARIS - LE 17e AU COEUR";"581";"36,04%";"50,57%";"";"32";"7";"ZIADY";"Karim";"M";"LUG";"L17AEV";"LE 17E EST À VOUS ! AVEC KARIM ZIADY ET EMMANUEL GRÉGOIRE L'UNION DE LA GAUCHE ET DES ÉCOLOGISTES";"421";"26,12%";"36,64%";"";"5";"";"";"";"";"";"";"";"";"";"";"";""
"75";"Paris";"75056SR17";"Paris 17eme secteur";"1710";"1563";"949";"60,72%";"614";"39,28%";"937";"59,95%";"98,74%";"10";"0,64%";"1,05%";"2";"0,13%";"0,21%";"3";"PARDO";"Rachel-Flore";"F";"LUC";"PAP";"Paris 17e Apaisé avec Rachel-Flore PARDO";"127";"8,13%";"13,55%";"";"2";"5";"BOULARD";"Geoffroy";"M";"LUD";"CP17";"CHANGER PARIS - LE 17e AU COEUR";"530";"33,91%";"56,56%";"";"32";"7";"ZIADY";"Karim";"M";"LUG";"L17AEV";"LE 17E EST À VOUS ! AVEC KARIM ZIADY ET EMMANUEL GRÉGOIRE L'UNION DE LA GAUCHE ET DES ÉCOLOGISTES";"280";"17,91%";"29,88%";"";"5";"";"";"";"";"";"";"";"";"";"";"";""
"75";"Paris";"75056SR17";"Paris 17eme secteur";"1711";"1491";"1029";"69,01%";"462";"30,99%";"1008";"67,61%";"97,96%";"16";"1,07%";"1,55%";"5";"0,34%";"0,49%";"3";"PARDO";"Rachel-Flore";"F";"LUC";"PAP";"Paris 17e Apaisé avec Rachel-Flore PARDO";"135";"9,05%";"13,39%";"";"2";"5";"BOULARD";"Geoffroy";"M";"LUD";"CP17";"CHANGER PARIS - LE 17e AU COEUR";"598";"40,11%";"59,33%";"";"32";"7";"ZIADY";"Karim";"M";"LUG";"L17AEV";"LE 17E EST À VOUS ! AVEC KARIM ZIADY ET EMMANUEL GRÉGOIRE L'UNION DE LA GAUCHE ET DES ÉCOLOGISTES";"275";"18,44%";"27,28%";"";"5";"";"";"";"";"";"";"";"";"";"";"";""
"75";"Paris";"75056SR17";"Paris 17eme secteur";"1712";"1584";"1061";"66,98%";"523";"33,02%";"1043";"65,85%";"98,30%";"13";"0,82%";"1,23%";"5";"0,32%";"0,47%";"3";"PARDO";"Rachel-Flore";"F";"LUC";"PAP";"Paris 17e Apaisé avec Rachel-Flore PARDO";"117";"7,39%";"11,22%";"";"2";"5";"BOULARD";"Geoffroy";"M";"LUD";"CP17";"CHANGER PARIS - LE 17e AU COEUR";"617";"38,95%";"59,16%";"";"32";"7";"ZIADY";"Karim";"M";"LUG";"L17AEV";"LE 17E EST À VOUS ! AVEC KARIM ZIADY ET EMMANUEL GRÉGOIRE L'UNION DE LA GAUCHE ET DES ÉCOLOGISTES";"309";"19,51%";"29,63%";"";"5";"";"";"";"";"";"";"";"";"";"";"";""
"75";"Paris";"75056SR17";"Paris 17eme secteur";"1713";"1677";"1058";"63,09%";"619";"36,91%";"1045";"62,31%";"98,77%";"9";"0,54%";"0,85%";"4";"0,24%";"0,38%";"3";"PARDO";"Rachel-Flore";"F";"LUC";"PAP";"Paris 17e Apaisé avec Rachel-Flore PARDO";"122";"7,27%";"11,67%";"";"2";"5";"BOULARD";"Geoffroy";"M";"LUD";"CP17";"CHANGER PARIS - LE 17e AU COEUR";"612";"36,49%";"58,56%";"";"32";"7";"ZIADY";"Karim";"M";"LUG";"L17AEV";"LE 17E EST À VOUS ! AVEC KARIM ZIADY ET EMMANUEL GRÉGOIRE L'UNION DE LA GAUCHE ET DES ÉCOLOGISTES";"311";"18,55%";"29,76%";"";"5";"";"";"";"";"";"";"";"";"";"";"";""
"75";"Paris";"75056SR17";"Paris 17eme secteur";"1714";"1632";"1063";"65,13%";"569";"34,87%";"1051";"64,40%";"98,87%";"8";"0,49%";"0,75%";"4";"0,25%";"0,38%";"3";"PARDO";"Rachel-Flore";"F";"LUC";"PAP";"Paris 17e Apaisé avec Rachel-Flore PARDO";"120";"7,35%";"11,42%";"";"2";"5";"BOULARD";"Geoffroy";"M";"LUD";"CP17";"CHANGER PARIS - LE 17e AU COEUR";"660";"40,44%";"62,80%";"";"32";"7";"ZIADY";"Karim";"M";"LUG";"L17AEV";"LE 17E EST À VOUS ! AVEC KARIM ZIADY ET EMMANUEL GRÉGOIRE L'UNION DE LA GAUCHE ET DES ÉCOLOGISTES";"271";"16,61%";"25,78%";"";"5";"";"";"";"";"";"";"";"";"";"";"";""
"75";"Paris";"75056SR17";"Paris 17eme secteur";"1715";"1521";"969";"63,71%";"552";"36,29%";"943";"62,00%";"97,32%";"23";"1,51%";"2,37%";"3";"0,20%";"0,31%";"3";"PARDO";"Rachel-Flore";"F";"LUC";"PAP";"Paris 17e Apaisé avec Rachel-Flore PARDO";"89";"5,85%";"9,44%";"";"2";"5";"BOULARD";"Geoffroy";"M";"LUD";"CP17";"CHANGER PARIS - LE 17e AU COEUR";"632";"41,55%";"67,02%";"";"32";"7";"ZIADY";"Karim";"M";"LUG";"L17AEV";"LE 17E EST À VOUS ! AVEC KARIM ZIADY ET EMMANUEL GRÉGOIRE L'UNION DE LA GAUCHE ET DES ÉCOLOGISTES";"222";"14,60%";"23,54%";"";"5";"";"";"";"";"";"";"";"";"";"";"";""
"75";"Paris";"75056SR17";"Paris 17eme secteur";"1716";"1503";"748";"49,77%";"755";"50,23%";"724";"48,17%";"96,79%";"16";"1,06%";"2,14%";"8";"0,53%";"1,07%";"3";"PARDO";"Rachel-Flore";"F";"LUC";"PAP";"Paris 17e Apaisé avec Rachel-Flore PARDO";"41";"2,73%";"5,66%";"";"2";"5";"BOULARD";"Geoffroy";"M";"LUD";"CP17";"CHANGER PARIS - LE 17e AU COEUR";"431";"28,68%";"59,53%";"";"32";"7";"ZIADY";"Karim";"M";"LUG";"L17AEV";"LE 17E EST À VOUS ! AVEC KARIM ZIADY ET EMMANUEL GRÉGOIRE L'UNION DE LA GAUCHE ET DES ÉCOLOGISTES";"252";"16,77%";"34,81%";"";"5";"";"";"";"";"";"";"";"";"";"";"";""
"75";"Paris";"75056SR17";"Paris 17eme secteur";"1717";"1650";"849";"51,45%";"801";"48,55%";"815";"49,39%";"96,00%";"22";"1,33%";"2,59%";"12";"0,73%";"1,41%";"3";"PARDO";"Rachel-Flore";"F";"LUC";"PAP";"Paris 17e Apaisé avec Rachel-Flore PARDO";"39";"2,36%";"4,79%";"";"2";"5";"BOULARD";"Geoffroy";"M";"LUD";"CP17";"CHANGER PARIS - LE 17e AU COEUR";"488";"29,58%";"59,88%";"";"32";"7";"ZIADY";"Karim";"M";"LUG";"L17AEV";"LE 17E EST À VOUS ! AVEC KARIM ZIADY ET EMMANUEL GRÉGOIRE L'UNION DE LA GAUCHE ET DES ÉCOLOGISTES";"288";"17,45%";"35,34%";"";"5";"";"";"";"";"";"";"";"";"";"";"";""
"75";"Paris";"75056SR17";"Paris 17eme secteur";"1718";"1747";"900";"51,52%";"847";"48,48%";"879";"50,31%";"97,67%";"12";"0,69%";"1,33%";"9";"0,52%";"1,00%";"3";"PARDO";"Rachel-Flore";"F";"LUC";"PAP";"Paris 17e Apaisé avec Rachel-Flore PARDO";"66";"3,78%";"7,51%";"";"2";"5";"BOULARD";"Geoffroy";"M";"LUD";"CP17";"CHANGER PARIS - LE 17e AU COEUR";"391";"22,38%";"44,48%";"";"32";"7";"ZIADY";"Karim";"M";"LUG";"L17AEV";"LE 17E EST À VOUS ! AVEC KARIM ZIADY ET EMMANUEL GRÉGOIRE L'UNION DE LA GAUCHE ET DES ÉCOLOGISTES";"422";"24,16%";"48,01%";"";"5";"";"";"";"";"";"";"";"";"";"";"";""
"75";"Paris";"75056SR17";"Paris 17eme secteur";"1719";"1262";"557";"44,14%";"705";"55,86%";"530";"42,00%";"95,15%";"19";"1,51%";"3,41%";"8";"0,63%";"1,44%";"3";"PARDO";"Rachel-Flore";"F";"LUC";"PAP";"Paris 17e Apaisé avec Rachel-Flore PARDO";"30";"2,38%";"5,66%";"";"2";"5";"BOULARD";"Geoffroy";"M";"LUD";"CP17";"CHANGER PARIS - LE 17e AU COEUR";"249";"19,73%";"46,98%";"";"32";"7";"ZIADY";"Karim";"M";"LUG";"L17AEV";"LE 17E EST À VOUS ! AVEC KARIM ZIADY ET EMMANUEL GRÉGOIRE L'UNION DE LA GAUCHE ET DES ÉCOLOGISTES";"251";"19,89%";"47,36%";"";"5";"";"";"";"";"";"";"";"";"";"";"";""
"75";"Paris";"75056SR17";"Paris 17eme secteur";"1720";"1355";"609";"44,94%";"746";"55,06%";"588";"43,39%";"96,55%";"13";"0,96%";"2,13%";"8";"0,59%";"1,31%";"3";"PARDO";"Rachel-Flore";"F";"LUC";"PAP";"Paris 17e Apaisé avec Rachel-Flore PARDO";"42";"3,10%";"7,14%";"";"2";"5";"BOULARD";"Geoffroy";"M";"LUD";"CP17";"CHANGER PARIS - LE 17e AU COEUR";"289";"21,33%";"49,15%";"";"32";"7";"ZIADY";"Karim";"M";"LUG";"L17AEV";"LE 17E EST À VOUS ! AVEC KARIM ZIADY ET EMMANUEL GRÉGOIRE L'UNION DE LA GAUCHE ET DES ÉCOLOGISTES";"257";"18,97%";"43,71%";"";"5";"";"";"";"";"";"";"";"";"";"";"";""
"75";"Paris";"75056SR17";"Paris 17eme secteur";"1721";"1596";"943";"59,09%";"653";"40,91%";"916";"57,39%";"97,14%";"14";"0,88%";"1,48%";"13";"0,81%";"1,38%";"3";"PARDO";"Rachel-Flore";"F";"LUC";"PAP";"Paris 17e Apaisé avec Rachel-Flore PARDO";"93";"5,83%";"10,15%";"";"2";"5";"BOULARD";"Geoffroy";"M";"LUD";"CP17";"CHANGER PARIS - LE 17e AU COEUR";"413";"25,88%";"45,09%";"";"32";"7";"ZIADY";"Karim";"M";"LUG";"L17AEV";"LE 17E EST À VOUS ! AVEC KARIM ZIADY ET EMMANUEL GRÉGOIRE L'UNION DE LA GAUCHE ET DES ÉCOLOGISTES";"410";"25,69%";"44,76%";"";"5";"";"";"";"";"";"";"";"";"";"";"";""
"75";"Paris";"75056SR17";"Paris 17eme secteur";"1722";"1222";"747";"61,13%";"475";"38,87%";"730";"59,74%";"97,72%";"8";"0,65%";"1,07%";"9";"0,74%";"1,20%";"3";"PARDO";"Rachel-Flore";"F";"LUC";"PAP";"Paris 17e Apaisé avec Rachel-Flore PARDO";"45";"3,68%";"6,16%";"";"2";"5";"BOULARD";"Geoffroy";"M";"LUD";"CP17";"CHANGER PARIS - LE 17e AU COEUR";"307";"25,12%";"42,05%";"";"32";"7";"ZIADY";"Karim";"M";"LUG";"L17AEV";"LE 17E EST À VOUS ! AVEC KARIM ZIADY ET EMMANUEL GRÉGOIRE L'UNION DE LA GAUCHE ET DES ÉCOLOGISTES";"378";"30,93%";"51,78%";"";"5";"";"";"";"";"";"";"";"";"";"";"";""
"75";"Paris";"75056SR17";"Paris 17eme secteur";"1723";"1501";"626";"41,71%";"875";"58,29%";"600";"39,97%";"95,85%";"15";"1,00%";"2,40%";"11";"0,73%";"1,76%";"3";"PARDO";"Rachel-Flore";"F";"LUC";"PAP";"Paris 17e Apaisé avec Rachel-Flore PARDO";"43";"2,86%";"7,17%";"";"2";"5";"BOULARD";"Geoffroy";"M";"LUD";"CP17";"CHANGER PARIS - LE 17e AU COEUR";"262";"17,46%";"43,67%";"";"32";"7";"ZIADY";"Karim";"M";"LUG";"L17AEV";"LE 17E EST À VOUS ! AVEC KARIM ZIADY ET EMMANUEL GRÉGOIRE L'UNION DE LA GAUCHE ET DES ÉCOLOGISTES";"295";"19,65%";"49,17%";"";"5";"";"";"";"";"";"";"";"";"";"";"";""
"75";"Paris";"75056SR17";"Paris 17eme secteur";"1724";"1218";"755";"61,99%";"463";"38,01%";"734";"60,26%";"97,22%";"12";"0,99%";"1,59%";"9";"0,74%";"1,19%";"3";"PARDO";"Rachel-Flore";"F";"LUC";"PAP";"Paris 17e Apaisé avec Rachel-Flore PARDO";"71";"5,83%";"9,67%";"";"2";"5";"BOULARD";"Geoffroy";"M";"LUD";"CP17";"CHANGER PARIS - LE 17e AU COEUR";"297";"24,38%";"40,46%";"";"32";"7";"ZIADY";"Karim";"M";"LUG";"L17AEV";"LE 17E EST À VOUS ! AVEC KARIM ZIADY ET EMMANUEL GRÉGOIRE L'UNION DE LA GAUCHE ET DES ÉCOLOGISTES";"366";"30,05%";"49,86%";"";"5";"";"";"";"";"";"";"";"";"";"";"";""
"75";"Paris";"75056SR17";"Paris 17eme secteur";"1725";"1223";"685";"56,01%";"538";"43,99%";"655";"53,56%";"95,62%";"15";"1,23%";"2,19%";"15";"1,23%";"2,19%";"3";"PARDO";"Rachel-Flore";"F";"LUC";"PAP";"Paris 17e Apaisé avec Rachel-Flore PARDO";"55";"4,50%";"8,40%";"";"2";"5";"BOULARD";"Geoffroy";"M";"LUD";"CP17";"CHANGER PARIS - LE 17e AU COEUR";"273";"22,32%";"41,68%";"";"32";"7";"ZIADY";"Karim";"M";"LUG";"L17AEV";"LE 17E EST À VOUS ! AVEC KARIM ZIADY ET EMMANUEL GRÉGOIRE L'UNION DE LA GAUCHE ET DES ÉCOLOGISTES";"327";"26,74%";"49,92%";"";"5";"";"";"";"";"";"";"";"";"";"";"";""
"75";"Paris";"75056SR17";"Paris 17eme secteur";"1726";"1720";"1003";"58,31%";"717";"41,69%";"990";"57,56%";"98,70%";"7";"0,41%";"0,70%";"6";"0,35%";"0,60%";"3";"PARDO";"Rachel-Flore";"F";"LUC";"PAP";"Paris 17e Apaisé avec Rachel-Flore PARDO";"95";"5,52%";"9,60%";"";"2";"5";"BOULARD";"Geoffroy";"M";"LUD";"CP17";"CHANGER PARIS - LE 17e AU COEUR";"403";"23,43%";"40,71%";"";"32";"7";"ZIADY";"Karim";"M";"LUG";"L17AEV";"LE 17E EST À VOUS ! AVEC KARIM ZIADY ET EMMANUEL GRÉGOIRE L'UNION DE LA GAUCHE ET DES ÉCOLOGISTES";"492";"28,60%";"49,70%";"";"5";"";"";"";"";"";"";"";"";"";"";"";""
"75";"Paris";"75056SR17";"Paris 17eme secteur";"1727";"1504";"773";"51,40%";"731";"48,60%";"756";"50,27%";"97,80%";"8";"0,53%";"1,03%";"9";"0,60%";"1,16%";"3";"PARDO";"Rachel-Flore";"F";"LUC";"PAP";"Paris 17e Apaisé avec Rachel-Flore PARDO";"45";"2,99%";"5,95%";"";"2";"5";"BOULARD";"Geoffroy";"M";"LUD";"CP17";"CHANGER PARIS - LE 17e AU COEUR";"351";"23,34%";"46,43%";"";"32";"7";"ZIADY";"Karim";"M";"LUG";"L17AEV";"LE 17E EST À VOUS ! AVEC KARIM ZIADY ET EMMANUEL GRÉGOIRE L'UNION DE LA GAUCHE ET DES ÉCOLOGISTES";"360";"23,94%";"47,62%";"";"5";"";"";"";"";"";"";"";"";"";"";"";""
"75";"Paris";"75056SR17";"Paris 17eme secteur";"1728";"1637";"1011";"61,76%";"626";"38,24%";"993";"60,66%";"98,22%";"10";"0,61%";"0,99%";"8";"0,49%";"0,79%";"3";"PARDO";"Rachel-Flore";"F";"LUC";"PAP";"Paris 17e Apaisé avec Rachel-Flore PARDO";"98";"5,99%";"9,87%";"";"2";"5";"BOULARD";"Geoffroy";"M";"LUD";"CP17";"CHANGER PARIS - LE 17e AU COEUR";"497";"30,36%";"50,05%";"";"32";"7";"ZIADY";"Karim";"M";"LUG";"L17AEV";"LE 17E EST À VOUS ! AVEC KARIM ZIADY ET EMMANUEL GRÉGOIRE L'UNION DE LA GAUCHE ET DES ÉCOLOGISTES";"398";"24,31%";"40,08%";"";"5";"";"";"";"";"";"";"";"";"";"";"";""
"75";"Paris";"75056SR17";"Paris 17eme secteur";"1729";"1701";"1050";"61,73%";"651";"38,27%";"1035";"60,85%";"98,57%";"12";"0,71%";"1,14%";"3";"0,18%";"0,29%";"3";"PARDO";"Rachel-Flore";"F";"LUC";"PAP";"Paris 17e Apaisé avec Rachel-Flore PARDO";"105";"6,17%";"10,14%";"";"2";"5";"BOULARD";"Geoffroy";"M";"LUD";"CP17";"CHANGER PARIS - LE 17e AU COEUR";"423";"24,87%";"40,87%";"";"32";"7";"ZIADY";"Karim";"M";"LUG";"L17AEV";"LE 17E EST À VOUS ! AVEC KARIM ZIADY ET EMMANUEL GRÉGOIRE L'UNION DE LA GAUCHE ET DES ÉCOLOGISTES";"507";"29,81%";"48,99%";"";"5";"";"";"";"";"";"";"";"";"";"";"";""
"75";"Paris";"75056SR17";"Paris 17eme secteur";"1730";"1402";"930";"66,33%";"472";"33,67%";"913";"65,12%";"98,17%";"12";"0,86%";"1,29%";"5";"0,36%";"0,54%";"3";"PARDO";"Rachel-Flore";"F";"LUC";"PAP";"Paris 17e Apaisé avec Rachel-Flore PARDO";"96";"6,85%";"10,51%";"";"2";"5";"BOULARD";"Geoffroy";"M";"LUD";"CP17";"CHANGER PARIS - LE 17e AU COEUR";"379";"27,03%";"41,51%";"";"32";"7";"ZIADY";"Karim";"M";"LUG";"L17AEV";"LE 17E EST À VOUS ! AVEC KARIM ZIADY ET EMMANUEL GRÉGOIRE L'UNION DE LA GAUCHE ET DES ÉCOLOGISTES";"438";"31,24%";"47,97%";"";"5";"";"";"";"";"";"";"";"";"";"";"";""
"75";"Paris";"75056SR17";"Paris 17eme secteur";"1731";"1590";"1004";"63,14%";"586";"36,86%";"986";"62,01%";"98,21%";"13";"0,82%";"1,29%";"5";"0,31%";"0,50%";"3";"PARDO";"Rachel-Flore";"F";"LUC";"PAP";"Paris 17e Apaisé avec Rachel-Flore PARDO";"91";"5,72%";"9,23%";"";"2";"5";"BOULARD";"Geoffroy";"M";"LUD";"CP17";"CHANGER PARIS - LE 17e AU COEUR";"412";"25,91%";"41,78%";"";"32";"7";"ZIADY";"Karim";"M";"LUG";"L17AEV";"LE 17E EST À VOUS ! AVEC KARIM ZIADY ET EMMANUEL GRÉGOIRE L'UNION DE LA GAUCHE ET DES ÉCOLOGISTES";"483";"30,38%";"48,99%";"";"5";"";"";"";"";"";"";"";"";"";"";"";""
"75";"Paris";"75056SR17";"Paris 17eme secteur";"1732";"1331";"893";"67,09%";"438";"32,91%";"876";"65,82%";"98,10%";"16";"1,20%";"1,79%";"1";"0,08%";"0,11%";"3";"PARDO";"Rachel-Flore";"F";"LUC";"PAP";"Paris 17e Apaisé avec Rachel-Flore PARDO";"88";"6,61%";"10,05%";"";"2";"5";"BOULARD";"Geoffroy";"M";"LUD";"CP17";"CHANGER PARIS - LE 17e AU COEUR";"409";"30,73%";"46,69%";"";"32";"7";"ZIADY";"Karim";"M";"LUG";"L17AEV";"LE 17E EST À VOUS ! AVEC KARIM ZIADY ET EMMANUEL GRÉGOIRE L'UNION DE LA GAUCHE ET DES ÉCOLOGISTES";"379";"28,47%";"43,26%";"";"5";"";"";"";"";"";"";"";"";"";"";"";""
"75";"Paris";"75056SR17";"Paris 17eme secteur";"1733";"1745";"1134";"64,99%";"611";"35,01%";"1113";"63,78%";"98,15%";"13";"0,74%";"1,15%";"8";"0,46%";"0,71%";"3";"PARDO";"Rachel-Flore";"F";"LUC";"PAP";"Paris 17e Apaisé avec Rachel-Flore PARDO";"112";"6,42%";"10,06%";"";"2";"5";"BOULARD";"Geoffroy";"M";"LUD";"CP17";"CHANGER PARIS - LE 17e AU COEUR";"479";"27,45%";"43,04%";"";"32";"7";"ZIADY";"Karim";"M";"LUG";"L17AEV";"LE 17E EST À VOUS ! AVEC KARIM ZIADY ET EMMANUEL GRÉGOIRE L'UNION DE LA GAUCHE ET DES ÉCOLOGISTES";"522";"29,91%";"46,90%";"";"5";"";"";"";"";"";"";"";"";"";"";"";""
"75";"Paris";"75056SR17";"Paris 17eme secteur";"1734";"1504";"1015";"67,49%";"489";"32,51%";"997";"66,29%";"98,23%";"11";"0,73%";"1,08%";"7";"0,47%";"0,69%";"3";"PARDO";"Rachel-Flore";"F";"LUC";"PAP";"Paris 17e Apaisé avec Rachel-Flore PARDO";"109";"7,25%";"10,93%";"";"2";"5";"BOULARD";"Geoffroy";"M";"LUD";"CP17";"CHANGER PARIS - LE 17e AU COEUR";"438";"29,12%";"43,93%";"";"32";"7";"ZIADY";"Karim";"M";"LUG";"L17AEV";"LE 17E EST À VOUS ! AVEC KARIM ZIADY ET EMMANUEL GRÉGOIRE L'UNION DE LA GAUCHE ET DES ÉCOLOGISTES";"450";"29,92%";"45,14%";"";"5";"";"";"";"";"";"";"";"";"";"";"";""
"75";"Paris";"75056SR17";"Paris 17eme secteur";"1735";"1679";"1120";"66,71%";"559";"33,29%";"1102";"65,63%";"98,39%";"9";"0,54%";"0,80%";"9";"0,54%";"0,80%";"3";"PARDO";"Rachel-Flore";"F";"LUC";"PAP";"Paris 17e Apaisé avec Rachel-Flore PARDO";"123";"7,33%";"11,16%";"";"2";"5";"BOULARD";"Geoffroy";"M";"LUD";"CP17";"CHANGER PARIS - LE 17e AU COEUR";"558";"33,23%";"50,64%";"";"32";"7";"ZIADY";"Karim";"M";"LUG";"L17AEV";"LE 17E EST À VOUS ! AVEC KARIM ZIADY ET EMMANUEL GRÉGOIRE L'UNION DE LA GAUCHE ET DES ÉCOLOGISTES";"421";"25,07%";"38,20%";"";"5";"";"";"";"";"";"";"";"";"";"";"";""
"75";"Paris";"75056SR17";"Paris 17eme secteur";"1736";"1643";"776";"47,23%";"867";"52,77%";"742";"45,16%";"95,62%";"22";"1,34%";"2,84%";"12";"0,73%";"1,55%";"3";"PARDO";"Rachel-Flore";"F";"LUC";"PAP";"Paris 17e Apaisé avec Rachel-Flore PARDO";"42";"2,56%";"5,66%";"";"2";"5";"BOULARD";"Geoffroy";"M";"LUD";"CP17";"CHANGER PARIS - LE 17e AU COEUR";"414";"25,20%";"55,80%";"";"32";"7";"ZIADY";"Karim";"M";"LUG";"L17AEV";"LE 17E EST À VOUS ! AVEC KARIM ZIADY ET EMMANUEL GRÉGOIRE L'UNION DE LA GAUCHE ET DES ÉCOLOGISTES";"286";"17,41%";"38,54%";"";"5";"";"";"";"";"";"";"";"";"";"";"";""
"75";"Paris";"75056SR17";"Paris 17eme secteur";"1737";"1469";"991";"67,46%";"478";"32,54%";"978";"66,58%";"98,69%";"7";"0,48%";"0,71%";"6";"0,41%";"0,61%";"3";"PARDO";"Rachel-Flore";"F";"LUC";"PAP";"Paris 17e Apaisé avec Rachel-Flore PARDO";"86";"5,85%";"8,79%";"";"2";"5";"BOULARD";"Geoffroy";"M";"LUD";"CP17";"CHANGER PARIS - LE 17e AU COEUR";"764";"52,01%";"78,12%";"";"32";"7";"ZIADY";"Karim";"M";"LUG";"L17AEV";"LE 17E EST À VOUS ! AVEC KARIM ZIADY ET EMMANUEL GRÉGOIRE L'UNION DE LA GAUCHE ET DES ÉCOLOGISTES";"128";"8,71%";"13,09%";"";"5";"";"";"";"";"";"";"";"";"";"";"";""
"75";"Paris";"75056SR17";"Paris 17eme secteur";"1738";"1491";"871";"58,42%";"620";"41,58%";"847";"56,81%";"97,24%";"17";"1,14%";"1,95%";"7";"0,47%";"0,80%";"3";"PARDO";"Rachel-Flore";"F";"LUC";"PAP";"Paris 17e Apaisé avec Rachel-Flore PARDO";"63";"4,23%";"7,44%";"";"2";"5";"BOULARD";"Geoffroy";"M";"LUD";"CP17";"CHANGER PARIS - LE 17e AU COEUR";"531";"35,61%";"62,69%";"";"32";"7";"ZIADY";"Karim";"M";"LUG";"L17AEV";"LE 17E EST À VOUS ! AVEC KARIM ZIADY ET EMMANUEL GRÉGOIRE L'UNION DE LA GAUCHE ET DES ÉCOLOGISTES";"253";"16,97%";"29,87%";"";"5";"";"";"";"";"";"";"";"";"";"";"";""
"75";"Paris";"75056SR17";"Paris 17eme secteur";"1739";"1518";"739";"48,68%";"779";"51,32%";"707";"46,57%";"95,67%";"20";"1,32%";"2,71%";"12";"0,79%";"1,62%";"3";"PARDO";"Rachel-Flore";"F";"LUC";"PAP";"Paris 17e Apaisé avec Rachel-Flore PARDO";"34";"2,24%";"4,81%";"";"2";"5";"BOULARD";"Geoffroy";"M";"LUD";"CP17";"CHANGER PARIS - LE 17e AU COEUR";"460";"30,30%";"65,06%";"";"32";"7";"ZIADY";"Karim";"M";"LUG";"L17AEV";"LE 17E EST À VOUS ! AVEC KARIM ZIADY ET EMMANUEL GRÉGOIRE L'UNION DE LA GAUCHE ET DES ÉCOLOGISTES";"213";"14,03%";"30,13%";"";"5";"";"";"";"";"";"";"";"";"";"";"";""
"75";"Paris";"75056SR17";"Paris 17eme secteur";"1740";"1544";"990";"64,12%";"554";"35,88%";"974";"63,08%";"98,38%";"11";"0,71%";"1,11%";"5";"0,32%";"0,51%";"3";"PARDO";"Rachel-Flore";"F";"LUC";"PAP";"Paris 17e Apaisé avec Rachel-Flore PARDO";"69";"4,47%";"7,08%";"";"2";"5";"BOULARD";"Geoffroy";"M";"LUD";"CP17";"CHANGER PARIS - LE 17e AU COEUR";"696";"45,08%";"71,46%";"";"32";"7";"ZIADY";"Karim";"M";"LUG";"L17AEV";"LE 17E EST À VOUS ! AVEC KARIM ZIADY ET EMMANUEL GRÉGOIRE L'UNION DE LA GAUCHE ET DES ÉCOLOGISTES";"209";"13,54%";"21,46%";"";"5";"";"";"";"";"";"";"";"";"";"";"";""
"75";"Paris";"75056SR17";"Paris 17eme secteur";"1741";"1617";"1042";"64,44%";"575";"35,56%";"1032";"63,82%";"99,04%";"6";"0,37%";"0,58%";"4";"0,25%";"0,38%";"3";"PARDO";"Rachel-Flore";"F";"LUC";"PAP";"Paris 17e Apaisé avec Rachel-Flore PARDO";"102";"6,31%";"9,88%";"";"2";"5";"BOULARD";"Geoffroy";"M";"LUD";"CP17";"CHANGER PARIS - LE 17e AU COEUR";"810";"50,09%";"78,49%";"";"32";"7";"ZIADY";"Karim";"M";"LUG";"L17AEV";"LE 17E EST À VOUS ! AVEC KARIM ZIADY ET EMMANUEL GRÉGOIRE L'UNION DE LA GAUCHE ET DES ÉCOLOGISTES";"120";"7,42%";"11,63%";"";"5";"";"";"";"";"";"";"";"";"";"";"";""
"75";"Paris";"75056SR17";"Paris 17eme secteur";"1742";"1549";"1058";"68,30%";"491";"31,70%";"1049";"67,72%";"99,15%";"7";"0,45%";"0,66%";"2";"0,13%";"0,19%";"3";"PARDO";"Rachel-Flore";"F";"LUC";"PAP";"Paris 17e Apaisé avec Rachel-Flore PARDO";"134";"8,65%";"12,77%";"";"2";"5";"BOULARD";"Geoffroy";"M";"LUD";"CP17";"CHANGER PARIS - LE 17e AU COEUR";"791";"51,07%";"75,41%";"";"32";"7";"ZIADY";"Karim";"M";"LUG";"L17AEV";"LE 17E EST À VOUS ! AVEC KARIM ZIADY ET EMMANUEL GRÉGOIRE L'UNION DE LA GAUCHE ET DES ÉCOLOGISTES";"124";"8,01%";"11,82%";"";"5";"";"";"";"";"";"";"";"";"";"";"";""
"75";"Paris";"75056SR17";"Paris 17eme secteur";"1743";"1576";"1067";"67,70%";"509";"32,30%";"1058";"67,13%";"99,16%";"4";"0,25%";"0,37%";"5";"0,32%";"0,47%";"3";"PARDO";"Rachel-Flore";"F";"LUC";"PAP";"Paris 17e Apaisé avec Rachel-Flore PARDO";"121";"7,68%";"11,44%";"";"2";"5";"BOULARD";"Geoffroy";"M";"LUD";"CP17";"CHANGER PARIS - LE 17e AU COEUR";"817";"51,84%";"77,22%";"";"32";"7";"ZIADY";"Karim";"M";"LUG";"L17AEV";"LE 17E EST À VOUS ! AVEC KARIM ZIADY ET EMMANUEL GRÉGOIRE L'UNION DE LA GAUCHE ET DES ÉCOLOGISTES";"120";"7,61%";"11,34%";"";"5";"";"";"";"";"";"";"";"";"";"";"";""
"75";"Paris";"75056SR17";"Paris 17eme secteur";"1744";"1617";"1093";"67,59%";"524";"32,41%";"1090";"67,41%";"99,73%";"1";"0,06%";"0,09%";"2";"0,12%";"0,18%";"3";"PARDO";"Rachel-Flore";"F";"LUC";"PAP";"Paris 17e Apaisé avec Rachel-Flore PARDO";"123";"7,61%";"11,28%";"";"2";"5";"BOULARD";"Geoffroy";"M";"LUD";"CP17";"CHANGER PARIS - LE 17e AU COEUR";"796";"49,23%";"73,03%";"";"32";"7";"ZIADY";"Karim";"M";"LUG";"L17AEV";"LE 17E EST À VOUS ! AVEC KARIM ZIADY ET EMMANUEL GRÉGOIRE L'UNION DE LA GAUCHE ET DES ÉCOLOGISTES";"171";"10,58%";"15,69%";"";"5";"";"";"";"";"";"";"";"";"";"";"";""
"75";"Paris";"75056SR17";"Paris 17eme secteur";"1745";"1713";"1124";"65,62%";"589";"34,38%";"1114";"65,03%";"99,11%";"7";"0,41%";"0,62%";"3";"0,18%";"0,27%";"3";"PARDO";"Rachel-Flore";"F";"LUC";"PAP";"Paris 17e Apaisé avec Rachel-Flore PARDO";"153";"8,93%";"13,73%";"";"2";"5";"BOULARD";"Geoffroy";"M";"LUD";"CP17";"CHANGER PARIS - LE 17e AU COEUR";"760";"44,37%";"68,22%";"";"32";"7";"ZIADY";"Karim";"M";"LUG";"L17AEV";"LE 17E EST À VOUS ! AVEC KARIM ZIADY ET EMMANUEL GRÉGOIRE L'UNION DE LA GAUCHE ET DES ÉCOLOGISTES";"201";"11,73%";"18,04%";"";"5";"";"";"";"";"";"";"";"";"";"";"";""
"75";"Paris";"75056SR17";"Paris 17eme secteur";"1746";"1607";"1082";"67,33%";"525";"32,67%";"1062";"66,09%";"98,15%";"16";"1,00%";"1,48%";"4";"0,25%";"0,37%";"3";"PARDO";"Rachel-Flore";"F";"LUC";"PAP";"Paris 17e Apaisé avec Rachel-Flore PARDO";"142";"8,84%";"13,37%";"";"2";"5";"BOULARD";"Geoffroy";"M";"LUD";"CP17";"CHANGER PARIS - LE 17e AU COEUR";"680";"42,31%";"64,03%";"";"32";"7";"ZIADY";"Karim";"M";"LUG";"L17AEV";"LE 17E EST À VOUS ! AVEC KARIM ZIADY ET EMMANUEL GRÉGOIRE L'UNION DE LA GAUCHE ET DES ÉCOLOGISTES";"240";"14,93%";"22,60%";"";"5";"";"";"";"";"";"";"";"";"";"";"";""
"75";"Paris";"75056SR17";"Paris 17eme secteur";"1747";"1491";"1068";"71,63%";"423";"28,37%";"1063";"71,29%";"99,53%";"4";"0,27%";"0,37%";"1";"0,07%";"0,09%";"3";"PARDO";"Rachel-Flore";"F";"LUC";"PAP";"Paris 17e Apaisé avec Rachel-Flore PARDO";"137";"9,19%";"12,89%";"";"2";"5";"BOULARD";"Geoffroy";"M";"LUD";"CP17";"CHANGER PARIS - LE 17e AU COEUR";"778";"52,18%";"73,19%";"";"32";"7";"ZIADY";"Karim";"M";"LUG";"L17AEV";"LE 17E EST À VOUS ! AVEC KARIM ZIADY ET EMMANUEL GRÉGOIRE L'UNION DE LA GAUCHE ET DES ÉCOLOGISTES";"148";"9,93%";"13,92%";"";"5";"";"";"";"";"";"";"";"";"";"";"";""
"75";"Paris";"75056SR17";"Paris 17eme secteur";"1748";"1509";"1013";"67,13%";"496";"32,87%";"1003";"66,47%";"99,01%";"5";"0,33%";"0,49%";"5";"0,33%";"0,49%";"3";"PARDO";"Rachel-Flore";"F";"LUC";"PAP";"Paris 17e Apaisé avec Rachel-Flore PARDO";"122";"8,08%";"12,16%";"";"2";"5";"BOULARD";"Geoffroy";"M";"LUD";"CP17";"CHANGER PARIS - LE 17e AU COEUR";"759";"50,30%";"75,67%";"";"32";"7";"ZIADY";"Karim";"M";"LUG";"L17AEV";"LE 17E EST À VOUS ! AVEC KARIM ZIADY ET EMMANUEL GRÉGOIRE L'UNION DE LA GAUCHE ET DES ÉCOLOGISTES";"122";"8,08%";"12,16%";"";"5";"";"";"";"";"";"";"";"";"";"";"";""
"75";"Paris";"75056SR17";"Paris 17eme secteur";"1749";"1446";"1017";"70,33%";"429";"29,67%";"1003";"69,36%";"98,62%";"11";"0,76%";"1,08%";"3";"0,21%";"0,29%";"3";"PARDO";"Rachel-Flore";"F";"LUC";"PAP";"Paris 17e Apaisé avec Rachel-Flore PARDO";"112";"7,75%";"11,17%";"";"2";"5";"BOULARD";"Geoffroy";"M";"LUD";"CP17";"CHANGER PARIS - LE 17e AU COEUR";"749";"51,80%";"74,68%";"";"32";"7";"ZIADY";"Karim";"M";"LUG";"L17AEV";"LE 17E EST À VOUS ! AVEC KARIM ZIADY ET EMMANUEL GRÉGOIRE L'UNION DE LA GAUCHE ET DES ÉCOLOGISTES";"142";"9,82%";"14,16%";"";"5";"";"";"";"";"";"";"";"";"";"";"";""
"75";"Paris";"75056SR17";"Paris 17eme secteur";"1750";"1592";"1118";"70,23%";"474";"29,77%";"1111";"69,79%";"99,37%";"3";"0,19%";"0,27%";"4";"0,25%";"0,36%";"3";"PARDO";"Rachel-Flore";"F";"LUC";"PAP";"Paris 17e Apaisé avec Rachel-Flore PARDO";"147";"9,23%";"13,23%";"";"2";"5";"BOULARD";"Geoffroy";"M";"LUD";"CP17";"CHANGER PARIS - LE 17e AU COEUR";"830";"52,14%";"74,71%";"";"32";"7";"ZIADY";"Karim";"M";"LUG";"L17AEV";"LE 17E EST À VOUS ! AVEC KARIM ZIADY ET EMMANUEL GRÉGOIRE L'UNION DE LA GAUCHE ET DES ÉCOLOGISTES";"134";"8,42%";"12,06%";"";"5";"";"";"";"";"";"";"";"";"";"";"";""
"75";"Paris";"75056SR17";"Paris 17eme secteur";"1751";"1577";"1097";"69,56%";"480";"30,44%";"1086";"68,86%";"99,00%";"6";"0,38%";"0,55%";"5";"0,32%";"0,46%";"3";"PARDO";"Rachel-Flore";"F";"LUC";"PAP";"Paris 17e Apaisé avec Rachel-Flore PARDO";"127";"8,05%";"11,69%";"";"2";"5";"BOULARD";"Geoffroy";"M";"LUD";"CP17";"CHANGER PARIS - LE 17e AU COEUR";"792";"50,22%";"72,93%";"";"32";"7";"ZIADY";"Karim";"M";"LUG";"L17AEV";"LE 17E EST À VOUS ! AVEC KARIM ZIADY ET EMMANUEL GRÉGOIRE L'UNION DE LA GAUCHE ET DES ÉCOLOGISTES";"167";"10,59%";"15,38%";"";"5";"";"";"";"";"";"";"";"";"";"";"";""
"75";"Paris";"75056SR17";"Paris 17eme secteur";"1752";"1539";"1051";"68,29%";"488";"31,71%";"1036";"67,32%";"98,57%";"7";"0,45%";"0,67%";"8";"0,52%";"0,76%";"3";"PARDO";"Rachel-Flore";"F";"LUC";"PAP";"Paris 17e Apaisé avec Rachel-Flore PARDO";"141";"9,16%";"13,61%";"";"2";"5";"BOULARD";"Geoffroy";"M";"LUD";"CP17";"CHANGER PARIS - LE 17e AU COEUR";"722";"46,91%";"69,69%";"";"32";"7";"ZIADY";"Karim";"M";"LUG";"L17AEV";"LE 17E EST À VOUS ! AVEC KARIM ZIADY ET EMMANUEL GRÉGOIRE L'UNION DE LA GAUCHE ET DES ÉCOLOGISTES";"173";"11,24%";"16,70%";"";"5";"";"";"";"";"";"";"";"";"";"";"";""
"75";"Paris";"75056SR17";"Paris 17eme secteur";"1753";"1725";"1184";"68,64%";"541";"31,36%";"1165";"67,54%";"98,40%";"12";"0,70%";"1,01%";"7";"0,41%";"0,59%";"3";"PARDO";"Rachel-Flore";"F";"LUC";"PAP";"Paris 17e Apaisé avec Rachel-Flore PARDO";"153";"8,87%";"13,13%";"";"2";"5";"BOULARD";"Geoffroy";"M";"LUD";"CP17";"CHANGER PARIS - LE 17e AU COEUR";"844";"48,93%";"72,45%";"";"32";"7";"ZIADY";"Karim";"M";"LUG";"L17AEV";"LE 17E EST À VOUS ! AVEC KARIM ZIADY ET EMMANUEL GRÉGOIRE L'UNION DE LA GAUCHE ET DES ÉCOLOGISTES";"168";"9,74%";"14,42%";"";"5";"";"";"";"";"";"";"";"";"";"";"";""
"75";"Paris";"75056SR17";"Paris 17eme secteur";"1754";"1638";"1098";"67,03%";"540";"32,97%";"1089";"66,48%";"99,18%";"8";"0,49%";"0,73%";"1";"0,06%";"0,09%";"3";"PARDO";"Rachel-Flore";"F";"LUC";"PAP";"Paris 17e Apaisé avec Rachel-Flore PARDO";"124";"7,57%";"11,39%";"";"2";"5";"BOULARD";"Geoffroy";"M";"LUD";"CP17";"CHANGER PARIS - LE 17e AU COEUR";"801";"48,90%";"73,55%";"";"32";"7";"ZIADY";"Karim";"M";"LUG";"L17AEV";"LE 17E EST À VOUS ! AVEC KARIM ZIADY ET EMMANUEL GRÉGOIRE L'UNION DE LA GAUCHE ET DES ÉCOLOGISTES";"164";"10,01%";"15,06%";"";"5";"";"";"";"";"";"";"";"";"";"";"";""
"75";"Paris";"75056SR17";"Paris 17eme secteur";"1755";"1651";"1146";"69,41%";"505";"30,59%";"1135";"68,75%";"99,04%";"9";"0,55%";"0,79%";"2";"0,12%";"0,17%";"3";"PARDO";"Rachel-Flore";"F";"LUC";"PAP";"Paris 17e Apaisé avec Rachel-Flore PARDO";"136";"8,24%";"11,98%";"";"2";"5";"BOULARD";"Geoffroy";"M";"LUD";"CP17";"CHANGER PARIS - LE 17e AU COEUR";"823";"49,85%";"72,51%";"";"32";"7";"ZIADY";"Karim";"M";"LUG";"L17AEV";"LE 17E EST À VOUS ! AVEC KARIM ZIADY ET EMMANUEL GRÉGOIRE L'UNION DE LA GAUCHE ET DES ÉCOLOGISTES";"176";"10,66%";"15,51%";"";"5";"";"";"";"";"";"";"";"";"";"";"";""
"75";"Paris";"75056SR17";"Paris 17eme secteur";"1756";"1658";"1007";"60,74%";"651";"39,26%";"987";"59,53%";"98,01%";"11";"0,66%";"1,09%";"9";"0,54%";"0,89%";"3";"PARDO";"Rachel-Flore";"F";"LUC";"PAP";"Paris 17e Apaisé avec Rachel-Flore PARDO";"112";"6,76%";"11,35%";"";"2";"5";"BOULARD";"Geoffroy";"M";"LUD";"CP17";"CHANGER PARIS - LE 17e AU COEUR";"657";"39,63%";"66,57%";"";"32";"7";"ZIADY";"Karim";"M";"LUG";"L17AEV";"LE 17E EST À VOUS ! AVEC KARIM ZIADY ET EMMANUEL GRÉGOIRE L'UNION DE LA GAUCHE ET DES ÉCOLOGISTES";"218";"13,15%";"22,09%";"";"5";"";"";"";"";"";"";"";"";"";"";"";""
"75";"Paris";"75056SR17";"Paris 17eme secteur";"1757";"1585";"866";"54,64%";"719";"45,36%";"830";"52,37%";"95,84%";"25";"1,58%";"2,89%";"11";"0,69%";"1,27%";"3";"PARDO";"Rachel-Flore";"F";"LUC";"PAP";"Paris 17e Apaisé avec Rachel-Flore PARDO";"49";"3,09%";"5,90%";"";"2";"5";"BOULARD";"Geoffroy";"M";"LUD";"CP17";"CHANGER PARIS - LE 17e AU COEUR";"518";"32,68%";"62,41%";"";"32";"7";"ZIADY";"Karim";"M";"LUG";"L17AEV";"LE 17E EST À VOUS ! AVEC KARIM ZIADY ET EMMANUEL GRÉGOIRE L'UNION DE LA GAUCHE ET DES ÉCOLOGISTES";"263";"16,59%";"31,69%";"";"5";"";"";"";"";"";"";"";"";"";"";"";""
"75";"Paris";"75056SR17";"Paris 17eme secteur";"1758";"1420";"792";"55,77%";"628";"44,23%";"764";"53,80%";"96,46%";"18";"1,27%";"2,27%";"10";"0,70%";"1,26%";"3";"PARDO";"Rachel-Flore";"F";"LUC";"PAP";"Paris 17e Apaisé avec Rachel-Flore PARDO";"62";"4,37%";"8,12%";"";"2";"5";"BOULARD";"Geoffroy";"M";"LUD";"CP17";"CHANGER PARIS - LE 17e AU COEUR";"502";"35,35%";"65,71%";"";"32";"7";"ZIADY";"Karim";"M";"LUG";"L17AEV";"LE 17E EST À VOUS ! AVEC KARIM ZIADY ET EMMANUEL GRÉGOIRE L'UNION DE LA GAUCHE ET DES ÉCOLOGISTES";"200";"14,08%";"26,18%";"";"5";"";"";"";"";"";"";"";"";"";"";"";""
"75";"Paris";"75056SR17";"Paris 17eme secteur";"1759";"1601";"915";"57,15%";"686";"42,85%";"892";"55,72%";"97,49%";"16";"1,00%";"1,75%";"7";"0,44%";"0,77%";"3";"PARDO";"Rachel-Flore";"F";"LUC";"PAP";"Paris 17e Apaisé avec Rachel-Flore PARDO";"90";"5,62%";"10,09%";"";"2";"5";"BOULARD";"Geoffroy";"M";"LUD";"CP17";"CHANGER PARIS - LE 17e AU COEUR";"617";"38,54%";"69,17%";"";"32";"7";"ZIADY";"Karim";"M";"LUG";"L17AEV";"LE 17E EST À VOUS ! AVEC KARIM ZIADY ET EMMANUEL GRÉGOIRE L'UNION DE LA GAUCHE ET DES ÉCOLOGISTES";"185";"11,56%";"20,74%";"";"5";"";"";"";"";"";"";"";"";"";"";"";""
"75";"Paris";"75056SR17";"Paris 17eme secteur";"1760";"1476";"927";"62,80%";"549";"37,20%";"921";"62,40%";"99,35%";"5";"0,34%";"0,54%";"1";"0,07%";"0,11%";"3";"PARDO";"Rachel-Flore";"F";"LUC";"PAP";"Paris 17e Apaisé avec Rachel-Flore PARDO";"121";"8,20%";"13,14%";"";"2";"5";"BOULARD";"Geoffroy";"M";"LUD";"CP17";"CHANGER PARIS - LE 17e AU COEUR";"650";"44,04%";"70,58%";"";"32";"7";"ZIADY";"Karim";"M";"LUG";"L17AEV";"LE 17E EST À VOUS ! AVEC KARIM ZIADY ET EMMANUEL GRÉGOIRE L'UNION DE LA GAUCHE ET DES ÉCOLOGISTES";"150";"10,16%";"16,29%";"";"5";"";"";"";"";"";"";"";"";"";"";"";""
"75";"Paris";"75056SR17";"Paris 17eme secteur";"1761";"1545";"1074";"69,51%";"471";"30,49%";"1066";"69,00%";"99,26%";"6";"0,39%";"0,56%";"2";"0,13%";"0,19%";"3";"PARDO";"Rachel-Flore";"F";"LUC";"PAP";"Paris 17e Apaisé avec Rachel-Flore PARDO";"109";"7,06%";"10,23%";"";"2";"5";"BOULARD";"Geoffroy";"M";"LUD";"CP17";"CHANGER PARIS - LE 17e AU COEUR";"793";"51,33%";"74,39%";"";"32";"7";"ZIADY";"Karim";"M";"LUG";"L17AEV";"LE 17E EST À VOUS ! AVEC KARIM ZIADY ET EMMANUEL GRÉGOIRE L'UNION DE LA GAUCHE ET DES ÉCOLOGISTES";"164";"10,61%";"15,38%";"";"5";"";"";"";"";"";"";"";"";"";"";"";""
"75";"Paris";"75056SR17";"Paris 17eme secteur";"1762";"1544";"1056";"68,39%";"488";"31,61%";"1041";"67,42%";"98,58%";"10";"0,65%";"0,95%";"5";"0,32%";"0,47%";"3";"PARDO";"Rachel-Flore";"F";"LUC";"PAP";"Paris 17e Apaisé avec Rachel-Flore PARDO";"132";"8,55%";"12,68%";"";"2";"5";"BOULARD";"Geoffroy";"M";"LUD";"CP17";"CHANGER PARIS - LE 17e AU COEUR";"744";"48,19%";"71,47%";"";"32";"7";"ZIADY";"Karim";"M";"LUG";"L17AEV";"LE 17E EST À VOUS ! AVEC KARIM ZIADY ET EMMANUEL GRÉGOIRE L'UNION DE LA GAUCHE ET DES ÉCOLOGISTES";"165";"10,69%";"15,85%";"";"5";"";"";"";"";"";"";"";"";"";"";"";""
"75";"Paris";"75056SR17";"Paris 17eme secteur";"1763";"1555";"979";"62,96%";"576";"37,04%";"971";"62,44%";"99,18%";"3";"0,19%";"0,31%";"5";"0,32%";"0,51%";"3";"PARDO";"Rachel-Flore";"F";"LUC";"PAP";"Paris 17e Apaisé avec Rachel-Flore PARDO";"125";"8,04%";"12,87%";"";"2";"5";"BOULARD";"Geoffroy";"M";"LUD";"CP17";"CHANGER PARIS - LE 17e AU COEUR";"680";"43,73%";"70,03%";"";"32";"7";"ZIADY";"Karim";"M";"LUG";"L17AEV";"LE 17E EST À VOUS ! AVEC KARIM ZIADY ET EMMANUEL GRÉGOIRE L'UNION DE LA GAUCHE ET DES ÉCOLOGISTES";"166";"10,68%";"17,10%";"";"5";"";"";"";"";"";"";"";"";"";"";"";""
"75";"Paris";"75056SR17";"Paris 17eme secteur";"1764";"1562";"999";"63,96%";"563";"36,04%";"990";"63,38%";"99,10%";"6";"0,38%";"0,60%";"3";"0,19%";"0,30%";"3";"PARDO";"Rachel-Flore";"F";"LUC";"PAP";"Paris 17e Apaisé avec Rachel-Flore PARDO";"117";"7,49%";"11,82%";"";"2";"5";"BOULARD";"Geoffroy";"M";"LUD";"CP17";"CHANGER PARIS - LE 17e AU COEUR";"702";"44,94%";"70,91%";"";"32";"7";"ZIADY";"Karim";"M";"LUG";"L17AEV";"LE 17E EST À VOUS ! AVEC KARIM ZIADY ET EMMANUEL GRÉGOIRE L'UNION DE LA GAUCHE ET DES ÉCOLOGISTES";"171";"10,95%";"17,27%";"";"5";"";"";"";"";"";"";"";"";"";"";"";""
"75";"Paris";"75056SR17";"Paris 17eme secteur";"1765";"1439";"985";"68,45%";"454";"31,55%";"978";"67,96%";"99,29%";"5";"0,35%";"0,51%";"2";"0,14%";"0,20%";"3";"PARDO";"Rachel-Flore";"F";"LUC";"PAP";"Paris 17e Apaisé avec Rachel-Flore PARDO";"116";"8,06%";"11,86%";"";"2";"5";"BOULARD";"Geoffroy";"M";"LUD";"CP17";"CHANGER PARIS - LE 17e AU COEUR";"716";"49,76%";"73,21%";"";"32";"7";"ZIADY";"Karim";"M";"LUG";"L17AEV";"LE 17E EST À VOUS ! AVEC KARIM ZIADY ET EMMANUEL GRÉGOIRE L'UNION DE LA GAUCHE ET DES ÉCOLOGISTES";"146";"10,15%";"14,93%";"";"5";"";"";"";"";"";"";"";"";"";"";"";""
"75";"Paris";"75056SR17";"Paris 17eme secteur";"1766";"1890";"1135";"60,05%";"755";"39,95%";"1122";"59,37%";"98,85%";"8";"0,42%";"0,70%";"5";"0,26%";"0,44%";"3";"PARDO";"Rachel-Flore";"F";"LUC";"PAP";"Paris 17e Apaisé avec Rachel-Flore PARDO";"143";"7,57%";"12,75%";"";"2";"5";"BOULARD";"Geoffroy";"M";"LUD";"CP17";"CHANGER PARIS - LE 17e AU COEUR";"789";"41,75%";"70,32%";"";"32";"7";"ZIADY";"Karim";"M";"LUG";"L17AEV";"LE 17E EST À VOUS ! AVEC KARIM ZIADY ET EMMANUEL GRÉGOIRE L'UNION DE LA GAUCHE ET DES ÉCOLOGISTES";"190";"10,05%";"16,93%";"";"5";"";"";"";"";"";"";"";"";"";"";"";""
"75";"Paris";"75056SR17";"Paris 17eme secteur";"1767";"1706";"1137";"66,65%";"569";"33,35%";"1126";"66,00%";"99,03%";"6";"0,35%";"0,53%";"5";"0,29%";"0,44%";"3";"PARDO";"Rachel-Flore";"F";"LUC";"PAP";"Paris 17e Apaisé avec Rachel-Flore PARDO";"156";"9,14%";"13,85%";"";"2";"5";"BOULARD";"Geoffroy";"M";"LUD";"CP17";"CHANGER PARIS - LE 17e AU COEUR";"809";"47,42%";"71,85%";"";"32";"7";"ZIADY";"Karim";"M";"LUG";"L17AEV";"LE 17E EST À VOUS ! AVEC KARIM ZIADY ET EMMANUEL GRÉGOIRE L'UNION DE LA GAUCHE ET DES ÉCOLOGISTES";"161";"9,44%";"14,30%";"";"5";"";"";"";"";"";"";"";"";"";"";"";""
"75";"Paris";"75056SR17";"Paris 17eme secteur";"1768";"1797";"1139";"63,38%";"658";"36,62%";"1122";"62,44%";"98,51%";"14";"0,78%";"1,23%";"3";"0,17%";"0,26%";"3";"PARDO";"Rachel-Flore";"F";"LUC";"PAP";"Paris 17e Apaisé avec Rachel-Flore PARDO";"98";"5,45%";"8,73%";"";"2";"5";"BOULARD";"Geoffroy";"M";"LUD";"CP17";"CHANGER PARIS - LE 17e AU COEUR";"584";"32,50%";"52,05%";"";"32";"7";"ZIADY";"Karim";"M";"LUG";"L17AEV";"LE 17E EST À VOUS ! AVEC KARIM ZIADY ET EMMANUEL GRÉGOIRE L'UNION DE LA GAUCHE ET DES ÉCOLOGISTES";"440";"24,49%";"39,22%";"";"5";"";"";"";"";"";"";"";"";"";"";"";""
"75";"Paris";"75056SR17";"Paris 17eme secteur";"1769";"1108";"623";"56,23%";"485";"43,77%";"600";"54,15%";"96,31%";"20";"1,81%";"3,21%";"3";"0,27%";"0,48%";"3";"PARDO";"Rachel-Flore";"F";"LUC";"PAP";"Paris 17e Apaisé avec Rachel-Flore PARDO";"69";"6,23%";"11,50%";"";"2";"5";"BOULARD";"Geoffroy";"M";"LUD";"CP17";"CHANGER PARIS - LE 17e AU COEUR";"251";"22,65%";"41,83%";"";"32";"7";"ZIADY";"Karim";"M";"LUG";"L17AEV";"LE 17E EST À VOUS ! AVEC KARIM ZIADY ET EMMANUEL GRÉGOIRE L'UNION DE LA GAUCHE ET DES ÉCOLOGISTES";"280";"25,27%";"46,67%";"";"5";"";"";"";"";"";"";"";"";"";"";"";""
"75";"Paris";"75056SR18";"Paris 18eme secteur";"1801";"1641";"1097";"66,85%";"544";"33,15%";"1079";"65,75%";"98,36%";"9";"0,55%";"0,82%";"9";"0,55%";"0,82%";"3";"GUERRIER";"Thierry";"M";"LUD";"CP18";"Changer Paris 18 avecThierry Guerrier et Rachida Dati";"271";"16,51%";"25,12%";"";"5";"4";"LEJOINDRE";"Eric";"M";"LUG";"EAV";"Le 18e est à vous ! Avec Eric Lejoindre et Emmanuel Grégoire. L'union de la gauche et des écologistes";"497";"30,29%";"46,06%";"";"32";"5";"OBONO";"Danièle";"F";"LFI";"LNPPC 18e";"LE NOUVEAU PARIS POPULAIRE ET CITOYEN 18e";"174";"10,60%";"16,13%";"";"5";"9";"BELAÏD";"Samir";"M";"LUC";"P18AP";"Paris 18ème apaisé avec Samir BELAÏD";"137";"8,35%";"12,70%";"";"2"
"75";"Paris";"75056SR18";"Paris 18eme secteur";"1802";"1619";"1067";"65,90%";"552";"34,10%";"1043";"64,42%";"97,75%";"17";"1,05%";"1,59%";"7";"0,43%";"0,66%";"3";"GUERRIER";"Thierry";"M";"LUD";"CP18";"Changer Paris 18 avecThierry Guerrier et Rachida Dati";"246";"15,19%";"23,59%";"";"5";"4";"LEJOINDRE";"Eric";"M";"LUG";"EAV";"Le 18e est à vous ! Avec Eric Lejoindre et Emmanuel Grégoire. L'union de la gauche et des écologistes";"477";"29,46%";"45,73%";"";"32";"5";"OBONO";"Danièle";"F";"LFI";"LNPPC 18e";"LE NOUVEAU PARIS POPULAIRE ET CITOYEN 18e";"175";"10,81%";"16,78%";"";"5";"9";"BELAÏD";"Samir";"M";"LUC";"P18AP";"Paris 18ème apaisé avec Samir BELAÏD";"145";"8,96%";"13,90%";"";"2"
"75";"Paris";"75056SR18";"Paris 18eme secteur";"1803";"1640";"1055";"64,33%";"585";"35,67%";"1040";"63,41%";"98,58%";"6";"0,37%";"0,57%";"9";"0,55%";"0,85%";"3";"GUERRIER";"Thierry";"M";"LUD";"CP18";"Changer Paris 18 avecThierry Guerrier et Rachida Dati";"347";"21,16%";"33,37%";"";"5";"4";"LEJOINDRE";"Eric";"M";"LUG";"EAV";"Le 18e est à vous ! Avec Eric Lejoindre et Emmanuel Grégoire. L'union de la gauche et des écologistes";"407";"24,82%";"39,13%";"";"32";"5";"OBONO";"Danièle";"F";"LFI";"LNPPC 18e";"LE NOUVEAU PARIS POPULAIRE ET CITOYEN 18e";"129";"7,87%";"12,40%";"";"5";"9";"BELAÏD";"Samir";"M";"LUC";"P18AP";"Paris 18ème apaisé avec Samir BELAÏD";"157";"9,57%";"15,10%";"";"2"
"75";"Paris";"75056SR18";"Paris 18eme secteur";"1804";"1914";"1270";"66,35%";"644";"33,65%";"1239";"64,73%";"97,56%";"15";"0,78%";"1,18%";"16";"0,84%";"1,26%";"3";"GUERRIER";"Thierry";"M";"LUD";"CP18";"Changer Paris 18 avecThierry Guerrier et Rachida Dati";"285";"14,89%";"23,00%";"";"5";"4";"LEJOINDRE";"Eric";"M";"LUG";"EAV";"Le 18e est à vous ! Avec Eric Lejoindre et Emmanuel Grégoire. L'union de la gauche et des écologistes";"587";"30,67%";"47,38%";"";"32";"5";"OBONO";"Danièle";"F";"LFI";"LNPPC 18e";"LE NOUVEAU PARIS POPULAIRE ET CITOYEN 18e";"221";"11,55%";"17,84%";"";"5";"9";"BELAÏD";"Samir";"M";"LUC";"P18AP";"Paris 18ème apaisé avec Samir BELAÏD";"146";"7,63%";"11,78%";"";"2"
"75";"Paris";"75056SR18";"Paris 18eme secteur";"1805";"1340";"928";"69,25%";"412";"30,75%";"915";"68,28%";"98,60%";"3";"0,22%";"0,32%";"10";"0,75%";"1,08%";"3";"GUERRIER";"Thierry";"M";"LUD";"CP18";"Changer Paris 18 avecThierry Guerrier et Rachida Dati";"248";"18,51%";"27,10%";"";"5";"4";"LEJOINDRE";"Eric";"M";"LUG";"EAV";"Le 18e est à vous ! Avec Eric Lejoindre et Emmanuel Grégoire. L'union de la gauche et des écologistes";"404";"30,15%";"44,15%";"";"32";"5";"OBONO";"Danièle";"F";"LFI";"LNPPC 18e";"LE NOUVEAU PARIS POPULAIRE ET CITOYEN 18e";"140";"10,45%";"15,30%";"";"5";"9";"BELAÏD";"Samir";"M";"LUC";"P18AP";"Paris 18ème apaisé avec Samir BELAÏD";"123";"9,18%";"13,44%";"";"2"
"75";"Paris";"75056SR18";"Paris 18eme secteur";"1806";"1495";"985";"65,89%";"510";"34,11%";"970";"64,88%";"98,48%";"5";"0,33%";"0,51%";"10";"0,67%";"1,02%";"3";"GUERRIER";"Thierry";"M";"LUD";"CP18";"Changer Paris 18 avecThierry Guerrier et Rachida Dati";"238";"15,92%";"24,54%";"";"5";"4";"LEJOINDRE";"Eric";"M";"LUG";"EAV";"Le 18e est à vous ! Avec Eric Lejoindre et Emmanuel Grégoire. L'union de la gauche et des écologistes";"455";"30,43%";"46,91%";"";"32";"5";"OBONO";"Danièle";"F";"LFI";"LNPPC 18e";"LE NOUVEAU PARIS POPULAIRE ET CITOYEN 18e";"169";"11,30%";"17,42%";"";"5";"9";"BELAÏD";"Samir";"M";"LUC";"P18AP";"Paris 18ème apaisé avec Samir BELAÏD";"108";"7,22%";"11,13%";"";"2"
"75";"Paris";"75056SR18";"Paris 18eme secteur";"1807";"1504";"944";"62,77%";"560";"37,23%";"927";"61,64%";"98,20%";"6";"0,40%";"0,64%";"11";"0,73%";"1,17%";"3";"GUERRIER";"Thierry";"M";"LUD";"CP18";"Changer Paris 18 avecThierry Guerrier et Rachida Dati";"158";"10,51%";"17,04%";"";"5";"4";"LEJOINDRE";"Eric";"M";"LUG";"EAV";"Le 18e est à vous ! Avec Eric Lejoindre et Emmanuel Grégoire. L'union de la gauche et des écologistes";"487";"32,38%";"52,54%";"";"32";"5";"OBONO";"Danièle";"F";"LFI";"LNPPC 18e";"LE NOUVEAU PARIS POPULAIRE ET CITOYEN 18e";"200";"13,30%";"21,57%";"";"5";"9";"BELAÏD";"Samir";"M";"LUC";"P18AP";"Paris 18ème apaisé avec Samir BELAÏD";"82";"5,45%";"8,85%";"";"2"
"75";"Paris";"75056SR18";"Paris 18eme secteur";"1808";"1535";"965";"62,87%";"570";"37,13%";"950";"61,89%";"98,45%";"7";"0,46%";"0,73%";"8";"0,52%";"0,83%";"3";"GUERRIER";"Thierry";"M";"LUD";"CP18";"Changer Paris 18 avecThierry Guerrier et Rachida Dati";"203";"13,22%";"21,37%";"";"5";"4";"LEJOINDRE";"Eric";"M";"LUG";"EAV";"Le 18e est à vous ! Avec Eric Lejoindre et Emmanuel Grégoire. L'union de la gauche et des écologistes";"442";"28,79%";"46,53%";"";"32";"5";"OBONO";"Danièle";"F";"LFI";"LNPPC 18e";"LE NOUVEAU PARIS POPULAIRE ET CITOYEN 18e";"219";"14,27%";"23,05%";"";"5";"9";"BELAÏD";"Samir";"M";"LUC";"P18AP";"Paris 18ème apaisé avec Samir BELAÏD";"86";"5,60%";"9,05%";"";"2"
"75";"Paris";"75056SR18";"Paris 18eme secteur";"1809";"1641";"1075";"65,51%";"566";"34,49%";"1049";"63,92%";"97,58%";"17";"1,04%";"1,58%";"9";"0,55%";"0,84%";"3";"GUERRIER";"Thierry";"M";"LUD";"CP18";"Changer Paris 18 avecThierry Guerrier et Rachida Dati";"224";"13,65%";"21,35%";"";"5";"4";"LEJOINDRE";"Eric";"M";"LUG";"EAV";"Le 18e est à vous ! Avec Eric Lejoindre et Emmanuel Grégoire. L'union de la gauche et des écologistes";"498";"30,35%";"47,47%";"";"32";"5";"OBONO";"Danièle";"F";"LFI";"LNPPC 18e";"LE NOUVEAU PARIS POPULAIRE ET CITOYEN 18e";"220";"13,41%";"20,97%";"";"5";"9";"BELAÏD";"Samir";"M";"LUC";"P18AP";"Paris 18ème apaisé avec Samir BELAÏD";"107";"6,52%";"10,20%";"";"2"
"75";"Paris";"75056SR18";"Paris 18eme secteur";"1810";"1740";"1078";"61,95%";"662";"38,05%";"1064";"61,15%";"98,70%";"8";"0,46%";"0,74%";"6";"0,34%";"0,56%";"3";"GUERRIER";"Thierry";"M";"LUD";"CP18";"Changer Paris 18 avecThierry Guerrier et Rachida Dati";"171";"9,83%";"16,07%";"";"5";"4";"LEJOINDRE";"Eric";"M";"LUG";"EAV";"Le 18e est à vous ! Avec Eric Lejoindre et Emmanuel Grégoire. L'union de la gauche et des écologistes";"537";"30,86%";"50,47%";"";"32";"5";"OBONO";"Danièle";"F";"LFI";"LNPPC 18e";"LE NOUVEAU PARIS POPULAIRE ET CITOYEN 18e";"273";"15,69%";"25,66%";"";"5";"9";"BELAÏD";"Samir";"M";"LUC";"P18AP";"Paris 18ème apaisé avec Samir BELAÏD";"83";"4,77%";"7,80%";"";"2"
"75";"Paris";"75056SR18";"Paris 18eme secteur";"1811";"1678";"1085";"64,66%";"593";"35,34%";"1065";"63,47%";"98,16%";"10";"0,60%";"0,92%";"10";"0,60%";"0,92%";"3";"GUERRIER";"Thierry";"M";"LUD";"CP18";"Changer Paris 18 avecThierry Guerrier et Rachida Dati";"218";"12,99%";"20,47%";"";"5";"4";"LEJOINDRE";"Eric";"M";"LUG";"EAV";"Le 18e est à vous ! Avec Eric Lejoindre et Emmanuel Grégoire. L'union de la gauche et des écologistes";"479";"28,55%";"44,98%";"";"32";"5";"OBONO";"Danièle";"F";"LFI";"LNPPC 18e";"LE NOUVEAU PARIS POPULAIRE ET CITOYEN 18e";"270";"16,09%";"25,35%";"";"5";"9";"BELAÏD";"Samir";"M";"LUC";"P18AP";"Paris 18ème apaisé avec Samir BELAÏD";"98";"5,84%";"9,20%";"";"2"
"75";"Paris";"75056SR18";"Paris 18eme secteur";"1812";"1686";"834";"49,47%";"852";"50,53%";"805";"47,75%";"96,52%";"16";"0,95%";"1,92%";"13";"0,77%";"1,56%";"3";"GUERRIER";"Thierry";"M";"LUD";"CP18";"Changer Paris 18 avecThierry Guerrier et Rachida Dati";"172";"10,20%";"21,37%";"";"5";"4";"LEJOINDRE";"Eric";"M";"LUG";"EAV";"Le 18e est à vous ! Avec Eric Lejoindre et Emmanuel Grégoire. L'union de la gauche et des écologistes";"311";"18,45%";"38,63%";"";"32";"5";"OBONO";"Danièle";"F";"LFI";"LNPPC 18e";"LE NOUVEAU PARIS POPULAIRE ET CITOYEN 18e";"236";"14,00%";"29,32%";"";"5";"9";"BELAÏD";"Samir";"M";"LUC";"P18AP";"Paris 18ème apaisé avec Samir BELAÏD";"86";"5,10%";"10,68%";"";"2"
"75";"Paris";"75056SR18";"Paris 18eme secteur";"1813";"1365";"629";"46,08%";"736";"53,92%";"609";"44,62%";"96,82%";"14";"1,03%";"2,23%";"6";"0,44%";"0,95%";"3";"GUERRIER";"Thierry";"M";"LUD";"CP18";"Changer Paris 18 avecThierry Guerrier et Rachida Dati";"112";"8,21%";"18,39%";"";"5";"4";"LEJOINDRE";"Eric";"M";"LUG";"EAV";"Le 18e est à vous ! Avec Eric Lejoindre et Emmanuel Grégoire. L'union de la gauche et des écologistes";"189";"13,85%";"31,03%";"";"32";"5";"OBONO";"Danièle";"F";"LFI";"LNPPC 18e";"LE NOUVEAU PARIS POPULAIRE ET CITOYEN 18e";"259";"18,97%";"42,53%";"";"5";"9";"BELAÏD";"Samir";"M";"LUC";"P18AP";"Paris 18ème apaisé avec Samir BELAÏD";"49";"3,59%";"8,05%";"";"2"
"75";"Paris";"75056SR18";"Paris 18eme secteur";"1814";"1953";"1070";"54,79%";"883";"45,21%";"1045";"53,51%";"97,66%";"16";"0,82%";"1,50%";"9";"0,46%";"0,84%";"3";"GUERRIER";"Thierry";"M";"LUD";"CP18";"Changer Paris 18 avecThierry Guerrier et Rachida Dati";"184";"9,42%";"17,61%";"";"5";"4";"LEJOINDRE";"Eric";"M";"LUG";"EAV";"Le 18e est à vous ! Avec Eric Lejoindre et Emmanuel Grégoire. L'union de la gauche et des écologistes";"472";"24,17%";"45,17%";"";"32";"5";"OBONO";"Danièle";"F";"LFI";"LNPPC 18e";"LE NOUVEAU PARIS POPULAIRE ET CITOYEN 18e";"318";"16,28%";"30,43%";"";"5";"9";"BELAÏD";"Samir";"M";"LUC";"P18AP";"Paris 18ème apaisé avec Samir BELAÏD";"71";"3,64%";"6,79%";"";"2"
"75";"Paris";"75056SR18";"Paris 18eme secteur";"1815";"1501";"905";"60,29%";"596";"39,71%";"893";"59,49%";"98,67%";"9";"0,60%";"0,99%";"3";"0,20%";"0,33%";"3";"GUERRIER";"Thierry";"M";"LUD";"CP18";"Changer Paris 18 avecThierry Guerrier et Rachida Dati";"167";"11,13%";"18,70%";"";"5";"4";"LEJOINDRE";"Eric";"M";"LUG";"EAV";"Le 18e est à vous ! Avec Eric Lejoindre et Emmanuel Grégoire. L'union de la gauche et des écologistes";"423";"28,18%";"47,37%";"";"32";"5";"OBONO";"Danièle";"F";"LFI";"LNPPC 18e";"LE NOUVEAU PARIS POPULAIRE ET CITOYEN 18e";"241";"16,06%";"26,99%";"";"5";"9";"BELAÏD";"Samir";"M";"LUC";"P18AP";"Paris 18ème apaisé avec Samir BELAÏD";"62";"4,13%";"6,94%";"";"2"
"75";"Paris";"75056SR18";"Paris 18eme secteur";"1816";"1788";"1037";"58,00%";"751";"42,00%";"1025";"57,33%";"98,84%";"9";"0,50%";"0,87%";"3";"0,17%";"0,29%";"3";"GUERRIER";"Thierry";"M";"LUD";"CP18";"Changer Paris 18 avecThierry Guerrier et Rachida Dati";"186";"10,40%";"18,15%";"";"5";"4";"LEJOINDRE";"Eric";"M";"LUG";"EAV";"Le 18e est à vous ! Avec Eric Lejoindre et Emmanuel Grégoire. L'union de la gauche et des écologistes";"454";"25,39%";"44,29%";"";"32";"5";"OBONO";"Danièle";"F";"LFI";"LNPPC 18e";"LE NOUVEAU PARIS POPULAIRE ET CITOYEN 18e";"305";"17,06%";"29,76%";"";"5";"9";"BELAÏD";"Samir";"M";"LUC";"P18AP";"Paris 18ème apaisé avec Samir BELAÏD";"80";"4,47%";"7,80%";"";"2"
"75";"Paris";"75056SR18";"Paris 18eme secteur";"1817";"2036";"1177";"57,81%";"859";"42,19%";"1154";"56,68%";"98,05%";"13";"0,64%";"1,10%";"10";"0,49%";"0,85%";"3";"GUERRIER";"Thierry";"M";"LUD";"CP18";"Changer Paris 18 avecThierry Guerrier et Rachida Dati";"194";"9,53%";"16,81%";"";"5";"4";"LEJOINDRE";"Eric";"M";"LUG";"EAV";"Le 18e est à vous ! Avec Eric Lejoindre et Emmanuel Grégoire. L'union de la gauche et des écologistes";"498";"24,46%";"43,15%";"";"32";"5";"OBONO";"Danièle";"F";"LFI";"LNPPC 18e";"LE NOUVEAU PARIS POPULAIRE ET CITOYEN 18e";"375";"18,42%";"32,50%";"";"5";"9";"BELAÏD";"Samir";"M";"LUC";"P18AP";"Paris 18ème apaisé avec Samir BELAÏD";"87";"4,27%";"7,54%";"";"2"
"75";"Paris";"75056SR18";"Paris 18eme secteur";"1818";"1965";"1300";"66,16%";"665";"33,84%";"1282";"65,24%";"98,62%";"12";"0,61%";"0,92%";"6";"0,31%";"0,46%";"3";"GUERRIER";"Thierry";"M";"LUD";"CP18";"Changer Paris 18 avecThierry Guerrier et Rachida Dati";"213";"10,84%";"16,61%";"";"5";"4";"LEJOINDRE";"Eric";"M";"LUG";"EAV";"Le 18e est à vous ! Avec Eric Lejoindre et Emmanuel Grégoire. L'union de la gauche et des écologistes";"586";"29,82%";"45,71%";"";"32";"5";"OBONO";"Danièle";"F";"LFI";"LNPPC 18e";"LE NOUVEAU PARIS POPULAIRE ET CITOYEN 18e";"388";"19,75%";"30,27%";"";"5";"9";"BELAÏD";"Samir";"M";"LUC";"P18AP";"Paris 18ème apaisé avec Samir BELAÏD";"95";"4,83%";"7,41%";"";"2"
"75";"Paris";"75056SR18";"Paris 18eme secteur";"1819";"1951";"1260";"64,58%";"691";"35,42%";"1244";"63,76%";"98,73%";"13";"0,67%";"1,03%";"3";"0,15%";"0,24%";"3";"GUERRIER";"Thierry";"M";"LUD";"CP18";"Changer Paris 18 avecThierry Guerrier et Rachida Dati";"244";"12,51%";"19,61%";"";"5";"4";"LEJOINDRE";"Eric";"M";"LUG";"EAV";"Le 18e est à vous ! Avec Eric Lejoindre et Emmanuel Grégoire. L'union de la gauche et des écologistes";"585";"29,98%";"47,03%";"";"32";"5";"OBONO";"Danièle";"F";"LFI";"LNPPC 18e";"LE NOUVEAU PARIS POPULAIRE ET CITOYEN 18e";"310";"15,89%";"24,92%";"";"5";"9";"BELAÏD";"Samir";"M";"LUC";"P18AP";"Paris 18ème apaisé avec Samir BELAÏD";"105";"5,38%";"8,44%";"";"2"
"75";"Paris";"75056SR18";"Paris 18eme secteur";"1820";"1856";"1201";"64,71%";"655";"35,29%";"1176";"63,36%";"97,92%";"20";"1,08%";"1,67%";"5";"0,27%";"0,42%";"3";"GUERRIER";"Thierry";"M";"LUD";"CP18";"Changer Paris 18 avecThierry Guerrier et Rachida Dati";"220";"11,85%";"18,71%";"";"5";"4";"LEJOINDRE";"Eric";"M";"LUG";"EAV";"Le 18e est à vous ! Avec Eric Lejoindre et Emmanuel Grégoire. L'union de la gauche et des écologistes";"552";"29,74%";"46,94%";"";"32";"5";"OBONO";"Danièle";"F";"LFI";"LNPPC 18e";"LE NOUVEAU PARIS POPULAIRE ET CITOYEN 18e";"308";"16,59%";"26,19%";"";"5";"9";"BELAÏD";"Samir";"M";"LUC";"P18AP";"Paris 18ème apaisé avec Samir BELAÏD";"96";"5,17%";"8,16%";"";"2"
"75";"Paris";"75056SR18";"Paris 18eme secteur";"1821";"1679";"1109";"66,05%";"570";"33,95%";"1092";"65,04%";"98,47%";"11";"0,66%";"0,99%";"6";"0,36%";"0,54%";"3";"GUERRIER";"Thierry";"M";"LUD";"CP18";"Changer Paris 18 avecThierry Guerrier et Rachida Dati";"235";"14,00%";"21,52%";"";"5";"4";"LEJOINDRE";"Eric";"M";"LUG";"EAV";"Le 18e est à vous ! Avec Eric Lejoindre et Emmanuel Grégoire. L'union de la gauche et des écologistes";"533";"31,75%";"48,81%";"";"32";"5";"OBONO";"Danièle";"F";"LFI";"LNPPC 18e";"LE NOUVEAU PARIS POPULAIRE ET CITOYEN 18e";"228";"13,58%";"20,88%";"";"5";"9";"BELAÏD";"Samir";"M";"LUC";"P18AP";"Paris 18ème apaisé avec Samir BELAÏD";"96";"5,72%";"8,79%";"";"2"
"75";"Paris";"75056SR18";"Paris 18eme secteur";"1822";"1476";"923";"62,53%";"553";"37,47%";"916";"62,06%";"99,24%";"4";"0,27%";"0,43%";"3";"0,20%";"0,33%";"3";"GUERRIER";"Thierry";"M";"LUD";"CP18";"Changer Paris 18 avecThierry Guerrier et Rachida Dati";"232";"15,72%";"25,33%";"";"5";"4";"LEJOINDRE";"Eric";"M";"LUG";"EAV";"Le 18e est à vous ! Avec Eric Lejoindre et Emmanuel Grégoire. L'union de la gauche et des écologistes";"428";"29,00%";"46,72%";"";"32";"5";"OBONO";"Danièle";"F";"LFI";"LNPPC 18e";"LE NOUVEAU PARIS POPULAIRE ET CITOYEN 18e";"177";"11,99%";"19,32%";"";"5";"9";"BELAÏD";"Samir";"M";"LUC";"P18AP";"Paris 18ème apaisé avec Samir BELAÏD";"79";"5,35%";"8,62%";"";"2"
"75";"Paris";"75056SR18";"Paris 18eme secteur";"1823";"1627";"1002";"61,59%";"625";"38,41%";"989";"60,79%";"98,70%";"9";"0,55%";"0,90%";"4";"0,25%";"0,40%";"3";"GUERRIER";"Thierry";"M";"LUD";"CP18";"Changer Paris 18 avecThierry Guerrier et Rachida Dati";"246";"15,12%";"24,87%";"";"5";"4";"LEJOINDRE";"Eric";"M";"LUG";"EAV";"Le 18e est à vous ! Avec Eric Lejoindre et Emmanuel Grégoire. L'union de la gauche et des écologistes";"440";"27,04%";"44,49%";"";"32";"5";"OBONO";"Danièle";"F";"LFI";"LNPPC 18e";"LE NOUVEAU PARIS POPULAIRE ET CITOYEN 18e";"180";"11,06%";"18,20%";"";"5";"9";"BELAÏD";"Samir";"M";"LUC";"P18AP";"Paris 18ème apaisé avec Samir BELAÏD";"123";"7,56%";"12,44%";"";"2"
"75";"Paris";"75056SR18";"Paris 18eme secteur";"1824";"1685";"1105";"65,58%";"580";"34,42%";"1095";"64,99%";"99,10%";"8";"0,47%";"0,72%";"2";"0,12%";"0,18%";"3";"GUERRIER";"Thierry";"M";"LUD";"CP18";"Changer Paris 18 avecThierry Guerrier et Rachida Dati";"262";"15,55%";"23,93%";"";"5";"4";"LEJOINDRE";"Eric";"M";"LUG";"EAV";"Le 18e est à vous ! Avec Eric Lejoindre et Emmanuel Grégoire. L'union de la gauche et des écologistes";"522";"30,98%";"47,67%";"";"32";"5";"OBONO";"Danièle";"F";"LFI";"LNPPC 18e";"LE NOUVEAU PARIS POPULAIRE ET CITOYEN 18e";"184";"10,92%";"16,80%";"";"5";"9";"BELAÏD";"Samir";"M";"LUC";"P18AP";"Paris 18ème apaisé avec Samir BELAÏD";"127";"7,54%";"11,60%";"";"2"
"75";"Paris";"75056SR18";"Paris 18eme secteur";"1825";"1555";"1130";"72,67%";"425";"27,33%";"1113";"71,58%";"98,50%";"12";"0,77%";"1,06%";"5";"0,32%";"0,44%";"3";"GUERRIER";"Thierry";"M";"LUD";"CP18";"Changer Paris 18 avecThierry Guerrier et Rachida Dati";"373";"23,99%";"33,51%";"";"5";"4";"LEJOINDRE";"Eric";"M";"LUG";"EAV";"Le 18e est à vous ! Avec Eric Lejoindre et Emmanuel Grégoire. L'union de la gauche et des écologistes";"446";"28,68%";"40,07%";"";"32";"5";"OBONO";"Danièle";"F";"LFI";"LNPPC 18e";"LE NOUVEAU PARIS POPULAIRE ET CITOYEN 18e";"109";"7,01%";"9,79%";"";"5";"9";"BELAÏD";"Samir";"M";"LUC";"P18AP";"Paris 18ème apaisé avec Samir BELAÏD";"185";"11,90%";"16,62%";"";"2"
"75";"Paris";"75056SR18";"Paris 18eme secteur";"1826";"1500";"961";"64,07%";"539";"35,93%";"948";"63,20%";"98,65%";"9";"0,60%";"0,94%";"4";"0,27%";"0,42%";"3";"GUERRIER";"Thierry";"M";"LUD";"CP18";"Changer Paris 18 avecThierry Guerrier et Rachida Dati";"207";"13,80%";"21,84%";"";"5";"4";"LEJOINDRE";"Eric";"M";"LUG";"EAV";"Le 18e est à vous ! Avec Eric Lejoindre et Emmanuel Grégoire. L'union de la gauche et des écologistes";"450";"30,00%";"47,47%";"";"32";"5";"OBONO";"Danièle";"F";"LFI";"LNPPC 18e";"LE NOUVEAU PARIS POPULAIRE ET CITOYEN 18e";"176";"11,73%";"18,57%";"";"5";"9";"BELAÏD";"Samir";"M";"LUC";"P18AP";"Paris 18ème apaisé avec Samir BELAÏD";"115";"7,67%";"12,13%";"";"2"
"75";"Paris";"75056SR18";"Paris 18eme secteur";"1827";"1488";"944";"63,44%";"544";"36,56%";"927";"62,30%";"98,20%";"13";"0,87%";"1,38%";"4";"0,27%";"0,42%";"3";"GUERRIER";"Thierry";"M";"LUD";"CP18";"Changer Paris 18 avecThierry Guerrier et Rachida Dati";"226";"15,19%";"24,38%";"";"5";"4";"LEJOINDRE";"Eric";"M";"LUG";"EAV";"Le 18e est à vous ! Avec Eric Lejoindre et Emmanuel Grégoire. L'union de la gauche et des écologistes";"425";"28,56%";"45,85%";"";"32";"5";"OBONO";"Danièle";"F";"LFI";"LNPPC 18e";"LE NOUVEAU PARIS POPULAIRE ET CITOYEN 18e";"173";"11,63%";"18,66%";"";"5";"9";"BELAÏD";"Samir";"M";"LUC";"P18AP";"Paris 18ème apaisé avec Samir BELAÏD";"103";"6,92%";"11,11%";"";"2"
"75";"Paris";"75056SR18";"Paris 18eme secteur";"1828";"1799";"1229";"68,32%";"570";"31,68%";"1211";"67,32%";"98,54%";"14";"0,78%";"1,14%";"4";"0,22%";"0,33%";"3";"GUERRIER";"Thierry";"M";"LUD";"CP18";"Changer Paris 18 avecThierry Guerrier et Rachida Dati";"318";"17,68%";"26,26%";"";"5";"4";"LEJOINDRE";"Eric";"M";"LUG";"EAV";"Le 18e est à vous ! Avec Eric Lejoindre et Emmanuel Grégoire. L'union de la gauche et des écologistes";"572";"31,80%";"47,23%";"";"32";"5";"OBONO";"Danièle";"F";"LFI";"LNPPC 18e";"LE NOUVEAU PARIS POPULAIRE ET CITOYEN 18e";"181";"10,06%";"14,95%";"";"5";"9";"BELAÏD";"Samir";"M";"LUC";"P18AP";"Paris 18ème apaisé avec Samir BELAÏD";"140";"7,78%";"11,56%";"";"2"
"75";"Paris";"75056SR18";"Paris 18eme secteur";"1829";"1700";"1100";"64,71%";"600";"35,29%";"1089";"64,06%";"99,00%";"8";"0,47%";"0,73%";"3";"0,18%";"0,27%";"3";"GUERRIER";"Thierry";"M";"LUD";"CP18";"Changer Paris 18 avecThierry Guerrier et Rachida Dati";"299";"17,59%";"27,46%";"";"5";"4";"LEJOINDRE";"Eric";"M";"LUG";"EAV";"Le 18e est à vous ! Avec Eric Lejoindre et Emmanuel Grégoire. L'union de la gauche et des écologistes";"499";"29,35%";"45,82%";"";"32";"5";"OBONO";"Danièle";"F";"LFI";"LNPPC 18e";"LE NOUVEAU PARIS POPULAIRE ET CITOYEN 18e";"154";"9,06%";"14,14%";"";"5";"9";"BELAÏD";"Samir";"M";"LUC";"P18AP";"Paris 18ème apaisé avec Samir BELAÏD";"137";"8,06%";"12,58%";"";"2"
"75";"Paris";"75056SR18";"Paris 18eme secteur";"1830";"1807";"1168";"64,64%";"639";"35,36%";"1153";"63,81%";"98,72%";"9";"0,50%";"0,77%";"6";"0,33%";"0,51%";"3";"GUERRIER";"Thierry";"M";"LUD";"CP18";"Changer Paris 18 avecThierry Guerrier et Rachida Dati";"318";"17,60%";"27,58%";"";"5";"4";"LEJOINDRE";"Eric";"M";"LUG";"EAV";"Le 18e est à vous ! Avec Eric Lejoindre et Emmanuel Grégoire. L'union de la gauche et des écologistes";"534";"29,55%";"46,31%";"";"32";"5";"OBONO";"Danièle";"F";"LFI";"LNPPC 18e";"LE NOUVEAU PARIS POPULAIRE ET CITOYEN 18e";"169";"9,35%";"14,66%";"";"5";"9";"BELAÏD";"Samir";"M";"LUC";"P18AP";"Paris 18ème apaisé avec Samir BELAÏD";"132";"7,30%";"11,45%";"";"2"
"75";"Paris";"75056SR18";"Paris 18eme secteur";"1831";"1894";"1214";"64,10%";"680";"35,90%";"1190";"62,83%";"98,02%";"15";"0,79%";"1,24%";"9";"0,48%";"0,74%";"3";"GUERRIER";"Thierry";"M";"LUD";"CP18";"Changer Paris 18 avecThierry Guerrier et Rachida Dati";"328";"17,32%";"27,56%";"";"5";"4";"LEJOINDRE";"Eric";"M";"LUG";"EAV";"Le 18e est à vous ! Avec Eric Lejoindre et Emmanuel Grégoire. L'union de la gauche et des écologistes";"553";"29,20%";"46,47%";"";"32";"5";"OBONO";"Danièle";"F";"LFI";"LNPPC 18e";"LE NOUVEAU PARIS POPULAIRE ET CITOYEN 18e";"203";"10,72%";"17,06%";"";"5";"9";"BELAÏD";"Samir";"M";"LUC";"P18AP";"Paris 18ème apaisé avec Samir BELAÏD";"106";"5,60%";"8,91%";"";"2"
"75";"Paris";"75056SR18";"Paris 18eme secteur";"1832";"1837";"1165";"63,42%";"672";"36,58%";"1142";"62,17%";"98,03%";"13";"0,71%";"1,12%";"10";"0,54%";"0,86%";"3";"GUERRIER";"Thierry";"M";"LUD";"CP18";"Changer Paris 18 avecThierry Guerrier et Rachida Dati";"347";"18,89%";"30,39%";"";"5";"4";"LEJOINDRE";"Eric";"M";"LUG";"EAV";"Le 18e est à vous ! Avec Eric Lejoindre et Emmanuel Grégoire. L'union de la gauche et des écologistes";"437";"23,79%";"38,27%";"";"32";"5";"OBONO";"Danièle";"F";"LFI";"LNPPC 18e";"LE NOUVEAU PARIS POPULAIRE ET CITOYEN 18e";"222";"12,08%";"19,44%";"";"5";"9";"BELAÏD";"Samir";"M";"LUC";"P18AP";"Paris 18ème apaisé avec Samir BELAÏD";"136";"7,40%";"11,91%";"";"2"
"75";"Paris";"75056SR18";"Paris 18eme secteur";"1833";"1712";"1066";"62,27%";"646";"37,73%";"1049";"61,27%";"98,41%";"8";"0,47%";"0,75%";"9";"0,53%";"0,84%";"3";"GUERRIER";"Thierry";"M";"LUD";"CP18";"Changer Paris 18 avecThierry Guerrier et Rachida Dati";"276";"16,12%";"26,31%";"";"5";"4";"LEJOINDRE";"Eric";"M";"LUG";"EAV";"Le 18e est à vous ! Avec Eric Lejoindre et Emmanuel Grégoire. L'union de la gauche et des écologistes";"445";"25,99%";"42,42%";"";"32";"5";"OBONO";"Danièle";"F";"LFI";"LNPPC 18e";"LE NOUVEAU PARIS POPULAIRE ET CITOYEN 18e";"171";"9,99%";"16,30%";"";"5";"9";"BELAÏD";"Samir";"M";"LUC";"P18AP";"Paris 18ème apaisé avec Samir BELAÏD";"157";"9,17%";"14,97%";"";"2"
"75";"Paris";"75056SR18";"Paris 18eme secteur";"1834";"1742";"1073";"61,60%";"669";"38,40%";"1058";"60,73%";"98,60%";"9";"0,52%";"0,84%";"6";"0,34%";"0,56%";"3";"GUERRIER";"Thierry";"M";"LUD";"CP18";"Changer Paris 18 avecThierry Guerrier et Rachida Dati";"305";"17,51%";"28,83%";"";"5";"4";"LEJOINDRE";"Eric";"M";"LUG";"EAV";"Le 18e est à vous ! Avec Eric Lejoindre et Emmanuel Grégoire. L'union de la gauche et des écologistes";"461";"26,46%";"43,57%";"";"32";"5";"OBONO";"Danièle";"F";"LFI";"LNPPC 18e";"LE NOUVEAU PARIS POPULAIRE ET CITOYEN 18e";"168";"9,64%";"15,88%";"";"5";"9";"BELAÏD";"Samir";"M";"LUC";"P18AP";"Paris 18ème apaisé avec Samir BELAÏD";"124";"7,12%";"11,72%";"";"2"
"75";"Paris";"75056SR18";"Paris 18eme secteur";"1835";"1619";"1093";"67,51%";"526";"32,49%";"1075";"66,40%";"98,35%";"10";"0,62%";"0,91%";"8";"0,49%";"0,73%";"3";"GUERRIER";"Thierry";"M";"LUD";"CP18";"Changer Paris 18 avecThierry Guerrier et Rachida Dati";"333";"20,57%";"30,98%";"";"5";"4";"LEJOINDRE";"Eric";"M";"LUG";"EAV";"Le 18e est à vous ! Avec Eric Lejoindre et Emmanuel Grégoire. L'union de la gauche et des écologistes";"434";"26,81%";"40,37%";"";"32";"5";"OBONO";"Danièle";"F";"LFI";"LNPPC 18e";"LE NOUVEAU PARIS POPULAIRE ET CITOYEN 18e";"134";"8,28%";"12,47%";"";"5";"9";"BELAÏD";"Samir";"M";"LUC";"P18AP";"Paris 18ème apaisé avec Samir BELAÏD";"174";"10,75%";"16,19%";"";"2"
"75";"Paris";"75056SR18";"Paris 18eme secteur";"1836";"1573";"1065";"67,71%";"508";"32,29%";"1049";"66,69%";"98,50%";"11";"0,70%";"1,03%";"5";"0,32%";"0,47%";"3";"GUERRIER";"Thierry";"M";"LUD";"CP18";"Changer Paris 18 avecThierry Guerrier et Rachida Dati";"269";"17,10%";"25,64%";"";"5";"4";"LEJOINDRE";"Eric";"M";"LUG";"EAV";"Le 18e est à vous ! Avec Eric Lejoindre et Emmanuel Grégoire. L'union de la gauche et des écologistes";"510";"32,42%";"48,62%";"";"32";"5";"OBONO";"Danièle";"F";"LFI";"LNPPC 18e";"LE NOUVEAU PARIS POPULAIRE ET CITOYEN 18e";"155";"9,85%";"14,78%";"";"5";"9";"BELAÏD";"Samir";"M";"LUC";"P18AP";"Paris 18ème apaisé avec Samir BELAÏD";"115";"7,31%";"10,96%";"";"2"
"75";"Paris";"75056SR18";"Paris 18eme secteur";"1837";"1660";"1070";"64,46%";"590";"35,54%";"1053";"63,43%";"98,41%";"8";"0,48%";"0,75%";"9";"0,54%";"0,84%";"3";"GUERRIER";"Thierry";"M";"LUD";"CP18";"Changer Paris 18 avecThierry Guerrier et Rachida Dati";"288";"17,35%";"27,35%";"";"5";"4";"LEJOINDRE";"Eric";"M";"LUG";"EAV";"Le 18e est à vous ! Avec Eric Lejoindre et Emmanuel Grégoire. L'union de la gauche et des écologistes";"498";"30,00%";"47,29%";"";"32";"5";"OBONO";"Danièle";"F";"LFI";"LNPPC 18e";"LE NOUVEAU PARIS POPULAIRE ET CITOYEN 18e";"148";"8,92%";"14,06%";"";"5";"9";"BELAÏD";"Samir";"M";"LUC";"P18AP";"Paris 18ème apaisé avec Samir BELAÏD";"119";"7,17%";"11,30%";"";"2"
"75";"Paris";"75056SR18";"Paris 18eme secteur";"1838";"1723";"1120";"65,00%";"603";"35,00%";"1102";"63,96%";"98,39%";"10";"0,58%";"0,89%";"8";"0,46%";"0,71%";"3";"GUERRIER";"Thierry";"M";"LUD";"CP18";"Changer Paris 18 avecThierry Guerrier et Rachida Dati";"293";"17,01%";"26,59%";"";"5";"4";"LEJOINDRE";"Eric";"M";"LUG";"EAV";"Le 18e est à vous ! Avec Eric Lejoindre et Emmanuel Grégoire. L'union de la gauche et des écologistes";"509";"29,54%";"46,19%";"";"32";"5";"OBONO";"Danièle";"F";"LFI";"LNPPC 18e";"LE NOUVEAU PARIS POPULAIRE ET CITOYEN 18e";"191";"11,09%";"17,33%";"";"5";"9";"BELAÏD";"Samir";"M";"LUC";"P18AP";"Paris 18ème apaisé avec Samir BELAÏD";"109";"6,33%";"9,89%";"";"2"
"75";"Paris";"75056SR18";"Paris 18eme secteur";"1839";"1761";"1097";"62,29%";"664";"37,71%";"1078";"61,22%";"98,27%";"11";"0,62%";"1,00%";"8";"0,45%";"0,73%";"3";"GUERRIER";"Thierry";"M";"LUD";"CP18";"Changer Paris 18 avecThierry Guerrier et Rachida Dati";"314";"17,83%";"29,13%";"";"5";"4";"LEJOINDRE";"Eric";"M";"LUG";"EAV";"Le 18e est à vous ! Avec Eric Lejoindre et Emmanuel Grégoire. L'union de la gauche et des écologistes";"456";"25,89%";"42,30%";"";"32";"5";"OBONO";"Danièle";"F";"LFI";"LNPPC 18e";"LE NOUVEAU PARIS POPULAIRE ET CITOYEN 18e";"218";"12,38%";"20,22%";"";"5";"9";"BELAÏD";"Samir";"M";"LUC";"P18AP";"Paris 18ème apaisé avec Samir BELAÏD";"90";"5,11%";"8,35%";"";"2"
"75";"Paris";"75056SR18";"Paris 18eme secteur";"1840";"1652";"1086";"65,74%";"566";"34,26%";"1066";"64,53%";"98,16%";"12";"0,73%";"1,10%";"8";"0,48%";"0,74%";"3";"GUERRIER";"Thierry";"M";"LUD";"CP18";"Changer Paris 18 avecThierry Guerrier et Rachida Dati";"328";"19,85%";"30,77%";"";"5";"4";"LEJOINDRE";"Eric";"M";"LUG";"EAV";"Le 18e est à vous ! Avec Eric Lejoindre et Emmanuel Grégoire. L'union de la gauche et des écologistes";"457";"27,66%";"42,87%";"";"32";"5";"OBONO";"Danièle";"F";"LFI";"LNPPC 18e";"LE NOUVEAU PARIS POPULAIRE ET CITOYEN 18e";"160";"9,69%";"15,01%";"";"5";"9";"BELAÏD";"Samir";"M";"LUC";"P18AP";"Paris 18ème apaisé avec Samir BELAÏD";"121";"7,32%";"11,35%";"";"2"
"75";"Paris";"75056SR18";"Paris 18eme secteur";"1841";"1697";"980";"57,75%";"717";"42,25%";"955";"56,28%";"97,45%";"18";"1,06%";"1,84%";"7";"0,41%";"0,71%";"3";"GUERRIER";"Thierry";"M";"LUD";"CP18";"Changer Paris 18 avecThierry Guerrier et Rachida Dati";"276";"16,26%";"28,90%";"";"5";"4";"LEJOINDRE";"Eric";"M";"LUG";"EAV";"Le 18e est à vous ! Avec Eric Lejoindre et Emmanuel Grégoire. L'union de la gauche et des écologistes";"412";"24,28%";"43,14%";"";"32";"5";"OBONO";"Danièle";"F";"LFI";"LNPPC 18e";"LE NOUVEAU PARIS POPULAIRE ET CITOYEN 18e";"190";"11,20%";"19,90%";"";"5";"9";"BELAÏD";"Samir";"M";"LUC";"P18AP";"Paris 18ème apaisé avec Samir BELAÏD";"77";"4,54%";"8,06%";"";"2"
"75";"Paris";"75056SR18";"Paris 18eme secteur";"1842";"1741";"915";"52,56%";"826";"47,44%";"894";"51,35%";"97,70%";"12";"0,69%";"1,31%";"9";"0,52%";"0,98%";"3";"GUERRIER";"Thierry";"M";"LUD";"CP18";"Changer Paris 18 avecThierry Guerrier et Rachida Dati";"246";"14,13%";"27,52%";"";"5";"4";"LEJOINDRE";"Eric";"M";"LUG";"EAV";"Le 18e est à vous ! Avec Eric Lejoindre et Emmanuel Grégoire. L'union de la gauche et des écologistes";"371";"21,31%";"41,50%";"";"32";"5";"OBONO";"Danièle";"F";"LFI";"LNPPC 18e";"LE NOUVEAU PARIS POPULAIRE ET CITOYEN 18e";"199";"11,43%";"22,26%";"";"5";"9";"BELAÏD";"Samir";"M";"LUC";"P18AP";"Paris 18ème apaisé avec Samir BELAÏD";"78";"4,48%";"8,72%";"";"2"
"75";"Paris";"75056SR18";"Paris 18eme secteur";"1843";"1748";"943";"53,95%";"805";"46,05%";"924";"52,86%";"97,99%";"13";"0,74%";"1,38%";"6";"0,34%";"0,64%";"3";"GUERRIER";"Thierry";"M";"LUD";"CP18";"Changer Paris 18 avecThierry Guerrier et Rachida Dati";"268";"15,33%";"29,00%";"";"5";"4";"LEJOINDRE";"Eric";"M";"LUG";"EAV";"Le 18e est à vous ! Avec Eric Lejoindre et Emmanuel Grégoire. L'union de la gauche et des écologistes";"370";"21,17%";"40,04%";"";"32";"5";"OBONO";"Danièle";"F";"LFI";"LNPPC 18e";"LE NOUVEAU PARIS POPULAIRE ET CITOYEN 18e";"206";"11,78%";"22,29%";"";"5";"9";"BELAÏD";"Samir";"M";"LUC";"P18AP";"Paris 18ème apaisé avec Samir BELAÏD";"80";"4,58%";"8,66%";"";"2"
"75";"Paris";"75056SR18";"Paris 18eme secteur";"1844";"1311";"483";"36,84%";"828";"63,16%";"470";"35,85%";"97,31%";"8";"0,61%";"1,66%";"5";"0,38%";"1,04%";"3";"GUERRIER";"Thierry";"M";"LUD";"CP18";"Changer Paris 18 avecThierry Guerrier et Rachida Dati";"123";"9,38%";"26,17%";"";"5";"4";"LEJOINDRE";"Eric";"M";"LUG";"EAV";"Le 18e est à vous ! Avec Eric Lejoindre et Emmanuel Grégoire. L'union de la gauche et des écologistes";"162";"12,36%";"34,47%";"";"32";"5";"OBONO";"Danièle";"F";"LFI";"LNPPC 18e";"LE NOUVEAU PARIS POPULAIRE ET CITOYEN 18e";"147";"11,21%";"31,28%";"";"5";"9";"BELAÏD";"Samir";"M";"LUC";"P18AP";"Paris 18ème apaisé avec Samir BELAÏD";"38";"2,90%";"8,09%";"";"2"
"75";"Paris";"75056SR18";"Paris 18eme secteur";"1845";"1628";"791";"48,59%";"837";"51,41%";"766";"47,05%";"96,84%";"11";"0,68%";"1,39%";"14";"0,86%";"1,77%";"3";"GUERRIER";"Thierry";"M";"LUD";"CP18";"Changer Paris 18 avecThierry Guerrier et Rachida Dati";"169";"10,38%";"22,06%";"";"5";"4";"LEJOINDRE";"Eric";"M";"LUG";"EAV";"Le 18e est à vous ! Avec Eric Lejoindre et Emmanuel Grégoire. L'union de la gauche et des écologistes";"312";"19,16%";"40,73%";"";"32";"5";"OBONO";"Danièle";"F";"LFI";"LNPPC 18e";"LE NOUVEAU PARIS POPULAIRE ET CITOYEN 18e";"222";"13,64%";"28,98%";"";"5";"9";"BELAÏD";"Samir";"M";"LUC";"P18AP";"Paris 18ème apaisé avec Samir BELAÏD";"63";"3,87%";"8,22%";"";"2"
"75";"Paris";"75056SR18";"Paris 18eme secteur";"1846";"1461";"914";"62,56%";"547";"37,44%";"896";"61,33%";"98,03%";"9";"0,62%";"0,98%";"9";"0,62%";"0,98%";"3";"GUERRIER";"Thierry";"M";"LUD";"CP18";"Changer Paris 18 avecThierry Guerrier et Rachida Dati";"240";"16,43%";"26,79%";"";"5";"4";"LEJOINDRE";"Eric";"M";"LUG";"EAV";"Le 18e est à vous ! Avec Eric Lejoindre et Emmanuel Grégoire. L'union de la gauche et des écologistes";"384";"26,28%";"42,86%";"";"32";"5";"OBONO";"Danièle";"F";"LFI";"LNPPC 18e";"LE NOUVEAU PARIS POPULAIRE ET CITOYEN 18e";"171";"11,70%";"19,08%";"";"5";"9";"BELAÏD";"Samir";"M";"LUC";"P18AP";"Paris 18ème apaisé avec Samir BELAÏD";"101";"6,91%";"11,27%";"";"2"
"75";"Paris";"75056SR18";"Paris 18eme secteur";"1847";"1385";"934";"67,44%";"451";"32,56%";"917";"66,21%";"98,18%";"10";"0,72%";"1,07%";"7";"0,51%";"0,75%";"3";"GUERRIER";"Thierry";"M";"LUD";"CP18";"Changer Paris 18 avecThierry Guerrier et Rachida Dati";"213";"15,38%";"23,23%";"";"5";"4";"LEJOINDRE";"Eric";"M";"LUG";"EAV";"Le 18e est à vous ! Avec Eric Lejoindre et Emmanuel Grégoire. L'union de la gauche et des écologistes";"461";"33,29%";"50,27%";"";"32";"5";"OBONO";"Danièle";"F";"LFI";"LNPPC 18e";"LE NOUVEAU PARIS POPULAIRE ET CITOYEN 18e";"163";"11,77%";"17,78%";"";"5";"9";"BELAÏD";"Samir";"M";"LUC";"P18AP";"Paris 18ème apaisé avec Samir BELAÏD";"80";"5,78%";"8,72%";"";"2"
"75";"Paris";"75056SR18";"Paris 18eme secteur";"1848";"1444";"877";"60,73%";"567";"39,27%";"861";"59,63%";"98,18%";"10";"0,69%";"1,14%";"6";"0,42%";"0,68%";"3";"GUERRIER";"Thierry";"M";"LUD";"CP18";"Changer Paris 18 avecThierry Guerrier et Rachida Dati";"134";"9,28%";"15,56%";"";"5";"4";"LEJOINDRE";"Eric";"M";"LUG";"EAV";"Le 18e est à vous ! Avec Eric Lejoindre et Emmanuel Grégoire. L'union de la gauche et des écologistes";"436";"30,19%";"50,64%";"";"32";"5";"OBONO";"Danièle";"F";"LFI";"LNPPC 18e";"LE NOUVEAU PARIS POPULAIRE ET CITOYEN 18e";"210";"14,54%";"24,39%";"";"5";"9";"BELAÏD";"Samir";"M";"LUC";"P18AP";"Paris 18ème apaisé avec Samir BELAÏD";"81";"5,61%";"9,41%";"";"2"
"75";"Paris";"75056SR18";"Paris 18eme secteur";"1849";"1191";"461";"38,71%";"730";"61,29%";"435";"36,52%";"94,36%";"10";"0,84%";"2,17%";"16";"1,34%";"3,47%";"3";"GUERRIER";"Thierry";"M";"LUD";"CP18";"Changer Paris 18 avecThierry Guerrier et Rachida Dati";"79";"6,63%";"18,16%";"";"5";"4";"LEJOINDRE";"Eric";"M";"LUG";"EAV";"Le 18e est à vous ! Avec Eric Lejoindre et Emmanuel Grégoire. L'union de la gauche et des écologistes";"161";"13,52%";"37,01%";"";"32";"5";"OBONO";"Danièle";"F";"LFI";"LNPPC 18e";"LE NOUVEAU PARIS POPULAIRE ET CITOYEN 18e";"143";"12,01%";"32,87%";"";"5";"9";"BELAÏD";"Samir";"M";"LUC";"P18AP";"Paris 18ème apaisé avec Samir BELAÏD";"52";"4,37%";"11,95%";"";"2"
"75";"Paris";"75056SR18";"Paris 18eme secteur";"1850";"1219";"436";"35,77%";"783";"64,23%";"417";"34,21%";"95,64%";"9";"0,74%";"2,06%";"10";"0,82%";"2,29%";"3";"GUERRIER";"Thierry";"M";"LUD";"CP18";"Changer Paris 18 avecThierry Guerrier et Rachida Dati";"102";"8,37%";"24,46%";"";"5";"4";"LEJOINDRE";"Eric";"M";"LUG";"EAV";"Le 18e est à vous ! Avec Eric Lejoindre et Emmanuel Grégoire. L'union de la gauche et des écologistes";"148";"12,14%";"35,49%";"";"32";"5";"OBONO";"Danièle";"F";"LFI";"LNPPC 18e";"LE NOUVEAU PARIS POPULAIRE ET CITOYEN 18e";"138";"11,32%";"33,09%";"";"5";"9";"BELAÏD";"Samir";"M";"LUC";"P18AP";"Paris 18ème apaisé avec Samir BELAÏD";"29";"2,38%";"6,95%";"";"2"
"75";"Paris";"75056SR18";"Paris 18eme secteur";"1851";"2336";"969";"41,48%";"1367";"58,52%";"940";"40,24%";"97,01%";"17";"0,73%";"1,75%";"12";"0,51%";"1,24%";"3";"GUERRIER";"Thierry";"M";"LUD";"CP18";"Changer Paris 18 avecThierry Guerrier et Rachida Dati";"164";"7,02%";"17,45%";"";"5";"4";"LEJOINDRE";"Eric";"M";"LUG";"EAV";"Le 18e est à vous ! Avec Eric Lejoindre et Emmanuel Grégoire. L'union de la gauche et des écologistes";"308";"13,18%";"32,77%";"";"32";"5";"OBONO";"Danièle";"F";"LFI";"LNPPC 18e";"LE NOUVEAU PARIS POPULAIRE ET CITOYEN 18e";"434";"18,58%";"46,17%";"";"5";"9";"BELAÏD";"Samir";"M";"LUC";"P18AP";"Paris 18ème apaisé avec Samir BELAÏD";"34";"1,46%";"3,62%";"";"2"
"75";"Paris";"75056SR18";"Paris 18eme secteur";"1852";"1960";"1141";"58,21%";"819";"41,79%";"1123";"57,30%";"98,42%";"8";"0,41%";"0,70%";"10";"0,51%";"0,88%";"3";"GUERRIER";"Thierry";"M";"LUD";"CP18";"Changer Paris 18 avecThierry Guerrier et Rachida Dati";"190";"9,69%";"16,92%";"";"5";"4";"LEJOINDRE";"Eric";"M";"LUG";"EAV";"Le 18e est à vous ! Avec Eric Lejoindre et Emmanuel Grégoire. L'union de la gauche et des écologistes";"479";"24,44%";"42,65%";"";"32";"5";"OBONO";"Danièle";"F";"LFI";"LNPPC 18e";"LE NOUVEAU PARIS POPULAIRE ET CITOYEN 18e";"411";"20,97%";"36,60%";"";"5";"9";"BELAÏD";"Samir";"M";"LUC";"P18AP";"Paris 18ème apaisé avec Samir BELAÏD";"43";"2,19%";"3,83%";"";"2"
"75";"Paris";"75056SR18";"Paris 18eme secteur";"1853";"1618";"858";"53,03%";"760";"46,97%";"844";"52,16%";"98,37%";"5";"0,31%";"0,58%";"9";"0,56%";"1,05%";"3";"GUERRIER";"Thierry";"M";"LUD";"CP18";"Changer Paris 18 avecThierry Guerrier et Rachida Dati";"132";"8,16%";"15,64%";"";"5";"4";"LEJOINDRE";"Eric";"M";"LUG";"EAV";"Le 18e est à vous ! Avec Eric Lejoindre et Emmanuel Grégoire. L'union de la gauche et des écologistes";"391";"24,17%";"46,33%";"";"32";"5";"OBONO";"Danièle";"F";"LFI";"LNPPC 18e";"LE NOUVEAU PARIS POPULAIRE ET CITOYEN 18e";"282";"17,43%";"33,41%";"";"5";"9";"BELAÏD";"Samir";"M";"LUC";"P18AP";"Paris 18ème apaisé avec Samir BELAÏD";"39";"2,41%";"4,62%";"";"2"
"75";"Paris";"75056SR18";"Paris 18eme secteur";"1854";"1454";"765";"52,61%";"689";"47,39%";"746";"51,31%";"97,52%";"11";"0,76%";"1,44%";"8";"0,55%";"1,05%";"3";"GUERRIER";"Thierry";"M";"LUD";"CP18";"Changer Paris 18 avecThierry Guerrier et Rachida Dati";"121";"8,32%";"16,22%";"";"5";"4";"LEJOINDRE";"Eric";"M";"LUG";"EAV";"Le 18e est à vous ! Avec Eric Lejoindre et Emmanuel Grégoire. L'union de la gauche et des écologistes";"305";"20,98%";"40,88%";"";"32";"5";"OBONO";"Danièle";"F";"LFI";"LNPPC 18e";"LE NOUVEAU PARIS POPULAIRE ET CITOYEN 18e";"275";"18,91%";"36,86%";"";"5";"9";"BELAÏD";"Samir";"M";"LUC";"P18AP";"Paris 18ème apaisé avec Samir BELAÏD";"45";"3,09%";"6,03%";"";"2"
"75";"Paris";"75056SR18";"Paris 18eme secteur";"1855";"1780";"1002";"56,29%";"778";"43,71%";"990";"55,62%";"98,80%";"5";"0,28%";"0,50%";"7";"0,39%";"0,70%";"3";"GUERRIER";"Thierry";"M";"LUD";"CP18";"Changer Paris 18 avecThierry Guerrier et Rachida Dati";"121";"6,80%";"12,22%";"";"5";"4";"LEJOINDRE";"Eric";"M";"LUG";"EAV";"Le 18e est à vous ! Avec Eric Lejoindre et Emmanuel Grégoire. L'union de la gauche et des écologistes";"428";"24,04%";"43,23%";"";"32";"5";"OBONO";"Danièle";"F";"LFI";"LNPPC 18e";"LE NOUVEAU PARIS POPULAIRE ET CITOYEN 18e";"410";"23,03%";"41,41%";"";"5";"9";"BELAÏD";"Samir";"M";"LUC";"P18AP";"Paris 18ème apaisé avec Samir BELAÏD";"31";"1,74%";"3,13%";"";"2"
"75";"Paris";"75056SR18";"Paris 18eme secteur";"1856";"2021";"841";"41,61%";"1180";"58,39%";"827";"40,92%";"98,34%";"4";"0,20%";"0,48%";"10";"0,49%";"1,19%";"3";"GUERRIER";"Thierry";"M";"LUD";"CP18";"Changer Paris 18 avecThierry Guerrier et Rachida Dati";"122";"6,04%";"14,75%";"";"5";"4";"LEJOINDRE";"Eric";"M";"LUG";"EAV";"Le 18e est à vous ! Avec Eric Lejoindre et Emmanuel Grégoire. L'union de la gauche et des écologistes";"308";"15,24%";"37,24%";"";"32";"5";"OBONO";"Danièle";"F";"LFI";"LNPPC 18e";"LE NOUVEAU PARIS POPULAIRE ET CITOYEN 18e";"356";"17,62%";"43,05%";"";"5";"9";"BELAÏD";"Samir";"M";"LUC";"P18AP";"Paris 18ème apaisé avec Samir BELAÏD";"41";"2,03%";"4,96%";"";"2"
"75";"Paris";"75056SR18";"Paris 18eme secteur";"1857";"1988";"1110";"55,84%";"878";"44,16%";"1089";"54,78%";"98,11%";"14";"0,70%";"1,26%";"7";"0,35%";"0,63%";"3";"GUERRIER";"Thierry";"M";"LUD";"CP18";"Changer Paris 18 avecThierry Guerrier et Rachida Dati";"134";"6,74%";"12,30%";"";"5";"4";"LEJOINDRE";"Eric";"M";"LUG";"EAV";"Le 18e est à vous ! Avec Eric Lejoindre et Emmanuel Grégoire. L'union de la gauche et des écologistes";"462";"23,24%";"42,42%";"";"32";"5";"OBONO";"Danièle";"F";"LFI";"LNPPC 18e";"LE NOUVEAU PARIS POPULAIRE ET CITOYEN 18e";"433";"21,78%";"39,76%";"";"5";"9";"BELAÏD";"Samir";"M";"LUC";"P18AP";"Paris 18ème apaisé avec Samir BELAÏD";"60";"3,02%";"5,51%";"";"2"
"75";"Paris";"75056SR18";"Paris 18eme secteur";"1858";"1815";"981";"54,05%";"834";"45,95%";"962";"53,00%";"98,06%";"11";"0,61%";"1,12%";"8";"0,44%";"0,82%";"3";"GUERRIER";"Thierry";"M";"LUD";"CP18";"Changer Paris 18 avecThierry Guerrier et Rachida Dati";"144";"7,93%";"14,97%";"";"5";"4";"LEJOINDRE";"Eric";"M";"LUG";"EAV";"Le 18e est à vous ! Avec Eric Lejoindre et Emmanuel Grégoire. L'union de la gauche et des écologistes";"360";"19,83%";"37,42%";"";"32";"5";"OBONO";"Danièle";"F";"LFI";"LNPPC 18e";"LE NOUVEAU PARIS POPULAIRE ET CITOYEN 18e";"411";"22,64%";"42,72%";"";"5";"9";"BELAÏD";"Samir";"M";"LUC";"P18AP";"Paris 18ème apaisé avec Samir BELAÏD";"47";"2,59%";"4,89%";"";"2"
"75";"Paris";"75056SR18";"Paris 18eme secteur";"1859";"1903";"958";"50,34%";"945";"49,66%";"935";"49,13%";"97,60%";"14";"0,74%";"1,46%";"9";"0,47%";"0,94%";"3";"GUERRIER";"Thierry";"M";"LUD";"CP18";"Changer Paris 18 avecThierry Guerrier et Rachida Dati";"161";"8,46%";"17,22%";"";"5";"4";"LEJOINDRE";"Eric";"M";"LUG";"EAV";"Le 18e est à vous ! Avec Eric Lejoindre et Emmanuel Grégoire. L'union de la gauche et des écologistes";"336";"17,66%";"35,94%";"";"32";"5";"OBONO";"Danièle";"F";"LFI";"LNPPC 18e";"LE NOUVEAU PARIS POPULAIRE ET CITOYEN 18e";"402";"21,12%";"42,99%";"";"5";"9";"BELAÏD";"Samir";"M";"LUC";"P18AP";"Paris 18ème apaisé avec Samir BELAÏD";"36";"1,89%";"3,85%";"";"2"
"75";"Paris";"75056SR18";"Paris 18eme secteur";"1860";"1849";"1156";"62,52%";"693";"37,48%";"1120";"60,57%";"96,89%";"27";"1,46%";"2,34%";"9";"0,49%";"0,78%";"3";"GUERRIER";"Thierry";"M";"LUD";"CP18";"Changer Paris 18 avecThierry Guerrier et Rachida Dati";"181";"9,79%";"16,16%";"";"5";"4";"LEJOINDRE";"Eric";"M";"LUG";"EAV";"Le 18e est à vous ! Avec Eric Lejoindre et Emmanuel Grégoire. L'union de la gauche et des écologistes";"488";"26,39%";"43,57%";"";"32";"5";"OBONO";"Danièle";"F";"LFI";"LNPPC 18e";"LE NOUVEAU PARIS POPULAIRE ET CITOYEN 18e";"407";"22,01%";"36,34%";"";"5";"9";"BELAÏD";"Samir";"M";"LUC";"P18AP";"Paris 18ème apaisé avec Samir BELAÏD";"44";"2,38%";"3,93%";"";"2"
"75";"Paris";"75056SR18";"Paris 18eme secteur";"1861";"1868";"1146";"61,35%";"722";"38,65%";"1128";"60,39%";"98,43%";"12";"0,64%";"1,05%";"6";"0,32%";"0,52%";"3";"GUERRIER";"Thierry";"M";"LUD";"CP18";"Changer Paris 18 avecThierry Guerrier et Rachida Dati";"199";"10,65%";"17,64%";"";"5";"4";"LEJOINDRE";"Eric";"M";"LUG";"EAV";"Le 18e est à vous ! Avec Eric Lejoindre et Emmanuel Grégoire. L'union de la gauche et des écologistes";"498";"26,66%";"44,15%";"";"32";"5";"OBONO";"Danièle";"F";"LFI";"LNPPC 18e";"LE NOUVEAU PARIS POPULAIRE ET CITOYEN 18e";"379";"20,29%";"33,60%";"";"5";"9";"BELAÏD";"Samir";"M";"LUC";"P18AP";"Paris 18ème apaisé avec Samir BELAÏD";"52";"2,78%";"4,61%";"";"2"
"75";"Paris";"75056SR18";"Paris 18eme secteur";"1862";"1721";"929";"53,98%";"792";"46,02%";"911";"52,93%";"98,06%";"13";"0,76%";"1,40%";"5";"0,29%";"0,54%";"3";"GUERRIER";"Thierry";"M";"LUD";"CP18";"Changer Paris 18 avecThierry Guerrier et Rachida Dati";"169";"9,82%";"18,55%";"";"5";"4";"LEJOINDRE";"Eric";"M";"LUG";"EAV";"Le 18e est à vous ! Avec Eric Lejoindre et Emmanuel Grégoire. L'union de la gauche et des écologistes";"341";"19,81%";"37,43%";"";"32";"5";"OBONO";"Danièle";"F";"LFI";"LNPPC 18e";"LE NOUVEAU PARIS POPULAIRE ET CITOYEN 18e";"368";"21,38%";"40,40%";"";"5";"9";"BELAÏD";"Samir";"M";"LUC";"P18AP";"Paris 18ème apaisé avec Samir BELAÏD";"33";"1,92%";"3,62%";"";"2"
"75";"Paris";"75056SR18";"Paris 18eme secteur";"1863";"1963";"938";"47,78%";"1025";"52,22%";"911";"46,41%";"97,12%";"16";"0,82%";"1,71%";"11";"0,56%";"1,17%";"3";"GUERRIER";"Thierry";"M";"LUD";"CP18";"Changer Paris 18 avecThierry Guerrier et Rachida Dati";"203";"10,34%";"22,28%";"";"5";"4";"LEJOINDRE";"Eric";"M";"LUG";"EAV";"Le 18e est à vous ! Avec Eric Lejoindre et Emmanuel Grégoire. L'union de la gauche et des écologistes";"357";"18,19%";"39,19%";"";"32";"5";"OBONO";"Danièle";"F";"LFI";"LNPPC 18e";"LE NOUVEAU PARIS POPULAIRE ET CITOYEN 18e";"320";"16,30%";"35,13%";"";"5";"9";"BELAÏD";"Samir";"M";"LUC";"P18AP";"Paris 18ème apaisé avec Samir BELAÏD";"31";"1,58%";"3,40%";"";"2"
"75";"Paris";"75056SR18";"Paris 18eme secteur";"1864";"1844";"823";"44,63%";"1021";"55,37%";"805";"43,66%";"97,81%";"11";"0,60%";"1,34%";"7";"0,38%";"0,85%";"3";"GUERRIER";"Thierry";"M";"LUD";"CP18";"Changer Paris 18 avecThierry Guerrier et Rachida Dati";"157";"8,51%";"19,50%";"";"5";"4";"LEJOINDRE";"Eric";"M";"LUG";"EAV";"Le 18e est à vous ! Avec Eric Lejoindre et Emmanuel Grégoire. L'union de la gauche et des écologistes";"264";"14,32%";"32,80%";"";"32";"5";"OBONO";"Danièle";"F";"LFI";"LNPPC 18e";"LE NOUVEAU PARIS POPULAIRE ET CITOYEN 18e";"344";"18,66%";"42,73%";"";"5";"9";"BELAÏD";"Samir";"M";"LUC";"P18AP";"Paris 18ème apaisé avec Samir BELAÏD";"40";"2,17%";"4,97%";"";"2"
"75";"Paris";"75056SR18";"Paris 18eme secteur";"1865";"1730";"570";"32,95%";"1160";"67,05%";"556";"32,14%";"97,54%";"3";"0,17%";"0,53%";"11";"0,64%";"1,93%";"3";"GUERRIER";"Thierry";"M";"LUD";"CP18";"Changer Paris 18 avecThierry Guerrier et Rachida Dati";"148";"8,55%";"26,62%";"";"5";"4";"LEJOINDRE";"Eric";"M";"LUG";"EAV";"Le 18e est à vous ! Avec Eric Lejoindre et Emmanuel Grégoire. L'union de la gauche et des écologistes";"215";"12,43%";"38,67%";"";"32";"5";"OBONO";"Danièle";"F";"LFI";"LNPPC 18e";"LE NOUVEAU PARIS POPULAIRE ET CITOYEN 18e";"164";"9,48%";"29,50%";"";"5";"9";"BELAÏD";"Samir";"M";"LUC";"P18AP";"Paris 18ème apaisé avec Samir BELAÏD";"29";"1,68%";"5,22%";"";"2"
"75";"Paris";"75056SR18";"Paris 18eme secteur";"1866";"1559";"1051";"67,42%";"508";"32,58%";"1030";"66,07%";"98,00%";"11";"0,71%";"1,05%";"10";"0,64%";"0,95%";"3";"GUERRIER";"Thierry";"M";"LUD";"CP18";"Changer Paris 18 avecThierry Guerrier et Rachida Dati";"222";"14,24%";"21,55%";"";"5";"4";"LEJOINDRE";"Eric";"M";"LUG";"EAV";"Le 18e est à vous ! Avec Eric Lejoindre et Emmanuel Grégoire. L'union de la gauche et des écologistes";"494";"31,69%";"47,96%";"";"32";"5";"OBONO";"Danièle";"F";"LFI";"LNPPC 18e";"LE NOUVEAU PARIS POPULAIRE ET CITOYEN 18e";"200";"12,83%";"19,42%";"";"5";"9";"BELAÏD";"Samir";"M";"LUC";"P18AP";"Paris 18ème apaisé avec Samir BELAÏD";"114";"7,31%";"11,07%";"";"2"
"75";"Paris";"75056SR18";"Paris 18eme secteur";"1867";"1595";"999";"62,63%";"596";"37,37%";"984";"61,69%";"98,50%";"8";"0,50%";"0,80%";"7";"0,44%";"0,70%";"3";"GUERRIER";"Thierry";"M";"LUD";"CP18";"Changer Paris 18 avecThierry Guerrier et Rachida Dati";"202";"12,66%";"20,53%";"";"5";"4";"LEJOINDRE";"Eric";"M";"LUG";"EAV";"Le 18e est à vous ! Avec Eric Lejoindre et Emmanuel Grégoire. L'union de la gauche et des écologistes";"464";"29,09%";"47,15%";"";"32";"5";"OBONO";"Danièle";"F";"LFI";"LNPPC 18e";"LE NOUVEAU PARIS POPULAIRE ET CITOYEN 18e";"232";"14,55%";"23,58%";"";"5";"9";"BELAÏD";"Samir";"M";"LUC";"P18AP";"Paris 18ème apaisé avec Samir BELAÏD";"86";"5,39%";"8,74%";"";"2"
"75";"Paris";"75056SR18";"Paris 18eme secteur";"1868";"1425";"786";"55,16%";"639";"44,84%";"768";"53,89%";"97,71%";"8";"0,56%";"1,02%";"10";"0,70%";"1,27%";"3";"GUERRIER";"Thierry";"M";"LUD";"CP18";"Changer Paris 18 avecThierry Guerrier et Rachida Dati";"92";"6,46%";"11,98%";"";"5";"4";"LEJOINDRE";"Eric";"M";"LUG";"EAV";"Le 18e est à vous ! Avec Eric Lejoindre et Emmanuel Grégoire. L'union de la gauche et des écologistes";"332";"23,30%";"43,23%";"";"32";"5";"OBONO";"Danièle";"F";"LFI";"LNPPC 18e";"LE NOUVEAU PARIS POPULAIRE ET CITOYEN 18e";"303";"21,26%";"39,45%";"";"5";"9";"BELAÏD";"Samir";"M";"LUC";"P18AP";"Paris 18ème apaisé avec Samir BELAÏD";"41";"2,88%";"5,34%";"";"2"
"75";"Paris";"75056SR19";"Paris 19eme secteur";"1901";"1635";"972";"59,45%";"663";"40,55%";"957";"58,53%";"98,46%";"11";"0,67%";"1,13%";"4";"0,24%";"0,41%";"2";"LISCIA";"Pierre";"M";"LUD";"CP 19";"CHANGER PARIS 19 AVEC PIERRE LISCIA ET RACHIDA DATI";"247";"15,11%";"25,81%";"";"5";"3";"DAGNAUD";"François";"M";"LUG";"L19EAV";"Le 19e qu'on aime ! Avec François Dagnaud et Emmanuel Grégoire. L'Union de la gauche et des écologistes";"515";"31,50%";"53,81%";"";"33";"7";"TIMSIT";"Roland";"M";"LFI";"LNPP19";"LE NOUVEAU PARIS POPULAIRE 19e";"195";"11,93%";"20,38%";"";"5";"";"";"";"";"";"";"";"";"";"";"";""
"75";"Paris";"75056SR19";"Paris 19eme secteur";"1902";"1538";"876";"56,96%";"662";"43,04%";"858";"55,79%";"97,95%";"8";"0,52%";"0,91%";"10";"0,65%";"1,14%";"2";"LISCIA";"Pierre";"M";"LUD";"CP 19";"CHANGER PARIS 19 AVEC PIERRE LISCIA ET RACHIDA DATI";"184";"11,96%";"21,45%";"";"5";"3";"DAGNAUD";"François";"M";"LUG";"L19EAV";"Le 19e qu'on aime ! Avec François Dagnaud et Emmanuel Grégoire. L'Union de la gauche et des écologistes";"471";"30,62%";"54,90%";"";"33";"7";"TIMSIT";"Roland";"M";"LFI";"LNPP19";"LE NOUVEAU PARIS POPULAIRE 19e";"203";"13,20%";"23,66%";"";"5";"";"";"";"";"";"";"";"";"";"";"";""
"75";"Paris";"75056SR19";"Paris 19eme secteur";"1903";"1304";"766";"58,74%";"538";"41,26%";"750";"57,52%";"97,91%";"6";"0,46%";"0,78%";"10";"0,77%";"1,31%";"2";"LISCIA";"Pierre";"M";"LUD";"CP 19";"CHANGER PARIS 19 AVEC PIERRE LISCIA ET RACHIDA DATI";"199";"15,26%";"26,53%";"";"5";"3";"DAGNAUD";"François";"M";"LUG";"L19EAV";"Le 19e qu'on aime ! Avec François Dagnaud et Emmanuel Grégoire. L'Union de la gauche et des écologistes";"402";"30,83%";"53,60%";"";"33";"7";"TIMSIT";"Roland";"M";"LFI";"LNPP19";"LE NOUVEAU PARIS POPULAIRE 19e";"149";"11,43%";"19,87%";"";"5";"";"";"";"";"";"";"";"";"";"";"";""
"75";"Paris";"75056SR19";"Paris 19eme secteur";"1904";"1426";"841";"58,98%";"585";"41,02%";"827";"57,99%";"98,34%";"7";"0,49%";"0,83%";"7";"0,49%";"0,83%";"2";"LISCIA";"Pierre";"M";"LUD";"CP 19";"CHANGER PARIS 19 AVEC PIERRE LISCIA ET RACHIDA DATI";"185";"12,97%";"22,37%";"";"5";"3";"DAGNAUD";"François";"M";"LUG";"L19EAV";"Le 19e qu'on aime ! Avec François Dagnaud et Emmanuel Grégoire. L'Union de la gauche et des écologistes";"470";"32,96%";"56,83%";"";"33";"7";"TIMSIT";"Roland";"M";"LFI";"LNPP19";"LE NOUVEAU PARIS POPULAIRE 19e";"172";"12,06%";"20,80%";"";"5";"";"";"";"";"";"";"";"";"";"";"";""
"75";"Paris";"75056SR19";"Paris 19eme secteur";"1905";"1445";"928";"64,22%";"517";"35,78%";"917";"63,46%";"98,81%";"7";"0,48%";"0,75%";"4";"0,28%";"0,43%";"2";"LISCIA";"Pierre";"M";"LUD";"CP 19";"CHANGER PARIS 19 AVEC PIERRE LISCIA ET RACHIDA DATI";"269";"18,62%";"29,33%";"";"5";"3";"DAGNAUD";"François";"M";"LUG";"L19EAV";"Le 19e qu'on aime ! Avec François Dagnaud et Emmanuel Grégoire. L'Union de la gauche et des écologistes";"503";"34,81%";"54,85%";"";"33";"7";"TIMSIT";"Roland";"M";"LFI";"LNPP19";"LE NOUVEAU PARIS POPULAIRE 19e";"145";"10,03%";"15,81%";"";"5";"";"";"";"";"";"";"";"";"";"";"";""
"75";"Paris";"75056SR19";"Paris 19eme secteur";"1906";"1504";"935";"62,17%";"569";"37,83%";"926";"61,57%";"99,04%";"8";"0,53%";"0,86%";"1";"0,07%";"0,11%";"2";"LISCIA";"Pierre";"M";"LUD";"CP 19";"CHANGER PARIS 19 AVEC PIERRE LISCIA ET RACHIDA DATI";"230";"15,29%";"24,84%";"";"5";"3";"DAGNAUD";"François";"M";"LUG";"L19EAV";"Le 19e qu'on aime ! Avec François Dagnaud et Emmanuel Grégoire. L'Union de la gauche et des écologistes";"512";"34,04%";"55,29%";"";"33";"7";"TIMSIT";"Roland";"M";"LFI";"LNPP19";"LE NOUVEAU PARIS POPULAIRE 19e";"184";"12,23%";"19,87%";"";"5";"";"";"";"";"";"";"";"";"";"";"";""
"75";"Paris";"75056SR19";"Paris 19eme secteur";"1907";"1449";"946";"65,29%";"503";"34,71%";"926";"63,91%";"97,89%";"9";"0,62%";"0,95%";"11";"0,76%";"1,16%";"2";"LISCIA";"Pierre";"M";"LUD";"CP 19";"CHANGER PARIS 19 AVEC PIERRE LISCIA ET RACHIDA DATI";"333";"22,98%";"35,96%";"";"5";"3";"DAGNAUD";"François";"M";"LUG";"L19EAV";"Le 19e qu'on aime ! Avec François Dagnaud et Emmanuel Grégoire. L'Union de la gauche et des écologistes";"454";"31,33%";"49,03%";"";"33";"7";"TIMSIT";"Roland";"M";"LFI";"LNPP19";"LE NOUVEAU PARIS POPULAIRE 19e";"139";"9,59%";"15,01%";"";"5";"";"";"";"";"";"";"";"";"";"";"";""
"75";"Paris";"75056SR19";"Paris 19eme secteur";"1908";"1407";"726";"51,60%";"681";"48,40%";"708";"50,32%";"97,52%";"9";"0,64%";"1,24%";"9";"0,64%";"1,24%";"2";"LISCIA";"Pierre";"M";"LUD";"CP 19";"CHANGER PARIS 19 AVEC PIERRE LISCIA ET RACHIDA DATI";"199";"14,14%";"28,11%";"";"5";"3";"DAGNAUD";"François";"M";"LUG";"L19EAV";"Le 19e qu'on aime ! Avec François Dagnaud et Emmanuel Grégoire. L'Union de la gauche et des écologistes";"351";"24,95%";"49,58%";"";"33";"7";"TIMSIT";"Roland";"M";"LFI";"LNPP19";"LE NOUVEAU PARIS POPULAIRE 19e";"158";"11,23%";"22,32%";"";"5";"";"";"";"";"";"";"";"";"";"";"";""
"75";"Paris";"75056SR19";"Paris 19eme secteur";"1909";"1799";"1067";"59,31%";"732";"40,69%";"1052";"58,48%";"98,59%";"11";"0,61%";"1,03%";"4";"0,22%";"0,37%";"2";"LISCIA";"Pierre";"M";"LUD";"CP 19";"CHANGER PARIS 19 AVEC PIERRE LISCIA ET RACHIDA DATI";"259";"14,40%";"24,62%";"";"5";"3";"DAGNAUD";"François";"M";"LUG";"L19EAV";"Le 19e qu'on aime ! Avec François Dagnaud et Emmanuel Grégoire. L'Union de la gauche et des écologistes";"544";"30,24%";"51,71%";"";"33";"7";"TIMSIT";"Roland";"M";"LFI";"LNPP19";"LE NOUVEAU PARIS POPULAIRE 19e";"249";"13,84%";"23,67%";"";"5";"";"";"";"";"";"";"";"";"";"";"";""
"75";"Paris";"75056SR19";"Paris 19eme secteur";"1910";"1710";"1132";"66,20%";"578";"33,80%";"1108";"64,80%";"97,88%";"11";"0,64%";"0,97%";"13";"0,76%";"1,15%";"2";"LISCIA";"Pierre";"M";"LUD";"CP 19";"CHANGER PARIS 19 AVEC PIERRE LISCIA ET RACHIDA DATI";"231";"13,51%";"20,85%";"";"5";"3";"DAGNAUD";"François";"M";"LUG";"L19EAV";"Le 19e qu'on aime ! Avec François Dagnaud et Emmanuel Grégoire. L'Union de la gauche et des écologistes";"653";"38,19%";"58,94%";"";"33";"7";"TIMSIT";"Roland";"M";"LFI";"LNPP19";"LE NOUVEAU PARIS POPULAIRE 19e";"224";"13,10%";"20,22%";"";"5";"";"";"";"";"";"";"";"";"";"";"";""
"75";"Paris";"75056SR19";"Paris 19eme secteur";"1911";"1730";"1114";"64,39%";"616";"35,61%";"1093";"63,18%";"98,11%";"12";"0,69%";"1,08%";"9";"0,52%";"0,81%";"2";"LISCIA";"Pierre";"M";"LUD";"CP 19";"CHANGER PARIS 19 AVEC PIERRE LISCIA ET RACHIDA DATI";"190";"10,98%";"17,38%";"";"5";"3";"DAGNAUD";"François";"M";"LUG";"L19EAV";"Le 19e qu'on aime ! Avec François Dagnaud et Emmanuel Grégoire. L'Union de la gauche et des écologistes";"647";"37,40%";"59,19%";"";"33";"7";"TIMSIT";"Roland";"M";"LFI";"LNPP19";"LE NOUVEAU PARIS POPULAIRE 19e";"256";"14,80%";"23,42%";"";"5";"";"";"";"";"";"";"";"";"";"";"";""
"75";"Paris";"75056SR19";"Paris 19eme secteur";"1912";"1829";"1212";"66,27%";"617";"33,73%";"1193";"65,23%";"98,43%";"11";"0,60%";"0,91%";"8";"0,44%";"0,66%";"2";"LISCIA";"Pierre";"M";"LUD";"CP 19";"CHANGER PARIS 19 AVEC PIERRE LISCIA ET RACHIDA DATI";"182";"9,95%";"15,26%";"";"5";"3";"DAGNAUD";"François";"M";"LUG";"L19EAV";"Le 19e qu'on aime ! Avec François Dagnaud et Emmanuel Grégoire. L'Union de la gauche et des écologistes";"763";"41,72%";"63,96%";"";"33";"7";"TIMSIT";"Roland";"M";"LFI";"LNPP19";"LE NOUVEAU PARIS POPULAIRE 19e";"248";"13,56%";"20,79%";"";"5";"";"";"";"";"";"";"";"";"";"";"";""
"75";"Paris";"75056SR19";"Paris 19eme secteur";"1913";"1751";"1135";"64,82%";"616";"35,18%";"1121";"64,02%";"98,77%";"7";"0,40%";"0,62%";"7";"0,40%";"0,62%";"2";"LISCIA";"Pierre";"M";"LUD";"CP 19";"CHANGER PARIS 19 AVEC PIERRE LISCIA ET RACHIDA DATI";"198";"11,31%";"17,66%";"";"5";"3";"DAGNAUD";"François";"M";"LUG";"L19EAV";"Le 19e qu'on aime ! Avec François Dagnaud et Emmanuel Grégoire. L'Union de la gauche et des écologistes";"699";"39,92%";"62,36%";"";"33";"7";"TIMSIT";"Roland";"M";"LFI";"LNPP19";"LE NOUVEAU PARIS POPULAIRE 19e";"224";"12,79%";"19,98%";"";"5";"";"";"";"";"";"";"";"";"";"";"";""
"75";"Paris";"75056SR19";"Paris 19eme secteur";"1914";"1907";"1112";"58,31%";"795";"41,69%";"1094";"57,37%";"98,38%";"9";"0,47%";"0,81%";"9";"0,47%";"0,81%";"2";"LISCIA";"Pierre";"M";"LUD";"CP 19";"CHANGER PARIS 19 AVEC PIERRE LISCIA ET RACHIDA DATI";"187";"9,81%";"17,09%";"";"5";"3";"DAGNAUD";"François";"M";"LUG";"L19EAV";"Le 19e qu'on aime ! Avec François Dagnaud et Emmanuel Grégoire. L'Union de la gauche et des écologistes";"620";"32,51%";"56,67%";"";"33";"7";"TIMSIT";"Roland";"M";"LFI";"LNPP19";"LE NOUVEAU PARIS POPULAIRE 19e";"287";"15,05%";"26,23%";"";"5";"";"";"";"";"";"";"";"";"";"";"";""
"75";"Paris";"75056SR19";"Paris 19eme secteur";"1915";"1591";"1108";"69,64%";"483";"30,36%";"1095";"68,82%";"98,83%";"7";"0,44%";"0,63%";"6";"0,38%";"0,54%";"2";"LISCIA";"Pierre";"M";"LUD";"CP 19";"CHANGER PARIS 19 AVEC PIERRE LISCIA ET RACHIDA DATI";"180";"11,31%";"16,44%";"";"5";"3";"DAGNAUD";"François";"M";"LUG";"L19EAV";"Le 19e qu'on aime ! Avec François Dagnaud et Emmanuel Grégoire. L'Union de la gauche et des écologistes";"688";"43,24%";"62,83%";"";"33";"7";"TIMSIT";"Roland";"M";"LFI";"LNPP19";"LE NOUVEAU PARIS POPULAIRE 19e";"227";"14,27%";"20,73%";"";"5";"";"";"";"";"";"";"";"";"";"";"";""
"75";"Paris";"75056SR19";"Paris 19eme secteur";"1916";"1857";"1250";"67,31%";"607";"32,69%";"1231";"66,29%";"98,48%";"14";"0,75%";"1,12%";"5";"0,27%";"0,40%";"2";"LISCIA";"Pierre";"M";"LUD";"CP 19";"CHANGER PARIS 19 AVEC PIERRE LISCIA ET RACHIDA DATI";"294";"15,83%";"23,88%";"";"5";"3";"DAGNAUD";"François";"M";"LUG";"L19EAV";"Le 19e qu'on aime ! Avec François Dagnaud et Emmanuel Grégoire. L'Union de la gauche et des écologistes";"713";"38,40%";"57,92%";"";"33";"7";"TIMSIT";"Roland";"M";"LFI";"LNPP19";"LE NOUVEAU PARIS POPULAIRE 19e";"224";"12,06%";"18,20%";"";"5";"";"";"";"";"";"";"";"";"";"";"";""
"75";"Paris";"75056SR19";"Paris 19eme secteur";"1917";"1570";"1016";"64,71%";"554";"35,29%";"1007";"64,14%";"99,11%";"3";"0,19%";"0,30%";"6";"0,38%";"0,59%";"2";"LISCIA";"Pierre";"M";"LUD";"CP 19";"CHANGER PARIS 19 AVEC PIERRE LISCIA ET RACHIDA DATI";"282";"17,96%";"28,00%";"";"5";"3";"DAGNAUD";"François";"M";"LUG";"L19EAV";"Le 19e qu'on aime ! Avec François Dagnaud et Emmanuel Grégoire. L'Union de la gauche et des écologistes";"538";"34,27%";"53,43%";"";"33";"7";"TIMSIT";"Roland";"M";"LFI";"LNPP19";"LE NOUVEAU PARIS POPULAIRE 19e";"187";"11,91%";"18,57%";"";"5";"";"";"";"";"";"";"";"";"";"";"";""
"75";"Paris";"75056SR19";"Paris 19eme secteur";"1918";"835";"389";"46,59%";"446";"53,41%";"374";"44,79%";"96,14%";"9";"1,08%";"2,31%";"6";"0,72%";"1,54%";"2";"LISCIA";"Pierre";"M";"LUD";"CP 19";"CHANGER PARIS 19 AVEC PIERRE LISCIA ET RACHIDA DATI";"81";"9,70%";"21,66%";"";"5";"3";"DAGNAUD";"François";"M";"LUG";"L19EAV";"Le 19e qu'on aime ! Avec François Dagnaud et Emmanuel Grégoire. L'Union de la gauche et des écologistes";"165";"19,76%";"44,12%";"";"33";"7";"TIMSIT";"Roland";"M";"LFI";"LNPP19";"LE NOUVEAU PARIS POPULAIRE 19e";"128";"15,33%";"34,22%";"";"5";"";"";"";"";"";"";"";"";"";"";"";""
"75";"Paris";"75056SR19";"Paris 19eme secteur";"1919";"1296";"509";"39,27%";"787";"60,73%";"492";"37,96%";"96,66%";"10";"0,77%";"1,96%";"7";"0,54%";"1,38%";"2";"LISCIA";"Pierre";"M";"LUD";"CP 19";"CHANGER PARIS 19 AVEC PIERRE LISCIA ET RACHIDA DATI";"116";"8,95%";"23,58%";"";"5";"3";"DAGNAUD";"François";"M";"LUG";"L19EAV";"Le 19e qu'on aime ! Avec François Dagnaud et Emmanuel Grégoire. L'Union de la gauche et des écologistes";"240";"18,52%";"48,78%";"";"33";"7";"TIMSIT";"Roland";"M";"LFI";"LNPP19";"LE NOUVEAU PARIS POPULAIRE 19e";"136";"10,49%";"27,64%";"";"5";"";"";"";"";"";"";"";"";"";"";"";""
"75";"Paris";"75056SR19";"Paris 19eme secteur";"1920";"1622";"750";"46,24%";"872";"53,76%";"722";"44,51%";"96,27%";"9";"0,55%";"1,20%";"19";"1,17%";"2,53%";"2";"LISCIA";"Pierre";"M";"LUD";"CP 19";"CHANGER PARIS 19 AVEC PIERRE LISCIA ET RACHIDA DATI";"193";"11,90%";"26,73%";"";"5";"3";"DAGNAUD";"François";"M";"LUG";"L19EAV";"Le 19e qu'on aime ! Avec François Dagnaud et Emmanuel Grégoire. L'Union de la gauche et des écologistes";"357";"22,01%";"49,45%";"";"33";"7";"TIMSIT";"Roland";"M";"LFI";"LNPP19";"LE NOUVEAU PARIS POPULAIRE 19e";"172";"10,60%";"23,82%";"";"5";"";"";"";"";"";"";"";"";"";"";"";""
"75";"Paris";"75056SR19";"Paris 19eme secteur";"1921";"2020";"1210";"59,90%";"810";"40,10%";"1200";"59,41%";"99,17%";"6";"0,30%";"0,50%";"4";"0,20%";"0,33%";"2";"LISCIA";"Pierre";"M";"LUD";"CP 19";"CHANGER PARIS 19 AVEC PIERRE LISCIA ET RACHIDA DATI";"250";"12,38%";"20,83%";"";"5";"3";"DAGNAUD";"François";"M";"LUG";"L19EAV";"Le 19e qu'on aime ! Avec François Dagnaud et Emmanuel Grégoire. L'Union de la gauche et des écologistes";"646";"31,98%";"53,83%";"";"33";"7";"TIMSIT";"Roland";"M";"LFI";"LNPP19";"LE NOUVEAU PARIS POPULAIRE 19e";"304";"15,05%";"25,33%";"";"5";"";"";"";"";"";"";"";"";"";"";"";""
"75";"Paris";"75056SR19";"Paris 19eme secteur";"1922";"1605";"698";"43,49%";"907";"56,51%";"685";"42,68%";"98,14%";"7";"0,44%";"1,00%";"6";"0,37%";"0,86%";"2";"LISCIA";"Pierre";"M";"LUD";"CP 19";"CHANGER PARIS 19 AVEC PIERRE LISCIA ET RACHIDA DATI";"163";"10,16%";"23,80%";"";"5";"3";"DAGNAUD";"François";"M";"LUG";"L19EAV";"Le 19e qu'on aime ! Avec François Dagnaud et Emmanuel Grégoire. L'Union de la gauche et des écologistes";"307";"19,13%";"44,82%";"";"33";"7";"TIMSIT";"Roland";"M";"LFI";"LNPP19";"LE NOUVEAU PARIS POPULAIRE 19e";"215";"13,40%";"31,39%";"";"5";"";"";"";"";"";"";"";"";"";"";"";""
"75";"Paris";"75056SR19";"Paris 19eme secteur";"1923";"1723";"864";"50,15%";"859";"49,85%";"848";"49,22%";"98,15%";"10";"0,58%";"1,16%";"6";"0,35%";"0,69%";"2";"LISCIA";"Pierre";"M";"LUD";"CP 19";"CHANGER PARIS 19 AVEC PIERRE LISCIA ET RACHIDA DATI";"204";"11,84%";"24,06%";"";"5";"3";"DAGNAUD";"François";"M";"LUG";"L19EAV";"Le 19e qu'on aime ! Avec François Dagnaud et Emmanuel Grégoire. L'Union de la gauche et des écologistes";"438";"25,42%";"51,65%";"";"33";"7";"TIMSIT";"Roland";"M";"LFI";"LNPP19";"LE NOUVEAU PARIS POPULAIRE 19e";"206";"11,96%";"24,29%";"";"5";"";"";"";"";"";"";"";"";"";"";"";""
"75";"Paris";"75056SR19";"Paris 19eme secteur";"1924";"1669";"883";"52,91%";"786";"47,09%";"868";"52,01%";"98,30%";"7";"0,42%";"0,79%";"8";"0,48%";"0,91%";"2";"LISCIA";"Pierre";"M";"LUD";"CP 19";"CHANGER PARIS 19 AVEC PIERRE LISCIA ET RACHIDA DATI";"291";"17,44%";"33,53%";"";"5";"3";"DAGNAUD";"François";"M";"LUG";"L19EAV";"Le 19e qu'on aime ! Avec François Dagnaud et Emmanuel Grégoire. L'Union de la gauche et des écologistes";"378";"22,65%";"43,55%";"";"33";"7";"TIMSIT";"Roland";"M";"LFI";"LNPP19";"LE NOUVEAU PARIS POPULAIRE 19e";"199";"11,92%";"22,93%";"";"5";"";"";"";"";"";"";"";"";"";"";"";""
"75";"Paris";"75056SR19";"Paris 19eme secteur";"1925";"1677";"1043";"62,19%";"634";"37,81%";"1032";"61,54%";"98,95%";"6";"0,36%";"0,58%";"5";"0,30%";"0,48%";"2";"LISCIA";"Pierre";"M";"LUD";"CP 19";"CHANGER PARIS 19 AVEC PIERRE LISCIA ET RACHIDA DATI";"290";"17,29%";"28,10%";"";"5";"3";"DAGNAUD";"François";"M";"LUG";"L19EAV";"Le 19e qu'on aime ! Avec François Dagnaud et Emmanuel Grégoire. L'Union de la gauche et des écologistes";"570";"33,99%";"55,23%";"";"33";"7";"TIMSIT";"Roland";"M";"LFI";"LNPP19";"LE NOUVEAU PARIS POPULAIRE 19e";"172";"10,26%";"16,67%";"";"5";"";"";"";"";"";"";"";"";"";"";"";""
"75";"Paris";"75056SR19";"Paris 19eme secteur";"1926";"1547";"928";"59,99%";"619";"40,01%";"905";"58,50%";"97,52%";"14";"0,90%";"1,51%";"9";"0,58%";"0,97%";"2";"LISCIA";"Pierre";"M";"LUD";"CP 19";"CHANGER PARIS 19 AVEC PIERRE LISCIA ET RACHIDA DATI";"225";"14,54%";"24,86%";"";"5";"3";"DAGNAUD";"François";"M";"LUG";"L19EAV";"Le 19e qu'on aime ! Avec François Dagnaud et Emmanuel Grégoire. L'Union de la gauche et des écologistes";"524";"33,87%";"57,90%";"";"33";"7";"TIMSIT";"Roland";"M";"LFI";"LNPP19";"LE NOUVEAU PARIS POPULAIRE 19e";"156";"10,08%";"17,24%";"";"5";"";"";"";"";"";"";"";"";"";"";"";""
"75";"Paris";"75056SR19";"Paris 19eme secteur";"1927";"1416";"805";"56,85%";"611";"43,15%";"800";"56,50%";"99,38%";"2";"0,14%";"0,25%";"3";"0,21%";"0,37%";"2";"LISCIA";"Pierre";"M";"LUD";"CP 19";"CHANGER PARIS 19 AVEC PIERRE LISCIA ET RACHIDA DATI";"187";"13,21%";"23,38%";"";"5";"3";"DAGNAUD";"François";"M";"LUG";"L19EAV";"Le 19e qu'on aime ! Avec François Dagnaud et Emmanuel Grégoire. L'Union de la gauche et des écologistes";"411";"29,03%";"51,38%";"";"33";"7";"TIMSIT";"Roland";"M";"LFI";"LNPP19";"LE NOUVEAU PARIS POPULAIRE 19e";"202";"14,27%";"25,25%";"";"5";"";"";"";"";"";"";"";"";"";"";"";""
"75";"Paris";"75056SR19";"Paris 19eme secteur";"1928";"1729";"1107";"64,03%";"622";"35,97%";"1094";"63,27%";"98,83%";"9";"0,52%";"0,81%";"4";"0,23%";"0,36%";"2";"LISCIA";"Pierre";"M";"LUD";"CP 19";"CHANGER PARIS 19 AVEC PIERRE LISCIA ET RACHIDA DATI";"231";"13,36%";"21,12%";"";"5";"3";"DAGNAUD";"François";"M";"LUG";"L19EAV";"Le 19e qu'on aime ! Avec François Dagnaud et Emmanuel Grégoire. L'Union de la gauche et des écologistes";"630";"36,44%";"57,59%";"";"33";"7";"TIMSIT";"Roland";"M";"LFI";"LNPP19";"LE NOUVEAU PARIS POPULAIRE 19e";"233";"13,48%";"21,30%";"";"5";"";"";"";"";"";"";"";"";"";"";"";""
"75";"Paris";"75056SR19";"Paris 19eme secteur";"1929";"1672";"948";"56,70%";"724";"43,30%";"927";"55,44%";"97,78%";"12";"0,72%";"1,27%";"9";"0,54%";"0,95%";"2";"LISCIA";"Pierre";"M";"LUD";"CP 19";"CHANGER PARIS 19 AVEC PIERRE LISCIA ET RACHIDA DATI";"212";"12,68%";"22,87%";"";"5";"3";"DAGNAUD";"François";"M";"LUG";"L19EAV";"Le 19e qu'on aime ! Avec François Dagnaud et Emmanuel Grégoire. L'Union de la gauche et des écologistes";"520";"31,10%";"56,09%";"";"33";"7";"TIMSIT";"Roland";"M";"LFI";"LNPP19";"LE NOUVEAU PARIS POPULAIRE 19e";"195";"11,66%";"21,04%";"";"5";"";"";"";"";"";"";"";"";"";"";"";""
"75";"Paris";"75056SR19";"Paris 19eme secteur";"1930";"1696";"1121";"66,10%";"575";"33,90%";"1100";"64,86%";"98,13%";"14";"0,83%";"1,25%";"7";"0,41%";"0,62%";"2";"LISCIA";"Pierre";"M";"LUD";"CP 19";"CHANGER PARIS 19 AVEC PIERRE LISCIA ET RACHIDA DATI";"265";"15,63%";"24,09%";"";"5";"3";"DAGNAUD";"François";"M";"LUG";"L19EAV";"Le 19e qu'on aime ! Avec François Dagnaud et Emmanuel Grégoire. L'Union de la gauche et des écologistes";"647";"38,15%";"58,82%";"";"33";"7";"TIMSIT";"Roland";"M";"LFI";"LNPP19";"LE NOUVEAU PARIS POPULAIRE 19e";"188";"11,08%";"17,09%";"";"5";"";"";"";"";"";"";"";"";"";"";"";""
"75";"Paris";"75056SR19";"Paris 19eme secteur";"1931";"1612";"1041";"64,58%";"571";"35,42%";"1025";"63,59%";"98,46%";"8";"0,50%";"0,77%";"8";"0,50%";"0,77%";"2";"LISCIA";"Pierre";"M";"LUD";"CP 19";"CHANGER PARIS 19 AVEC PIERRE LISCIA ET RACHIDA DATI";"177";"10,98%";"17,27%";"";"5";"3";"DAGNAUD";"François";"M";"LUG";"L19EAV";"Le 19e qu'on aime ! Avec François Dagnaud et Emmanuel Grégoire. L'Union de la gauche et des écologistes";"646";"40,07%";"63,02%";"";"33";"7";"TIMSIT";"Roland";"M";"LFI";"LNPP19";"LE NOUVEAU PARIS POPULAIRE 19e";"202";"12,53%";"19,71%";"";"5";"";"";"";"";"";"";"";"";"";"";"";""
"75";"Paris";"75056SR19";"Paris 19eme secteur";"1932";"1655";"1167";"70,51%";"488";"29,49%";"1148";"69,37%";"98,37%";"9";"0,54%";"0,77%";"10";"0,60%";"0,86%";"2";"LISCIA";"Pierre";"M";"LUD";"CP 19";"CHANGER PARIS 19 AVEC PIERRE LISCIA ET RACHIDA DATI";"168";"10,15%";"14,63%";"";"5";"3";"DAGNAUD";"François";"M";"LUG";"L19EAV";"Le 19e qu'on aime ! Avec François Dagnaud et Emmanuel Grégoire. L'Union de la gauche et des écologistes";"748";"45,20%";"65,16%";"";"33";"7";"TIMSIT";"Roland";"M";"LFI";"LNPP19";"LE NOUVEAU PARIS POPULAIRE 19e";"232";"14,02%";"20,21%";"";"5";"";"";"";"";"";"";"";"";"";"";"";""
"75";"Paris";"75056SR19";"Paris 19eme secteur";"1933";"1523";"765";"50,23%";"758";"49,77%";"751";"49,31%";"98,17%";"6";"0,39%";"0,78%";"8";"0,53%";"1,05%";"2";"LISCIA";"Pierre";"M";"LUD";"CP 19";"CHANGER PARIS 19 AVEC PIERRE LISCIA ET RACHIDA DATI";"184";"12,08%";"24,50%";"";"5";"3";"DAGNAUD";"François";"M";"LUG";"L19EAV";"Le 19e qu'on aime ! Avec François Dagnaud et Emmanuel Grégoire. L'Union de la gauche et des écologistes";"378";"24,82%";"50,33%";"";"33";"7";"TIMSIT";"Roland";"M";"LFI";"LNPP19";"LE NOUVEAU PARIS POPULAIRE 19e";"189";"12,41%";"25,17%";"";"5";"";"";"";"";"";"";"";"";"";"";"";""
"75";"Paris";"75056SR19";"Paris 19eme secteur";"1934";"1388";"882";"63,54%";"506";"36,46%";"872";"62,82%";"98,87%";"3";"0,22%";"0,34%";"7";"0,50%";"0,79%";"2";"LISCIA";"Pierre";"M";"LUD";"CP 19";"CHANGER PARIS 19 AVEC PIERRE LISCIA ET RACHIDA DATI";"185";"13,33%";"21,22%";"";"5";"3";"DAGNAUD";"François";"M";"LUG";"L19EAV";"Le 19e qu'on aime ! Avec François Dagnaud et Emmanuel Grégoire. L'Union de la gauche et des écologistes";"503";"36,24%";"57,68%";"";"33";"7";"TIMSIT";"Roland";"M";"LFI";"LNPP19";"LE NOUVEAU PARIS POPULAIRE 19e";"184";"13,26%";"21,10%";"";"5";"";"";"";"";"";"";"";"";"";"";"";""
"75";"Paris";"75056SR19";"Paris 19eme secteur";"1935";"1213";"554";"45,67%";"659";"54,33%";"534";"44,02%";"96,39%";"9";"0,74%";"1,62%";"11";"0,91%";"1,99%";"2";"LISCIA";"Pierre";"M";"LUD";"CP 19";"CHANGER PARIS 19 AVEC PIERRE LISCIA ET RACHIDA DATI";"119";"9,81%";"22,28%";"";"5";"3";"DAGNAUD";"François";"M";"LUG";"L19EAV";"Le 19e qu'on aime ! Avec François Dagnaud et Emmanuel Grégoire. L'Union de la gauche et des écologistes";"272";"22,42%";"50,94%";"";"33";"7";"TIMSIT";"Roland";"M";"LFI";"LNPP19";"LE NOUVEAU PARIS POPULAIRE 19e";"143";"11,79%";"26,78%";"";"5";"";"";"";"";"";"";"";"";"";"";"";""
"75";"Paris";"75056SR19";"Paris 19eme secteur";"1936";"1448";"787";"54,35%";"661";"45,65%";"778";"53,73%";"98,86%";"2";"0,14%";"0,25%";"7";"0,48%";"0,89%";"2";"LISCIA";"Pierre";"M";"LUD";"CP 19";"CHANGER PARIS 19 AVEC PIERRE LISCIA ET RACHIDA DATI";"189";"13,05%";"24,29%";"";"5";"3";"DAGNAUD";"François";"M";"LUG";"L19EAV";"Le 19e qu'on aime ! Avec François Dagnaud et Emmanuel Grégoire. L'Union de la gauche et des écologistes";"372";"25,69%";"47,81%";"";"33";"7";"TIMSIT";"Roland";"M";"LFI";"LNPP19";"LE NOUVEAU PARIS POPULAIRE 19e";"217";"14,99%";"27,89%";"";"5";"";"";"";"";"";"";"";"";"";"";"";""
"75";"Paris";"75056SR19";"Paris 19eme secteur";"1937";"1413";"716";"50,67%";"697";"49,33%";"707";"50,04%";"98,74%";"4";"0,28%";"0,56%";"5";"0,35%";"0,70%";"2";"LISCIA";"Pierre";"M";"LUD";"CP 19";"CHANGER PARIS 19 AVEC PIERRE LISCIA ET RACHIDA DATI";"185";"13,09%";"26,17%";"";"5";"3";"DAGNAUD";"François";"M";"LUG";"L19EAV";"Le 19e qu'on aime ! Avec François Dagnaud et Emmanuel Grégoire. L'Union de la gauche et des écologistes";"343";"24,27%";"48,51%";"";"33";"7";"TIMSIT";"Roland";"M";"LFI";"LNPP19";"LE NOUVEAU PARIS POPULAIRE 19e";"179";"12,67%";"25,32%";"";"5";"";"";"";"";"";"";"";"";"";"";"";""
"75";"Paris";"75056SR19";"Paris 19eme secteur";"1938";"1490";"834";"55,97%";"656";"44,03%";"821";"55,10%";"98,44%";"4";"0,27%";"0,48%";"9";"0,60%";"1,08%";"2";"LISCIA";"Pierre";"M";"LUD";"CP 19";"CHANGER PARIS 19 AVEC PIERRE LISCIA ET RACHIDA DATI";"162";"10,87%";"19,73%";"";"5";"3";"DAGNAUD";"François";"M";"LUG";"L19EAV";"Le 19e qu'on aime ! Avec François Dagnaud et Emmanuel Grégoire. L'Union de la gauche et des écologistes";"419";"28,12%";"51,04%";"";"33";"7";"TIMSIT";"Roland";"M";"LFI";"LNPP19";"LE NOUVEAU PARIS POPULAIRE 19e";"240";"16,11%";"29,23%";"";"5";"";"";"";"";"";"";"";"";"";"";"";""
"75";"Paris";"75056SR19";"Paris 19eme secteur";"1939";"1586";"885";"55,80%";"701";"44,20%";"870";"54,85%";"98,31%";"6";"0,38%";"0,68%";"9";"0,57%";"1,02%";"2";"LISCIA";"Pierre";"M";"LUD";"CP 19";"CHANGER PARIS 19 AVEC PIERRE LISCIA ET RACHIDA DATI";"199";"12,55%";"22,87%";"";"5";"3";"DAGNAUD";"François";"M";"LUG";"L19EAV";"Le 19e qu'on aime ! Avec François Dagnaud et Emmanuel Grégoire. L'Union de la gauche et des écologistes";"446";"28,12%";"51,26%";"";"33";"7";"TIMSIT";"Roland";"M";"LFI";"LNPP19";"LE NOUVEAU PARIS POPULAIRE 19e";"225";"14,19%";"25,86%";"";"5";"";"";"";"";"";"";"";"";"";"";"";""
"75";"Paris";"75056SR19";"Paris 19eme secteur";"1940";"1573";"761";"48,38%";"812";"51,62%";"750";"47,68%";"98,55%";"5";"0,32%";"0,66%";"6";"0,38%";"0,79%";"2";"LISCIA";"Pierre";"M";"LUD";"CP 19";"CHANGER PARIS 19 AVEC PIERRE LISCIA ET RACHIDA DATI";"196";"12,46%";"26,13%";"";"5";"3";"DAGNAUD";"François";"M";"LUG";"L19EAV";"Le 19e qu'on aime ! Avec François Dagnaud et Emmanuel Grégoire. L'Union de la gauche et des écologistes";"344";"21,87%";"45,87%";"";"33";"7";"TIMSIT";"Roland";"M";"LFI";"LNPP19";"LE NOUVEAU PARIS POPULAIRE 19e";"210";"13,35%";"28,00%";"";"5";"";"";"";"";"";"";"";"";"";"";"";""
"75";"Paris";"75056SR19";"Paris 19eme secteur";"1941";"1614";"726";"44,98%";"888";"55,02%";"707";"43,80%";"97,38%";"12";"0,74%";"1,65%";"7";"0,43%";"0,96%";"2";"LISCIA";"Pierre";"M";"LUD";"CP 19";"CHANGER PARIS 19 AVEC PIERRE LISCIA ET RACHIDA DATI";"198";"12,27%";"28,01%";"";"5";"3";"DAGNAUD";"François";"M";"LUG";"L19EAV";"Le 19e qu'on aime ! Avec François Dagnaud et Emmanuel Grégoire. L'Union de la gauche et des écologistes";"342";"21,19%";"48,37%";"";"33";"7";"TIMSIT";"Roland";"M";"LFI";"LNPP19";"LE NOUVEAU PARIS POPULAIRE 19e";"167";"10,35%";"23,62%";"";"5";"";"";"";"";"";"";"";"";"";"";"";""
"75";"Paris";"75056SR19";"Paris 19eme secteur";"1942";"1256";"509";"40,53%";"747";"59,47%";"494";"39,33%";"97,05%";"9";"0,72%";"1,77%";"6";"0,48%";"1,18%";"2";"LISCIA";"Pierre";"M";"LUD";"CP 19";"CHANGER PARIS 19 AVEC PIERRE LISCIA ET RACHIDA DATI";"90";"7,17%";"18,22%";"";"5";"3";"DAGNAUD";"François";"M";"LUG";"L19EAV";"Le 19e qu'on aime ! Avec François Dagnaud et Emmanuel Grégoire. L'Union de la gauche et des écologistes";"238";"18,95%";"48,18%";"";"33";"7";"TIMSIT";"Roland";"M";"LFI";"LNPP19";"LE NOUVEAU PARIS POPULAIRE 19e";"166";"13,22%";"33,60%";"";"5";"";"";"";"";"";"";"";"";"";"";"";""
"75";"Paris";"75056SR19";"Paris 19eme secteur";"1943";"1448";"553";"38,19%";"895";"61,81%";"542";"37,43%";"98,01%";"3";"0,21%";"0,54%";"8";"0,55%";"1,45%";"2";"LISCIA";"Pierre";"M";"LUD";"CP 19";"CHANGER PARIS 19 AVEC PIERRE LISCIA ET RACHIDA DATI";"142";"9,81%";"26,20%";"";"5";"3";"DAGNAUD";"François";"M";"LUG";"L19EAV";"Le 19e qu'on aime ! Avec François Dagnaud et Emmanuel Grégoire. L'Union de la gauche et des écologistes";"230";"15,88%";"42,44%";"";"33";"7";"TIMSIT";"Roland";"M";"LFI";"LNPP19";"LE NOUVEAU PARIS POPULAIRE 19e";"170";"11,74%";"31,37%";"";"5";"";"";"";"";"";"";"";"";"";"";"";""
"75";"Paris";"75056SR19";"Paris 19eme secteur";"1944";"1612";"689";"42,74%";"923";"57,26%";"671";"41,63%";"97,39%";"10";"0,62%";"1,45%";"8";"0,50%";"1,16%";"2";"LISCIA";"Pierre";"M";"LUD";"CP 19";"CHANGER PARIS 19 AVEC PIERRE LISCIA ET RACHIDA DATI";"253";"15,69%";"37,70%";"";"5";"3";"DAGNAUD";"François";"M";"LUG";"L19EAV";"Le 19e qu'on aime ! Avec François Dagnaud et Emmanuel Grégoire. L'Union de la gauche et des écologistes";"269";"16,69%";"40,09%";"";"33";"7";"TIMSIT";"Roland";"M";"LFI";"LNPP19";"LE NOUVEAU PARIS POPULAIRE 19e";"149";"9,24%";"22,21%";"";"5";"";"";"";"";"";"";"";"";"";"";"";""
"75";"Paris";"75056SR19";"Paris 19eme secteur";"1945";"1699";"823";"48,44%";"876";"51,56%";"807";"47,50%";"98,06%";"8";"0,47%";"0,97%";"8";"0,47%";"0,97%";"2";"LISCIA";"Pierre";"M";"LUD";"CP 19";"CHANGER PARIS 19 AVEC PIERRE LISCIA ET RACHIDA DATI";"185";"10,89%";"22,92%";"";"5";"3";"DAGNAUD";"François";"M";"LUG";"L19EAV";"Le 19e qu'on aime ! Avec François Dagnaud et Emmanuel Grégoire. L'Union de la gauche et des écologistes";"373";"21,95%";"46,22%";"";"33";"7";"TIMSIT";"Roland";"M";"LFI";"LNPP19";"LE NOUVEAU PARIS POPULAIRE 19e";"249";"14,66%";"30,86%";"";"5";"";"";"";"";"";"";"";"";"";"";"";""
"75";"Paris";"75056SR19";"Paris 19eme secteur";"1946";"1761";"1049";"59,57%";"712";"40,43%";"1033";"58,66%";"98,47%";"9";"0,51%";"0,86%";"7";"0,40%";"0,67%";"2";"LISCIA";"Pierre";"M";"LUD";"CP 19";"CHANGER PARIS 19 AVEC PIERRE LISCIA ET RACHIDA DATI";"288";"16,35%";"27,88%";"";"5";"3";"DAGNAUD";"François";"M";"LUG";"L19EAV";"Le 19e qu'on aime ! Avec François Dagnaud et Emmanuel Grégoire. L'Union de la gauche et des écologistes";"535";"30,38%";"51,79%";"";"33";"7";"TIMSIT";"Roland";"M";"LFI";"LNPP19";"LE NOUVEAU PARIS POPULAIRE 19e";"210";"11,93%";"20,33%";"";"5";"";"";"";"";"";"";"";"";"";"";"";""
"75";"Paris";"75056SR19";"Paris 19eme secteur";"1947";"1573";"942";"59,89%";"631";"40,11%";"931";"59,19%";"98,83%";"6";"0,38%";"0,64%";"5";"0,32%";"0,53%";"2";"LISCIA";"Pierre";"M";"LUD";"CP 19";"CHANGER PARIS 19 AVEC PIERRE LISCIA ET RACHIDA DATI";"274";"17,42%";"29,43%";"";"5";"3";"DAGNAUD";"François";"M";"LUG";"L19EAV";"Le 19e qu'on aime ! Avec François Dagnaud et Emmanuel Grégoire. L'Union de la gauche et des écologistes";"499";"31,72%";"53,60%";"";"33";"7";"TIMSIT";"Roland";"M";"LFI";"LNPP19";"LE NOUVEAU PARIS POPULAIRE 19e";"158";"10,04%";"16,97%";"";"5";"";"";"";"";"";"";"";"";"";"";"";""
"75";"Paris";"75056SR19";"Paris 19eme secteur";"1948";"2046";"1188";"58,06%";"858";"41,94%";"1173";"57,33%";"98,74%";"9";"0,44%";"0,76%";"6";"0,29%";"0,51%";"2";"LISCIA";"Pierre";"M";"LUD";"CP 19";"CHANGER PARIS 19 AVEC PIERRE LISCIA ET RACHIDA DATI";"247";"12,07%";"21,06%";"";"5";"3";"DAGNAUD";"François";"M";"LUG";"L19EAV";"Le 19e qu'on aime ! Avec François Dagnaud et Emmanuel Grégoire. L'Union de la gauche et des écologistes";"598";"29,23%";"50,98%";"";"33";"7";"TIMSIT";"Roland";"M";"LFI";"LNPP19";"LE NOUVEAU PARIS POPULAIRE 19e";"328";"16,03%";"27,96%";"";"5";"";"";"";"";"";"";"";"";"";"";"";""
"75";"Paris";"75056SR19";"Paris 19eme secteur";"1949";"1717";"837";"48,75%";"880";"51,25%";"820";"47,76%";"97,97%";"13";"0,76%";"1,55%";"4";"0,23%";"0,48%";"2";"LISCIA";"Pierre";"M";"LUD";"CP 19";"CHANGER PARIS 19 AVEC PIERRE LISCIA ET RACHIDA DATI";"191";"11,12%";"23,29%";"";"5";"3";"DAGNAUD";"François";"M";"LUG";"L19EAV";"Le 19e qu'on aime ! Avec François Dagnaud et Emmanuel Grégoire. L'Union de la gauche et des écologistes";"399";"23,24%";"48,66%";"";"33";"7";"TIMSIT";"Roland";"M";"LFI";"LNPP19";"LE NOUVEAU PARIS POPULAIRE 19e";"230";"13,40%";"28,05%";"";"5";"";"";"";"";"";"";"";"";"";"";"";""
"75";"Paris";"75056SR19";"Paris 19eme secteur";"1950";"1577";"826";"52,38%";"751";"47,62%";"807";"51,17%";"97,70%";"7";"0,44%";"0,85%";"12";"0,76%";"1,45%";"2";"LISCIA";"Pierre";"M";"LUD";"CP 19";"CHANGER PARIS 19 AVEC PIERRE LISCIA ET RACHIDA DATI";"165";"10,46%";"20,45%";"";"5";"3";"DAGNAUD";"François";"M";"LUG";"L19EAV";"Le 19e qu'on aime ! Avec François Dagnaud et Emmanuel Grégoire. L'Union de la gauche et des écologistes";"315";"19,97%";"39,03%";"";"33";"7";"TIMSIT";"Roland";"M";"LFI";"LNPP19";"LE NOUVEAU PARIS POPULAIRE 19e";"327";"20,74%";"40,52%";"";"5";"";"";"";"";"";"";"";"";"";"";"";""
"75";"Paris";"75056SR19";"Paris 19eme secteur";"1951";"1687";"754";"44,69%";"933";"55,31%";"739";"43,81%";"98,01%";"6";"0,36%";"0,80%";"9";"0,53%";"1,19%";"2";"LISCIA";"Pierre";"M";"LUD";"CP 19";"CHANGER PARIS 19 AVEC PIERRE LISCIA ET RACHIDA DATI";"218";"12,92%";"29,50%";"";"5";"3";"DAGNAUD";"François";"M";"LUG";"L19EAV";"Le 19e qu'on aime ! Avec François Dagnaud et Emmanuel Grégoire. L'Union de la gauche et des écologistes";"343";"20,33%";"46,41%";"";"33";"7";"TIMSIT";"Roland";"M";"LFI";"LNPP19";"LE NOUVEAU PARIS POPULAIRE 19e";"178";"10,55%";"24,09%";"";"5";"";"";"";"";"";"";"";"";"";"";"";""
"75";"Paris";"75056SR19";"Paris 19eme secteur";"1952";"1697";"875";"51,56%";"822";"48,44%";"862";"50,80%";"98,51%";"7";"0,41%";"0,80%";"6";"0,35%";"0,69%";"2";"LISCIA";"Pierre";"M";"LUD";"CP 19";"CHANGER PARIS 19 AVEC PIERRE LISCIA ET RACHIDA DATI";"190";"11,20%";"22,04%";"";"5";"3";"DAGNAUD";"François";"M";"LUG";"L19EAV";"Le 19e qu'on aime ! Avec François Dagnaud et Emmanuel Grégoire. L'Union de la gauche et des écologistes";"441";"25,99%";"51,16%";"";"33";"7";"TIMSIT";"Roland";"M";"LFI";"LNPP19";"LE NOUVEAU PARIS POPULAIRE 19e";"231";"13,61%";"26,80%";"";"5";"";"";"";"";"";"";"";"";"";"";"";""
"75";"Paris";"75056SR19";"Paris 19eme secteur";"1953";"1558";"817";"52,44%";"741";"47,56%";"805";"51,67%";"98,53%";"8";"0,51%";"0,98%";"4";"0,26%";"0,49%";"2";"LISCIA";"Pierre";"M";"LUD";"CP 19";"CHANGER PARIS 19 AVEC PIERRE LISCIA ET RACHIDA DATI";"278";"17,84%";"34,53%";"";"5";"3";"DAGNAUD";"François";"M";"LUG";"L19EAV";"Le 19e qu'on aime ! Avec François Dagnaud et Emmanuel Grégoire. L'Union de la gauche et des écologistes";"360";"23,11%";"44,72%";"";"33";"7";"TIMSIT";"Roland";"M";"LFI";"LNPP19";"LE NOUVEAU PARIS POPULAIRE 19e";"167";"10,72%";"20,75%";"";"5";"";"";"";"";"";"";"";"";"";"";"";""
"75";"Paris";"75056SR19";"Paris 19eme secteur";"1954";"1715";"939";"54,75%";"776";"45,25%";"922";"53,76%";"98,19%";"6";"0,35%";"0,64%";"11";"0,64%";"1,17%";"2";"LISCIA";"Pierre";"M";"LUD";"CP 19";"CHANGER PARIS 19 AVEC PIERRE LISCIA ET RACHIDA DATI";"222";"12,94%";"24,08%";"";"5";"3";"DAGNAUD";"François";"M";"LUG";"L19EAV";"Le 19e qu'on aime ! Avec François Dagnaud et Emmanuel Grégoire. L'Union de la gauche et des écologistes";"492";"28,69%";"53,36%";"";"33";"7";"TIMSIT";"Roland";"M";"LFI";"LNPP19";"LE NOUVEAU PARIS POPULAIRE 19e";"208";"12,13%";"22,56%";"";"5";"";"";"";"";"";"";"";"";"";"";"";""
"75";"Paris";"75056SR19";"Paris 19eme secteur";"1955";"1616";"696";"43,07%";"920";"56,93%";"675";"41,77%";"96,98%";"9";"0,56%";"1,29%";"12";"0,74%";"1,72%";"2";"LISCIA";"Pierre";"M";"LUD";"CP 19";"CHANGER PARIS 19 AVEC PIERRE LISCIA ET RACHIDA DATI";"159";"9,84%";"23,56%";"";"5";"3";"DAGNAUD";"François";"M";"LUG";"L19EAV";"Le 19e qu'on aime ! Avec François Dagnaud et Emmanuel Grégoire. L'Union de la gauche et des écologistes";"305";"18,87%";"45,19%";"";"33";"7";"TIMSIT";"Roland";"M";"LFI";"LNPP19";"LE NOUVEAU PARIS POPULAIRE 19e";"211";"13,06%";"31,26%";"";"5";"";"";"";"";"";"";"";"";"";"";"";""
"75";"Paris";"75056SR19";"Paris 19eme secteur";"1956";"1462";"683";"46,72%";"779";"53,28%";"668";"45,69%";"97,80%";"11";"0,75%";"1,61%";"4";"0,27%";"0,59%";"2";"LISCIA";"Pierre";"M";"LUD";"CP 19";"CHANGER PARIS 19 AVEC PIERRE LISCIA ET RACHIDA DATI";"161";"11,01%";"24,10%";"";"5";"3";"DAGNAUD";"François";"M";"LUG";"L19EAV";"Le 19e qu'on aime ! Avec François Dagnaud et Emmanuel Grégoire. L'Union de la gauche et des écologistes";"309";"21,14%";"46,26%";"";"33";"7";"TIMSIT";"Roland";"M";"LFI";"LNPP19";"LE NOUVEAU PARIS POPULAIRE 19e";"198";"13,54%";"29,64%";"";"5";"";"";"";"";"";"";"";"";"";"";"";""
"75";"Paris";"75056SR19";"Paris 19eme secteur";"1957";"1417";"502";"35,43%";"915";"64,57%";"484";"34,16%";"96,41%";"9";"0,64%";"1,79%";"9";"0,64%";"1,79%";"2";"LISCIA";"Pierre";"M";"LUD";"CP 19";"CHANGER PARIS 19 AVEC PIERRE LISCIA ET RACHIDA DATI";"125";"8,82%";"25,83%";"";"5";"3";"DAGNAUD";"François";"M";"LUG";"L19EAV";"Le 19e qu'on aime ! Avec François Dagnaud et Emmanuel Grégoire. L'Union de la gauche et des écologistes";"225";"15,88%";"46,49%";"";"33";"7";"TIMSIT";"Roland";"M";"LFI";"LNPP19";"LE NOUVEAU PARIS POPULAIRE 19e";"134";"9,46%";"27,69%";"";"5";"";"";"";"";"";"";"";"";"";"";"";""
"75";"Paris";"75056SR19";"Paris 19eme secteur";"1958";"1678";"1104";"65,79%";"574";"34,21%";"1093";"65,14%";"99,00%";"5";"0,30%";"0,45%";"6";"0,36%";"0,54%";"2";"LISCIA";"Pierre";"M";"LUD";"CP 19";"CHANGER PARIS 19 AVEC PIERRE LISCIA ET RACHIDA DATI";"182";"10,85%";"16,65%";"";"5";"3";"DAGNAUD";"François";"M";"LUG";"L19EAV";"Le 19e qu'on aime ! Avec François Dagnaud et Emmanuel Grégoire. L'Union de la gauche et des écologistes";"663";"39,51%";"60,66%";"";"33";"7";"TIMSIT";"Roland";"M";"LFI";"LNPP19";"LE NOUVEAU PARIS POPULAIRE 19e";"248";"14,78%";"22,69%";"";"5";"";"";"";"";"";"";"";"";"";"";"";""
"75";"Paris";"75056SR19";"Paris 19eme secteur";"1959";"1707";"990";"58,00%";"717";"42,00%";"962";"56,36%";"97,17%";"15";"0,88%";"1,52%";"13";"0,76%";"1,31%";"2";"LISCIA";"Pierre";"M";"LUD";"CP 19";"CHANGER PARIS 19 AVEC PIERRE LISCIA ET RACHIDA DATI";"206";"12,07%";"21,41%";"";"5";"3";"DAGNAUD";"François";"M";"LUG";"L19EAV";"Le 19e qu'on aime ! Avec François Dagnaud et Emmanuel Grégoire. L'Union de la gauche et des écologistes";"545";"31,93%";"56,65%";"";"33";"7";"TIMSIT";"Roland";"M";"LFI";"LNPP19";"LE NOUVEAU PARIS POPULAIRE 19e";"211";"12,36%";"21,93%";"";"5";"";"";"";"";"";"";"";"";"";"";"";""
"75";"Paris";"75056SR19";"Paris 19eme secteur";"1960";"1707";"996";"58,35%";"711";"41,65%";"988";"57,88%";"99,20%";"2";"0,12%";"0,20%";"6";"0,35%";"0,60%";"2";"LISCIA";"Pierre";"M";"LUD";"CP 19";"CHANGER PARIS 19 AVEC PIERRE LISCIA ET RACHIDA DATI";"204";"11,95%";"20,65%";"";"5";"3";"DAGNAUD";"François";"M";"LUG";"L19EAV";"Le 19e qu'on aime ! Avec François Dagnaud et Emmanuel Grégoire. L'Union de la gauche et des écologistes";"544";"31,87%";"55,06%";"";"33";"7";"TIMSIT";"Roland";"M";"LFI";"LNPP19";"LE NOUVEAU PARIS POPULAIRE 19e";"240";"14,06%";"24,29%";"";"5";"";"";"";"";"";"";"";"";"";"";"";""
"75";"Paris";"75056SR19";"Paris 19eme secteur";"1961";"1711";"994";"58,09%";"717";"41,91%";"974";"56,93%";"97,99%";"12";"0,70%";"1,21%";"8";"0,47%";"0,80%";"2";"LISCIA";"Pierre";"M";"LUD";"CP 19";"CHANGER PARIS 19 AVEC PIERRE LISCIA ET RACHIDA DATI";"181";"10,58%";"18,58%";"";"5";"3";"DAGNAUD";"François";"M";"LUG";"L19EAV";"Le 19e qu'on aime ! Avec François Dagnaud et Emmanuel Grégoire. L'Union de la gauche et des écologistes";"532";"31,09%";"54,62%";"";"33";"7";"TIMSIT";"Roland";"M";"LFI";"LNPP19";"LE NOUVEAU PARIS POPULAIRE 19e";"261";"15,25%";"26,80%";"";"5";"";"";"";"";"";"";"";"";"";"";"";""
"75";"Paris";"75056SR19";"Paris 19eme secteur";"1962";"1652";"878";"53,15%";"774";"46,85%";"862";"52,18%";"98,18%";"11";"0,67%";"1,25%";"5";"0,30%";"0,57%";"2";"LISCIA";"Pierre";"M";"LUD";"CP 19";"CHANGER PARIS 19 AVEC PIERRE LISCIA ET RACHIDA DATI";"195";"11,80%";"22,62%";"";"5";"3";"DAGNAUD";"François";"M";"LUG";"L19EAV";"Le 19e qu'on aime ! Avec François Dagnaud et Emmanuel Grégoire. L'Union de la gauche et des écologistes";"458";"27,72%";"53,13%";"";"33";"7";"TIMSIT";"Roland";"M";"LFI";"LNPP19";"LE NOUVEAU PARIS POPULAIRE 19e";"209";"12,65%";"24,25%";"";"5";"";"";"";"";"";"";"";"";"";"";"";""
"75";"Paris";"75056SR19";"Paris 19eme secteur";"1963";"1518";"829";"54,61%";"689";"45,39%";"813";"53,56%";"98,07%";"10";"0,66%";"1,21%";"6";"0,40%";"0,72%";"2";"LISCIA";"Pierre";"M";"LUD";"CP 19";"CHANGER PARIS 19 AVEC PIERRE LISCIA ET RACHIDA DATI";"243";"16,01%";"29,89%";"";"5";"3";"DAGNAUD";"François";"M";"LUG";"L19EAV";"Le 19e qu'on aime ! Avec François Dagnaud et Emmanuel Grégoire. L'Union de la gauche et des écologistes";"398";"26,22%";"48,95%";"";"33";"7";"TIMSIT";"Roland";"M";"LFI";"LNPP19";"LE NOUVEAU PARIS POPULAIRE 19e";"172";"11,33%";"21,16%";"";"5";"";"";"";"";"";"";"";"";"";"";"";""
"75";"Paris";"75056SR19";"Paris 19eme secteur";"1964";"1791";"956";"53,38%";"835";"46,62%";"945";"52,76%";"98,85%";"4";"0,22%";"0,42%";"7";"0,39%";"0,73%";"2";"LISCIA";"Pierre";"M";"LUD";"CP 19";"CHANGER PARIS 19 AVEC PIERRE LISCIA ET RACHIDA DATI";"240";"13,40%";"25,40%";"";"5";"3";"DAGNAUD";"François";"M";"LUG";"L19EAV";"Le 19e qu'on aime ! Avec François Dagnaud et Emmanuel Grégoire. L'Union de la gauche et des écologistes";"488";"27,25%";"51,64%";"";"33";"7";"TIMSIT";"Roland";"M";"LFI";"LNPP19";"LE NOUVEAU PARIS POPULAIRE 19e";"217";"12,12%";"22,96%";"";"5";"";"";"";"";"";"";"";"";"";"";"";""
"75";"Paris";"75056SR19";"Paris 19eme secteur";"1965";"1634";"981";"60,04%";"653";"39,96%";"967";"59,18%";"98,57%";"9";"0,55%";"0,92%";"5";"0,31%";"0,51%";"2";"LISCIA";"Pierre";"M";"LUD";"CP 19";"CHANGER PARIS 19 AVEC PIERRE LISCIA ET RACHIDA DATI";"288";"17,63%";"29,78%";"";"5";"3";"DAGNAUD";"François";"M";"LUG";"L19EAV";"Le 19e qu'on aime ! Avec François Dagnaud et Emmanuel Grégoire. L'Union de la gauche et des écologistes";"495";"30,29%";"51,19%";"";"33";"7";"TIMSIT";"Roland";"M";"LFI";"LNPP19";"LE NOUVEAU PARIS POPULAIRE 19e";"184";"11,26%";"19,03%";"";"5";"";"";"";"";"";"";"";"";"";"";"";""
"75";"Paris";"75056SR19";"Paris 19eme secteur";"1966";"1705";"966";"56,66%";"739";"43,34%";"946";"55,48%";"97,93%";"9";"0,53%";"0,93%";"11";"0,65%";"1,14%";"2";"LISCIA";"Pierre";"M";"LUD";"CP 19";"CHANGER PARIS 19 AVEC PIERRE LISCIA ET RACHIDA DATI";"246";"14,43%";"26,00%";"";"5";"3";"DAGNAUD";"François";"M";"LUG";"L19EAV";"Le 19e qu'on aime ! Avec François Dagnaud et Emmanuel Grégoire. L'Union de la gauche et des écologistes";"522";"30,62%";"55,18%";"";"33";"7";"TIMSIT";"Roland";"M";"LFI";"LNPP19";"LE NOUVEAU PARIS POPULAIRE 19e";"178";"10,44%";"18,82%";"";"5";"";"";"";"";"";"";"";"";"";"";"";""
"75";"Paris";"75056SR19";"Paris 19eme secteur";"1967";"1907";"920";"48,24%";"987";"51,76%";"905";"47,46%";"98,37%";"6";"0,31%";"0,65%";"9";"0,47%";"0,98%";"2";"LISCIA";"Pierre";"M";"LUD";"CP 19";"CHANGER PARIS 19 AVEC PIERRE LISCIA ET RACHIDA DATI";"144";"7,55%";"15,91%";"";"5";"3";"DAGNAUD";"François";"M";"LUG";"L19EAV";"Le 19e qu'on aime ! Avec François Dagnaud et Emmanuel Grégoire. L'Union de la gauche et des écologistes";"418";"21,92%";"46,19%";"";"33";"7";"TIMSIT";"Roland";"M";"LFI";"LNPP19";"LE NOUVEAU PARIS POPULAIRE 19e";"343";"17,99%";"37,90%";"";"5";"";"";"";"";"";"";"";"";"";"";"";""
"75";"Paris";"75056SR19";"Paris 19eme secteur";"1968";"1794";"825";"45,99%";"969";"54,01%";"809";"45,09%";"98,06%";"8";"0,45%";"0,97%";"8";"0,45%";"0,97%";"2";"LISCIA";"Pierre";"M";"LUD";"CP 19";"CHANGER PARIS 19 AVEC PIERRE LISCIA ET RACHIDA DATI";"223";"12,43%";"27,56%";"";"5";"3";"DAGNAUD";"François";"M";"LUG";"L19EAV";"Le 19e qu'on aime ! Avec François Dagnaud et Emmanuel Grégoire. L'Union de la gauche et des écologistes";"384";"21,40%";"47,47%";"";"33";"7";"TIMSIT";"Roland";"M";"LFI";"LNPP19";"LE NOUVEAU PARIS POPULAIRE 19e";"202";"11,26%";"24,97%";"";"5";"";"";"";"";"";"";"";"";"";"";"";""
"75";"Paris";"75056SR19";"Paris 19eme secteur";"1969";"1757";"888";"50,54%";"869";"49,46%";"877";"49,91%";"98,76%";"5";"0,28%";"0,56%";"6";"0,34%";"0,68%";"2";"LISCIA";"Pierre";"M";"LUD";"CP 19";"CHANGER PARIS 19 AVEC PIERRE LISCIA ET RACHIDA DATI";"159";"9,05%";"18,13%";"";"5";"3";"DAGNAUD";"François";"M";"LUG";"L19EAV";"Le 19e qu'on aime ! Avec François Dagnaud et Emmanuel Grégoire. L'Union de la gauche et des écologistes";"426";"24,25%";"48,57%";"";"33";"7";"TIMSIT";"Roland";"M";"LFI";"LNPP19";"LE NOUVEAU PARIS POPULAIRE 19e";"292";"16,62%";"33,30%";"";"5";"";"";"";"";"";"";"";"";"";"";"";""
"75";"Paris";"75056SR19";"Paris 19eme secteur";"1970";"1399";"705";"50,39%";"694";"49,61%";"687";"49,11%";"97,45%";"9";"0,64%";"1,28%";"9";"0,64%";"1,28%";"2";"LISCIA";"Pierre";"M";"LUD";"CP 19";"CHANGER PARIS 19 AVEC PIERRE LISCIA ET RACHIDA DATI";"154";"11,01%";"22,42%";"";"5";"3";"DAGNAUD";"François";"M";"LUG";"L19EAV";"Le 19e qu'on aime ! Avec François Dagnaud et Emmanuel Grégoire. L'Union de la gauche et des écologistes";"324";"23,16%";"47,16%";"";"33";"7";"TIMSIT";"Roland";"M";"LFI";"LNPP19";"LE NOUVEAU PARIS POPULAIRE 19e";"209";"14,94%";"30,42%";"";"5";"";"";"";"";"";"";"";"";"";"";"";""
"75";"Paris";"75056SR19";"Paris 19eme secteur";"1971";"1348";"510";"37,83%";"838";"62,17%";"497";"36,87%";"97,45%";"9";"0,67%";"1,76%";"4";"0,30%";"0,78%";"2";"LISCIA";"Pierre";"M";"LUD";"CP 19";"CHANGER PARIS 19 AVEC PIERRE LISCIA ET RACHIDA DATI";"182";"13,50%";"36,62%";"";"5";"3";"DAGNAUD";"François";"M";"LUG";"L19EAV";"Le 19e qu'on aime ! Avec François Dagnaud et Emmanuel Grégoire. L'Union de la gauche et des écologistes";"144";"10,68%";"28,97%";"";"33";"7";"TIMSIT";"Roland";"M";"LFI";"LNPP19";"LE NOUVEAU PARIS POPULAIRE 19e";"171";"12,69%";"34,41%";"";"5";"";"";"";"";"";"";"";"";"";"";"";""
"75";"Paris";"75056SR19";"Paris 19eme secteur";"1972";"1298";"711";"54,78%";"587";"45,22%";"695";"53,54%";"97,75%";"6";"0,46%";"0,84%";"10";"0,77%";"1,41%";"2";"LISCIA";"Pierre";"M";"LUD";"CP 19";"CHANGER PARIS 19 AVEC PIERRE LISCIA ET RACHIDA DATI";"174";"13,41%";"25,04%";"";"5";"3";"DAGNAUD";"François";"M";"LUG";"L19EAV";"Le 19e qu'on aime ! Avec François Dagnaud et Emmanuel Grégoire. L'Union de la gauche et des écologistes";"331";"25,50%";"47,63%";"";"33";"7";"TIMSIT";"Roland";"M";"LFI";"LNPP19";"LE NOUVEAU PARIS POPULAIRE 19e";"190";"14,64%";"27,34%";"";"5";"";"";"";"";"";"";"";"";"";"";"";""
"75";"Paris";"75056SR20";"Paris 20eme secteur";"2001";"1481";"978";"66,04%";"503";"33,96%";"967";"65,29%";"98,88%";"5";"0,34%";"0,51%";"6";"0,41%";"0,61%";"2";"DE LA ROCHEFOUCAULD";"Sophie";"F";"LFI";"LNPP 20";"LE NOUVEAU PARIS POPULAIRE 20e";"191";"12,90%";"19,75%";"";"5";"5";"PLIEZ";"Eric";"M";"LUG";"L20EAV";"Le 20e est à vous! Avec Eric Pliez et Emmanuel Grégoire L'union de la gauche et des écologistes";"549";"37,07%";"56,77%";"";"35";"8";"DIDIER";"François-Marie";"M";"LUD";"CP20";"CHANGER PARIS 20 AVEC FRANÇOIS-MARIE DIDIER ET RACHIDA DATI";"227";"15,33%";"23,47%";"";"5";"";"";"";"";"";"";"";"";"";"";"";""
"75";"Paris";"75056SR20";"Paris 20eme secteur";"2002";"1229";"823";"66,97%";"406";"33,03%";"810";"65,91%";"98,42%";"9";"0,73%";"1,09%";"4";"0,33%";"0,49%";"2";"DE LA ROCHEFOUCAULD";"Sophie";"F";"LFI";"LNPP 20";"LE NOUVEAU PARIS POPULAIRE 20e";"138";"11,23%";"17,04%";"";"5";"5";"PLIEZ";"Eric";"M";"LUG";"L20EAV";"Le 20e est à vous! Avec Eric Pliez et Emmanuel Grégoire L'union de la gauche et des écologistes";"454";"36,94%";"56,05%";"";"35";"8";"DIDIER";"François-Marie";"M";"LUD";"CP20";"CHANGER PARIS 20 AVEC FRANÇOIS-MARIE DIDIER ET RACHIDA DATI";"218";"17,74%";"26,91%";"";"5";"";"";"";"";"";"";"";"";"";"";"";""
"75";"Paris";"75056SR20";"Paris 20eme secteur";"2003";"1498";"944";"63,02%";"554";"36,98%";"922";"61,55%";"97,67%";"15";"1,00%";"1,59%";"7";"0,47%";"0,74%";"2";"DE LA ROCHEFOUCAULD";"Sophie";"F";"LFI";"LNPP 20";"LE NOUVEAU PARIS POPULAIRE 20e";"194";"12,95%";"21,04%";"";"5";"5";"PLIEZ";"Eric";"M";"LUG";"L20EAV";"Le 20e est à vous! Avec Eric Pliez et Emmanuel Grégoire L'union de la gauche et des écologistes";"535";"35,71%";"58,03%";"";"35";"8";"DIDIER";"François-Marie";"M";"LUD";"CP20";"CHANGER PARIS 20 AVEC FRANÇOIS-MARIE DIDIER ET RACHIDA DATI";"193";"12,88%";"20,93%";"";"5";"";"";"";"";"";"";"";"";"";"";"";""
"75";"Paris";"75056SR20";"Paris 20eme secteur";"2004";"1481";"954";"64,42%";"527";"35,58%";"939";"63,40%";"98,43%";"10";"0,68%";"1,05%";"5";"0,34%";"0,52%";"2";"DE LA ROCHEFOUCAULD";"Sophie";"F";"LFI";"LNPP 20";"LE NOUVEAU PARIS POPULAIRE 20e";"181";"12,22%";"19,28%";"";"5";"5";"PLIEZ";"Eric";"M";"LUG";"L20EAV";"Le 20e est à vous! Avec Eric Pliez et Emmanuel Grégoire L'union de la gauche et des écologistes";"563";"38,01%";"59,96%";"";"35";"8";"DIDIER";"François-Marie";"M";"LUD";"CP20";"CHANGER PARIS 20 AVEC FRANÇOIS-MARIE DIDIER ET RACHIDA DATI";"195";"13,17%";"20,77%";"";"5";"";"";"";"";"";"";"";"";"";"";"";""
"75";"Paris";"75056SR20";"Paris 20eme secteur";"2005";"1438";"1015";"70,58%";"423";"29,42%";"998";"69,40%";"98,33%";"7";"0,49%";"0,69%";"10";"0,70%";"0,99%";"2";"DE LA ROCHEFOUCAULD";"Sophie";"F";"LFI";"LNPP 20";"LE NOUVEAU PARIS POPULAIRE 20e";"187";"13,00%";"18,74%";"";"5";"5";"PLIEZ";"Eric";"M";"LUG";"L20EAV";"Le 20e est à vous! Avec Eric Pliez et Emmanuel Grégoire L'union de la gauche et des écologistes";"584";"40,61%";"58,52%";"";"35";"8";"DIDIER";"François-Marie";"M";"LUD";"CP20";"CHANGER PARIS 20 AVEC FRANÇOIS-MARIE DIDIER ET RACHIDA DATI";"227";"15,79%";"22,75%";"";"5";"";"";"";"";"";"";"";"";"";"";"";""
"75";"Paris";"75056SR20";"Paris 20eme secteur";"2006";"1477";"976";"66,08%";"501";"33,92%";"953";"64,52%";"97,64%";"13";"0,88%";"1,33%";"10";"0,68%";"1,02%";"2";"DE LA ROCHEFOUCAULD";"Sophie";"F";"LFI";"LNPP 20";"LE NOUVEAU PARIS POPULAIRE 20e";"221";"14,96%";"23,19%";"";"5";"5";"PLIEZ";"Eric";"M";"LUG";"L20EAV";"Le 20e est à vous! Avec Eric Pliez et Emmanuel Grégoire L'union de la gauche et des écologistes";"487";"32,97%";"51,10%";"";"35";"8";"DIDIER";"François-Marie";"M";"LUD";"CP20";"CHANGER PARIS 20 AVEC FRANÇOIS-MARIE DIDIER ET RACHIDA DATI";"245";"16,59%";"25,71%";"";"5";"";"";"";"";"";"";"";"";"";"";"";""
"75";"Paris";"75056SR20";"Paris 20eme secteur";"2007";"1346";"844";"62,70%";"502";"37,30%";"829";"61,59%";"98,22%";"11";"0,82%";"1,30%";"4";"0,30%";"0,47%";"2";"DE LA ROCHEFOUCAULD";"Sophie";"F";"LFI";"LNPP 20";"LE NOUVEAU PARIS POPULAIRE 20e";"159";"11,81%";"19,18%";"";"5";"5";"PLIEZ";"Eric";"M";"LUG";"L20EAV";"Le 20e est à vous! Avec Eric Pliez et Emmanuel Grégoire L'union de la gauche et des écologistes";"452";"33,58%";"54,52%";"";"35";"8";"DIDIER";"François-Marie";"M";"LUD";"CP20";"CHANGER PARIS 20 AVEC FRANÇOIS-MARIE DIDIER ET RACHIDA DATI";"218";"16,20%";"26,30%";"";"5";"";"";"";"";"";"";"";"";"";"";"";""
"75";"Paris";"75056SR20";"Paris 20eme secteur";"2008";"1425";"968";"67,93%";"457";"32,07%";"947";"66,46%";"97,83%";"15";"1,05%";"1,55%";"6";"0,42%";"0,62%";"2";"DE LA ROCHEFOUCAULD";"Sophie";"F";"LFI";"LNPP 20";"LE NOUVEAU PARIS POPULAIRE 20e";"194";"13,61%";"20,49%";"";"5";"5";"PLIEZ";"Eric";"M";"LUG";"L20EAV";"Le 20e est à vous! Avec Eric Pliez et Emmanuel Grégoire L'union de la gauche et des écologistes";"588";"41,26%";"62,09%";"";"35";"8";"DIDIER";"François-Marie";"M";"LUD";"CP20";"CHANGER PARIS 20 AVEC FRANÇOIS-MARIE DIDIER ET RACHIDA DATI";"165";"11,58%";"17,42%";"";"5";"";"";"";"";"";"";"";"";"";"";"";""
"75";"Paris";"75056SR20";"Paris 20eme secteur";"2009";"1703";"962";"56,49%";"741";"43,51%";"943";"55,37%";"98,02%";"10";"0,59%";"1,04%";"9";"0,53%";"0,94%";"2";"DE LA ROCHEFOUCAULD";"Sophie";"F";"LFI";"LNPP 20";"LE NOUVEAU PARIS POPULAIRE 20e";"253";"14,86%";"26,83%";"";"5";"5";"PLIEZ";"Eric";"M";"LUG";"L20EAV";"Le 20e est à vous! Avec Eric Pliez et Emmanuel Grégoire L'union de la gauche et des écologistes";"504";"29,59%";"53,45%";"";"35";"8";"DIDIER";"François-Marie";"M";"LUD";"CP20";"CHANGER PARIS 20 AVEC FRANÇOIS-MARIE DIDIER ET RACHIDA DATI";"186";"10,92%";"19,72%";"";"5";"";"";"";"";"";"";"";"";"";"";"";""
"75";"Paris";"75056SR20";"Paris 20eme secteur";"2010";"1446";"711";"49,17%";"735";"50,83%";"689";"47,65%";"96,91%";"16";"1,11%";"2,25%";"6";"0,41%";"0,84%";"2";"DE LA ROCHEFOUCAULD";"Sophie";"F";"LFI";"LNPP 20";"LE NOUVEAU PARIS POPULAIRE 20e";"214";"14,80%";"31,06%";"";"5";"5";"PLIEZ";"Eric";"M";"LUG";"L20EAV";"Le 20e est à vous! Avec Eric Pliez et Emmanuel Grégoire L'union de la gauche et des écologistes";"309";"21,37%";"44,85%";"";"35";"8";"DIDIER";"François-Marie";"M";"LUD";"CP20";"CHANGER PARIS 20 AVEC FRANÇOIS-MARIE DIDIER ET RACHIDA DATI";"166";"11,48%";"24,09%";"";"5";"";"";"";"";"";"";"";"";"";"";"";""
"75";"Paris";"75056SR20";"Paris 20eme secteur";"2011";"1744";"910";"52,18%";"834";"47,82%";"893";"51,20%";"98,13%";"7";"0,40%";"0,77%";"10";"0,57%";"1,10%";"2";"DE LA ROCHEFOUCAULD";"Sophie";"F";"LFI";"LNPP 20";"LE NOUVEAU PARIS POPULAIRE 20e";"280";"16,06%";"31,35%";"";"5";"5";"PLIEZ";"Eric";"M";"LUG";"L20EAV";"Le 20e est à vous! Avec Eric Pliez et Emmanuel Grégoire L'union de la gauche et des écologistes";"467";"26,78%";"52,30%";"";"35";"8";"DIDIER";"François-Marie";"M";"LUD";"CP20";"CHANGER PARIS 20 AVEC FRANÇOIS-MARIE DIDIER ET RACHIDA DATI";"146";"8,37%";"16,35%";"";"5";"";"";"";"";"";"";"";"";"";"";"";""
"75";"Paris";"75056SR20";"Paris 20eme secteur";"2012";"1418";"944";"66,57%";"474";"33,43%";"927";"65,37%";"98,20%";"8";"0,56%";"0,85%";"9";"0,63%";"0,95%";"2";"DE LA ROCHEFOUCAULD";"Sophie";"F";"LFI";"LNPP 20";"LE NOUVEAU PARIS POPULAIRE 20e";"183";"12,91%";"19,74%";"";"5";"5";"PLIEZ";"Eric";"M";"LUG";"L20EAV";"Le 20e est à vous! Avec Eric Pliez et Emmanuel Grégoire L'union de la gauche et des écologistes";"599";"42,24%";"64,62%";"";"35";"8";"DIDIER";"François-Marie";"M";"LUD";"CP20";"CHANGER PARIS 20 AVEC FRANÇOIS-MARIE DIDIER ET RACHIDA DATI";"145";"10,23%";"15,64%";"";"5";"";"";"";"";"";"";"";"";"";"";"";""
"75";"Paris";"75056SR20";"Paris 20eme secteur";"2013";"1636";"1106";"67,60%";"530";"32,40%";"1083";"66,20%";"97,92%";"12";"0,73%";"1,08%";"11";"0,67%";"0,99%";"2";"DE LA ROCHEFOUCAULD";"Sophie";"F";"LFI";"LNPP 20";"LE NOUVEAU PARIS POPULAIRE 20e";"265";"16,20%";"24,47%";"";"5";"5";"PLIEZ";"Eric";"M";"LUG";"L20EAV";"Le 20e est à vous! Avec Eric Pliez et Emmanuel Grégoire L'union de la gauche et des écologistes";"668";"40,83%";"61,68%";"";"35";"8";"DIDIER";"François-Marie";"M";"LUD";"CP20";"CHANGER PARIS 20 AVEC FRANÇOIS-MARIE DIDIER ET RACHIDA DATI";"150";"9,17%";"13,85%";"";"5";"";"";"";"";"";"";"";"";"";"";"";""
"75";"Paris";"75056SR20";"Paris 20eme secteur";"2014";"1596";"1126";"70,55%";"470";"29,45%";"1105";"69,24%";"98,13%";"12";"0,75%";"1,07%";"9";"0,56%";"0,80%";"2";"DE LA ROCHEFOUCAULD";"Sophie";"F";"LFI";"LNPP 20";"LE NOUVEAU PARIS POPULAIRE 20e";"260";"16,29%";"23,53%";"";"5";"5";"PLIEZ";"Eric";"M";"LUG";"L20EAV";"Le 20e est à vous! Avec Eric Pliez et Emmanuel Grégoire L'union de la gauche et des écologistes";"693";"43,42%";"62,71%";"";"35";"8";"DIDIER";"François-Marie";"M";"LUD";"CP20";"CHANGER PARIS 20 AVEC FRANÇOIS-MARIE DIDIER ET RACHIDA DATI";"152";"9,52%";"13,76%";"";"5";"";"";"";"";"";"";"";"";"";"";"";""
"75";"Paris";"75056SR20";"Paris 20eme secteur";"2015";"1514";"903";"59,64%";"611";"40,36%";"879";"58,06%";"97,34%";"12";"0,79%";"1,33%";"12";"0,79%";"1,33%";"2";"DE LA ROCHEFOUCAULD";"Sophie";"F";"LFI";"LNPP 20";"LE NOUVEAU PARIS POPULAIRE 20e";"186";"12,29%";"21,16%";"";"5";"5";"PLIEZ";"Eric";"M";"LUG";"L20EAV";"Le 20e est à vous! Avec Eric Pliez et Emmanuel Grégoire L'union de la gauche et des écologistes";"494";"32,63%";"56,20%";"";"35";"8";"DIDIER";"François-Marie";"M";"LUD";"CP20";"CHANGER PARIS 20 AVEC FRANÇOIS-MARIE DIDIER ET RACHIDA DATI";"199";"13,14%";"22,64%";"";"5";"";"";"";"";"";"";"";"";"";"";"";""
"75";"Paris";"75056SR20";"Paris 20eme secteur";"2016";"1635";"1103";"67,46%";"532";"32,54%";"1085";"66,36%";"98,37%";"12";"0,73%";"1,09%";"6";"0,37%";"0,54%";"2";"DE LA ROCHEFOUCAULD";"Sophie";"F";"LFI";"LNPP 20";"LE NOUVEAU PARIS POPULAIRE 20e";"214";"13,09%";"19,72%";"";"5";"5";"PLIEZ";"Eric";"M";"LUG";"L20EAV";"Le 20e est à vous! Avec Eric Pliez et Emmanuel Grégoire L'union de la gauche et des écologistes";"569";"34,80%";"52,44%";"";"35";"8";"DIDIER";"François-Marie";"M";"LUD";"CP20";"CHANGER PARIS 20 AVEC FRANÇOIS-MARIE DIDIER ET RACHIDA DATI";"302";"18,47%";"27,83%";"";"5";"";"";"";"";"";"";"";"";"";"";"";""
"75";"Paris";"75056SR20";"Paris 20eme secteur";"2017";"1642";"937";"57,06%";"705";"42,94%";"916";"55,79%";"97,76%";"13";"0,79%";"1,39%";"8";"0,49%";"0,85%";"2";"DE LA ROCHEFOUCAULD";"Sophie";"F";"LFI";"LNPP 20";"LE NOUVEAU PARIS POPULAIRE 20e";"257";"15,65%";"28,06%";"";"5";"5";"PLIEZ";"Eric";"M";"LUG";"L20EAV";"Le 20e est à vous! Avec Eric Pliez et Emmanuel Grégoire L'union de la gauche et des écologistes";"402";"24,48%";"43,89%";"";"35";"8";"DIDIER";"François-Marie";"M";"LUD";"CP20";"CHANGER PARIS 20 AVEC FRANÇOIS-MARIE DIDIER ET RACHIDA DATI";"257";"15,65%";"28,06%";"";"5";"";"";"";"";"";"";"";"";"";"";"";""
"75";"Paris";"75056SR20";"Paris 20eme secteur";"2018";"1514";"756";"49,93%";"758";"50,07%";"729";"48,15%";"96,43%";"12";"0,79%";"1,59%";"15";"0,99%";"1,98%";"2";"DE LA ROCHEFOUCAULD";"Sophie";"F";"LFI";"LNPP 20";"LE NOUVEAU PARIS POPULAIRE 20e";"212";"14,00%";"29,08%";"";"5";"5";"PLIEZ";"Eric";"M";"LUG";"L20EAV";"Le 20e est à vous! Avec Eric Pliez et Emmanuel Grégoire L'union de la gauche et des écologistes";"302";"19,95%";"41,43%";"";"35";"8";"DIDIER";"François-Marie";"M";"LUD";"CP20";"CHANGER PARIS 20 AVEC FRANÇOIS-MARIE DIDIER ET RACHIDA DATI";"215";"14,20%";"29,49%";"";"5";"";"";"";"";"";"";"";"";"";"";"";""
"75";"Paris";"75056SR20";"Paris 20eme secteur";"2019";"1540";"1022";"66,36%";"518";"33,64%";"984";"63,90%";"96,28%";"22";"1,43%";"2,15%";"16";"1,04%";"1,57%";"2";"DE LA ROCHEFOUCAULD";"Sophie";"F";"LFI";"LNPP 20";"LE NOUVEAU PARIS POPULAIRE 20e";"166";"10,78%";"16,87%";"";"5";"5";"PLIEZ";"Eric";"M";"LUG";"L20EAV";"Le 20e est à vous! Avec Eric Pliez et Emmanuel Grégoire L'union de la gauche et des écologistes";"533";"34,61%";"54,17%";"";"35";"8";"DIDIER";"François-Marie";"M";"LUD";"CP20";"CHANGER PARIS 20 AVEC FRANÇOIS-MARIE DIDIER ET RACHIDA DATI";"285";"18,51%";"28,96%";"";"5";"";"";"";"";"";"";"";"";"";"";"";""
"75";"Paris";"75056SR20";"Paris 20eme secteur";"2020";"1774";"911";"51,35%";"863";"48,65%";"890";"50,17%";"97,69%";"13";"0,73%";"1,43%";"8";"0,45%";"0,88%";"2";"DE LA ROCHEFOUCAULD";"Sophie";"F";"LFI";"LNPP 20";"LE NOUVEAU PARIS POPULAIRE 20e";"239";"13,47%";"26,85%";"";"5";"5";"PLIEZ";"Eric";"M";"LUG";"L20EAV";"Le 20e est à vous! Avec Eric Pliez et Emmanuel Grégoire L'union de la gauche et des écologistes";"480";"27,06%";"53,93%";"";"35";"8";"DIDIER";"François-Marie";"M";"LUD";"CP20";"CHANGER PARIS 20 AVEC FRANÇOIS-MARIE DIDIER ET RACHIDA DATI";"171";"9,64%";"19,21%";"";"5";"";"";"";"";"";"";"";"";"";"";"";""
"75";"Paris";"75056SR20";"Paris 20eme secteur";"2021";"1708";"800";"46,84%";"908";"53,16%";"769";"45,02%";"96,13%";"16";"0,94%";"2,00%";"15";"0,88%";"1,88%";"2";"DE LA ROCHEFOUCAULD";"Sophie";"F";"LFI";"LNPP 20";"LE NOUVEAU PARIS POPULAIRE 20e";"197";"11,53%";"25,62%";"";"5";"5";"PLIEZ";"Eric";"M";"LUG";"L20EAV";"Le 20e est à vous! Avec Eric Pliez et Emmanuel Grégoire L'union de la gauche et des écologistes";"335";"19,61%";"43,56%";"";"35";"8";"DIDIER";"François-Marie";"M";"LUD";"CP20";"CHANGER PARIS 20 AVEC FRANÇOIS-MARIE DIDIER ET RACHIDA DATI";"237";"13,88%";"30,82%";"";"5";"";"";"";"";"";"";"";"";"";"";"";""
"75";"Paris";"75056SR20";"Paris 20eme secteur";"2022";"1646";"944";"57,35%";"702";"42,65%";"923";"56,08%";"97,78%";"10";"0,61%";"1,06%";"11";"0,67%";"1,17%";"2";"DE LA ROCHEFOUCAULD";"Sophie";"F";"LFI";"LNPP 20";"LE NOUVEAU PARIS POPULAIRE 20e";"205";"12,45%";"22,21%";"";"5";"5";"PLIEZ";"Eric";"M";"LUG";"L20EAV";"Le 20e est à vous! Avec Eric Pliez et Emmanuel Grégoire L'union de la gauche et des écologistes";"433";"26,31%";"46,91%";"";"35";"8";"DIDIER";"François-Marie";"M";"LUD";"CP20";"CHANGER PARIS 20 AVEC FRANÇOIS-MARIE DIDIER ET RACHIDA DATI";"285";"17,31%";"30,88%";"";"5";"";"";"";"";"";"";"";"";"";"";"";""
"75";"Paris";"75056SR20";"Paris 20eme secteur";"2023";"1651";"1051";"63,66%";"600";"36,34%";"1035";"62,69%";"98,48%";"11";"0,67%";"1,05%";"5";"0,30%";"0,48%";"2";"DE LA ROCHEFOUCAULD";"Sophie";"F";"LFI";"LNPP 20";"LE NOUVEAU PARIS POPULAIRE 20e";"179";"10,84%";"17,29%";"";"5";"5";"PLIEZ";"Eric";"M";"LUG";"L20EAV";"Le 20e est à vous! Avec Eric Pliez et Emmanuel Grégoire L'union de la gauche et des écologistes";"496";"30,04%";"47,92%";"";"35";"8";"DIDIER";"François-Marie";"M";"LUD";"CP20";"CHANGER PARIS 20 AVEC FRANÇOIS-MARIE DIDIER ET RACHIDA DATI";"360";"21,80%";"34,78%";"";"5";"";"";"";"";"";"";"";"";"";"";"";""
"75";"Paris";"75056SR20";"Paris 20eme secteur";"2024";"1545";"1063";"68,80%";"482";"31,20%";"1036";"67,06%";"97,46%";"15";"0,97%";"1,41%";"12";"0,78%";"1,13%";"2";"DE LA ROCHEFOUCAULD";"Sophie";"F";"LFI";"LNPP 20";"LE NOUVEAU PARIS POPULAIRE 20e";"161";"10,42%";"15,54%";"";"5";"5";"PLIEZ";"Eric";"M";"LUG";"L20EAV";"Le 20e est à vous! Avec Eric Pliez et Emmanuel Grégoire L'union de la gauche et des écologistes";"570";"36,89%";"55,02%";"";"35";"8";"DIDIER";"François-Marie";"M";"LUD";"CP20";"CHANGER PARIS 20 AVEC FRANÇOIS-MARIE DIDIER ET RACHIDA DATI";"305";"19,74%";"29,44%";"";"5";"";"";"";"";"";"";"";"";"";"";"";""
"75";"Paris";"75056SR20";"Paris 20eme secteur";"2025";"1593";"1060";"66,54%";"533";"33,46%";"1043";"65,47%";"98,40%";"8";"0,50%";"0,75%";"9";"0,56%";"0,85%";"2";"DE LA ROCHEFOUCAULD";"Sophie";"F";"LFI";"LNPP 20";"LE NOUVEAU PARIS POPULAIRE 20e";"209";"13,12%";"20,04%";"";"5";"5";"PLIEZ";"Eric";"M";"LUG";"L20EAV";"Le 20e est à vous! Avec Eric Pliez et Emmanuel Grégoire L'union de la gauche et des écologistes";"638";"40,05%";"61,17%";"";"35";"8";"DIDIER";"François-Marie";"M";"LUD";"CP20";"CHANGER PARIS 20 AVEC FRANÇOIS-MARIE DIDIER ET RACHIDA DATI";"196";"12,30%";"18,79%";"";"5";"";"";"";"";"";"";"";"";"";"";"";""
"75";"Paris";"75056SR20";"Paris 20eme secteur";"2026";"1463";"848";"57,96%";"615";"42,04%";"833";"56,94%";"98,23%";"8";"0,55%";"0,94%";"7";"0,48%";"0,83%";"2";"DE LA ROCHEFOUCAULD";"Sophie";"F";"LFI";"LNPP 20";"LE NOUVEAU PARIS POPULAIRE 20e";"199";"13,60%";"23,89%";"";"5";"5";"PLIEZ";"Eric";"M";"LUG";"L20EAV";"Le 20e est à vous! Avec Eric Pliez et Emmanuel Grégoire L'union de la gauche et des écologistes";"456";"31,17%";"54,74%";"";"35";"8";"DIDIER";"François-Marie";"M";"LUD";"CP20";"CHANGER PARIS 20 AVEC FRANÇOIS-MARIE DIDIER ET RACHIDA DATI";"178";"12,17%";"21,37%";"";"5";"";"";"";"";"";"";"";"";"";"";"";""
"75";"Paris";"75056SR20";"Paris 20eme secteur";"2027";"1446";"939";"64,94%";"507";"35,06%";"920";"63,62%";"97,98%";"10";"0,69%";"1,06%";"9";"0,62%";"0,96%";"2";"DE LA ROCHEFOUCAULD";"Sophie";"F";"LFI";"LNPP 20";"LE NOUVEAU PARIS POPULAIRE 20e";"184";"12,72%";"20,00%";"";"5";"5";"PLIEZ";"Eric";"M";"LUG";"L20EAV";"Le 20e est à vous! Avec Eric Pliez et Emmanuel Grégoire L'union de la gauche et des écologistes";"497";"34,37%";"54,02%";"";"35";"8";"DIDIER";"François-Marie";"M";"LUD";"CP20";"CHANGER PARIS 20 AVEC FRANÇOIS-MARIE DIDIER ET RACHIDA DATI";"239";"16,53%";"25,98%";"";"5";"";"";"";"";"";"";"";"";"";"";"";""
"75";"Paris";"75056SR20";"Paris 20eme secteur";"2028";"1470";"829";"56,39%";"641";"43,61%";"809";"55,03%";"97,59%";"12";"0,82%";"1,45%";"8";"0,54%";"0,97%";"2";"DE LA ROCHEFOUCAULD";"Sophie";"F";"LFI";"LNPP 20";"LE NOUVEAU PARIS POPULAIRE 20e";"151";"10,27%";"18,67%";"";"5";"5";"PLIEZ";"Eric";"M";"LUG";"L20EAV";"Le 20e est à vous! Avec Eric Pliez et Emmanuel Grégoire L'union de la gauche et des écologistes";"404";"27,48%";"49,94%";"";"35";"8";"DIDIER";"François-Marie";"M";"LUD";"CP20";"CHANGER PARIS 20 AVEC FRANÇOIS-MARIE DIDIER ET RACHIDA DATI";"254";"17,28%";"31,40%";"";"5";"";"";"";"";"";"";"";"";"";"";"";""
"75";"Paris";"75056SR20";"Paris 20eme secteur";"2029";"1684";"1031";"61,22%";"653";"38,78%";"1005";"59,68%";"97,48%";"15";"0,89%";"1,45%";"11";"0,65%";"1,07%";"2";"DE LA ROCHEFOUCAULD";"Sophie";"F";"LFI";"LNPP 20";"LE NOUVEAU PARIS POPULAIRE 20e";"220";"13,06%";"21,89%";"";"5";"5";"PLIEZ";"Eric";"M";"LUG";"L20EAV";"Le 20e est à vous! Avec Eric Pliez et Emmanuel Grégoire L'union de la gauche et des écologistes";"487";"28,92%";"48,46%";"";"35";"8";"DIDIER";"François-Marie";"M";"LUD";"CP20";"CHANGER PARIS 20 AVEC FRANÇOIS-MARIE DIDIER ET RACHIDA DATI";"298";"17,70%";"29,65%";"";"5";"";"";"";"";"";"";"";"";"";"";"";""
"75";"Paris";"75056SR20";"Paris 20eme secteur";"2030";"1881";"694";"36,90%";"1187";"63,10%";"674";"35,83%";"97,12%";"7";"0,37%";"1,01%";"13";"0,69%";"1,87%";"2";"DE LA ROCHEFOUCAULD";"Sophie";"F";"LFI";"LNPP 20";"LE NOUVEAU PARIS POPULAIRE 20e";"229";"12,17%";"33,98%";"";"5";"5";"PLIEZ";"Eric";"M";"LUG";"L20EAV";"Le 20e est à vous! Avec Eric Pliez et Emmanuel Grégoire L'union de la gauche et des écologistes";"288";"15,31%";"42,73%";"";"35";"8";"DIDIER";"François-Marie";"M";"LUD";"CP20";"CHANGER PARIS 20 AVEC FRANÇOIS-MARIE DIDIER ET RACHIDA DATI";"157";"8,35%";"23,29%";"";"5";"";"";"";"";"";"";"";"";"";"";"";""
"75";"Paris";"75056SR20";"Paris 20eme secteur";"2031";"1685";"871";"51,69%";"814";"48,31%";"850";"50,45%";"97,59%";"12";"0,71%";"1,38%";"9";"0,53%";"1,03%";"2";"DE LA ROCHEFOUCAULD";"Sophie";"F";"LFI";"LNPP 20";"LE NOUVEAU PARIS POPULAIRE 20e";"220";"13,06%";"25,88%";"";"5";"5";"PLIEZ";"Eric";"M";"LUG";"L20EAV";"Le 20e est à vous! Avec Eric Pliez et Emmanuel Grégoire L'union de la gauche et des écologistes";"433";"25,70%";"50,94%";"";"35";"8";"DIDIER";"François-Marie";"M";"LUD";"CP20";"CHANGER PARIS 20 AVEC FRANÇOIS-MARIE DIDIER ET RACHIDA DATI";"197";"11,69%";"23,18%";"";"5";"";"";"";"";"";"";"";"";"";"";"";""
"75";"Paris";"75056SR20";"Paris 20eme secteur";"2032";"1564";"920";"58,82%";"644";"41,18%";"910";"58,18%";"98,91%";"7";"0,45%";"0,76%";"3";"0,19%";"0,33%";"2";"DE LA ROCHEFOUCAULD";"Sophie";"F";"LFI";"LNPP 20";"LE NOUVEAU PARIS POPULAIRE 20e";"191";"12,21%";"20,99%";"";"5";"5";"PLIEZ";"Eric";"M";"LUG";"L20EAV";"Le 20e est à vous! Avec Eric Pliez et Emmanuel Grégoire L'union de la gauche et des écologistes";"470";"30,05%";"51,65%";"";"35";"8";"DIDIER";"François-Marie";"M";"LUD";"CP20";"CHANGER PARIS 20 AVEC FRANÇOIS-MARIE DIDIER ET RACHIDA DATI";"249";"15,92%";"27,36%";"";"5";"";"";"";"";"";"";"";"";"";"";"";""
"75";"Paris";"75056SR20";"Paris 20eme secteur";"2033";"1299";"435";"33,49%";"864";"66,51%";"424";"32,64%";"97,47%";"8";"0,62%";"1,84%";"3";"0,23%";"0,69%";"2";"DE LA ROCHEFOUCAULD";"Sophie";"F";"LFI";"LNPP 20";"LE NOUVEAU PARIS POPULAIRE 20e";"117";"9,01%";"27,59%";"";"5";"5";"PLIEZ";"Eric";"M";"LUG";"L20EAV";"Le 20e est à vous! Avec Eric Pliez et Emmanuel Grégoire L'union de la gauche et des écologistes";"170";"13,09%";"40,09%";"";"35";"8";"DIDIER";"François-Marie";"M";"LUD";"CP20";"CHANGER PARIS 20 AVEC FRANÇOIS-MARIE DIDIER ET RACHIDA DATI";"137";"10,55%";"32,31%";"";"5";"";"";"";"";"";"";"";"";"";"";"";""
"75";"Paris";"75056SR20";"Paris 20eme secteur";"2034";"1582";"725";"45,83%";"857";"54,17%";"711";"44,94%";"98,07%";"7";"0,44%";"0,97%";"7";"0,44%";"0,97%";"2";"DE LA ROCHEFOUCAULD";"Sophie";"F";"LFI";"LNPP 20";"LE NOUVEAU PARIS POPULAIRE 20e";"176";"11,13%";"24,75%";"";"5";"5";"PLIEZ";"Eric";"M";"LUG";"L20EAV";"Le 20e est à vous! Avec Eric Pliez et Emmanuel Grégoire L'union de la gauche et des écologistes";"343";"21,68%";"48,24%";"";"35";"8";"DIDIER";"François-Marie";"M";"LUD";"CP20";"CHANGER PARIS 20 AVEC FRANÇOIS-MARIE DIDIER ET RACHIDA DATI";"192";"12,14%";"27,00%";"";"5";"";"";"";"";"";"";"";"";"";"";"";""
"75";"Paris";"75056SR20";"Paris 20eme secteur";"2035";"1388";"555";"39,99%";"833";"60,01%";"534";"38,47%";"96,22%";"10";"0,72%";"1,80%";"11";"0,79%";"1,98%";"2";"DE LA ROCHEFOUCAULD";"Sophie";"F";"LFI";"LNPP 20";"LE NOUVEAU PARIS POPULAIRE 20e";"144";"10,37%";"26,97%";"";"5";"5";"PLIEZ";"Eric";"M";"LUG";"L20EAV";"Le 20e est à vous! Avec Eric Pliez et Emmanuel Grégoire L'union de la gauche et des écologistes";"240";"17,29%";"44,94%";"";"35";"8";"DIDIER";"François-Marie";"M";"LUD";"CP20";"CHANGER PARIS 20 AVEC FRANÇOIS-MARIE DIDIER ET RACHIDA DATI";"150";"10,81%";"28,09%";"";"5";"";"";"";"";"";"";"";"";"";"";"";""
"75";"Paris";"75056SR20";"Paris 20eme secteur";"2036";"1306";"636";"48,70%";"670";"51,30%";"625";"47,86%";"98,27%";"4";"0,31%";"0,63%";"7";"0,54%";"1,10%";"2";"DE LA ROCHEFOUCAULD";"Sophie";"F";"LFI";"LNPP 20";"LE NOUVEAU PARIS POPULAIRE 20e";"206";"15,77%";"32,96%";"";"5";"5";"PLIEZ";"Eric";"M";"LUG";"L20EAV";"Le 20e est à vous! Avec Eric Pliez et Emmanuel Grégoire L'union de la gauche et des écologistes";"263";"20,14%";"42,08%";"";"35";"8";"DIDIER";"François-Marie";"M";"LUD";"CP20";"CHANGER PARIS 20 AVEC FRANÇOIS-MARIE DIDIER ET RACHIDA DATI";"156";"11,94%";"24,96%";"";"5";"";"";"";"";"";"";"";"";"";"";"";""
"75";"Paris";"75056SR20";"Paris 20eme secteur";"2037";"1658";"815";"49,16%";"843";"50,84%";"790";"47,65%";"96,93%";"13";"0,78%";"1,60%";"12";"0,72%";"1,47%";"2";"DE LA ROCHEFOUCAULD";"Sophie";"F";"LFI";"LNPP 20";"LE NOUVEAU PARIS POPULAIRE 20e";"230";"13,87%";"29,11%";"";"5";"5";"PLIEZ";"Eric";"M";"LUG";"L20EAV";"Le 20e est à vous! Avec Eric Pliez et Emmanuel Grégoire L'union de la gauche et des écologistes";"400";"24,13%";"50,63%";"";"35";"8";"DIDIER";"François-Marie";"M";"LUD";"CP20";"CHANGER PARIS 20 AVEC FRANÇOIS-MARIE DIDIER ET RACHIDA DATI";"160";"9,65%";"20,25%";"";"5";"";"";"";"";"";"";"";"";"";"";"";""
"75";"Paris";"75056SR20";"Paris 20eme secteur";"2038";"1519";"800";"52,67%";"719";"47,33%";"787";"51,81%";"98,38%";"6";"0,39%";"0,75%";"7";"0,46%";"0,88%";"2";"DE LA ROCHEFOUCAULD";"Sophie";"F";"LFI";"LNPP 20";"LE NOUVEAU PARIS POPULAIRE 20e";"209";"13,76%";"26,56%";"";"5";"5";"PLIEZ";"Eric";"M";"LUG";"L20EAV";"Le 20e est à vous! Avec Eric Pliez et Emmanuel Grégoire L'union de la gauche et des écologistes";"408";"26,86%";"51,84%";"";"35";"8";"DIDIER";"François-Marie";"M";"LUD";"CP20";"CHANGER PARIS 20 AVEC FRANÇOIS-MARIE DIDIER ET RACHIDA DATI";"170";"11,19%";"21,60%";"";"5";"";"";"";"";"";"";"";"";"";"";"";""
"75";"Paris";"75056SR20";"Paris 20eme secteur";"2039";"1410";"612";"43,40%";"798";"56,60%";"594";"42,13%";"97,06%";"4";"0,28%";"0,65%";"14";"0,99%";"2,29%";"2";"DE LA ROCHEFOUCAULD";"Sophie";"F";"LFI";"LNPP 20";"LE NOUVEAU PARIS POPULAIRE 20e";"169";"11,99%";"28,45%";"";"5";"5";"PLIEZ";"Eric";"M";"LUG";"L20EAV";"Le 20e est à vous! Avec Eric Pliez et Emmanuel Grégoire L'union de la gauche et des écologistes";"239";"16,95%";"40,24%";"";"35";"8";"DIDIER";"François-Marie";"M";"LUD";"CP20";"CHANGER PARIS 20 AVEC FRANÇOIS-MARIE DIDIER ET RACHIDA DATI";"186";"13,19%";"31,31%";"";"5";"";"";"";"";"";"";"";"";"";"";"";""
"75";"Paris";"75056SR20";"Paris 20eme secteur";"2040";"1587";"828";"52,17%";"759";"47,83%";"805";"50,72%";"97,22%";"15";"0,95%";"1,81%";"8";"0,50%";"0,97%";"2";"DE LA ROCHEFOUCAULD";"Sophie";"F";"LFI";"LNPP 20";"LE NOUVEAU PARIS POPULAIRE 20e";"244";"15,37%";"30,31%";"";"5";"5";"PLIEZ";"Eric";"M";"LUG";"L20EAV";"Le 20e est à vous! Avec Eric Pliez et Emmanuel Grégoire L'union de la gauche et des écologistes";"339";"21,36%";"42,11%";"";"35";"8";"DIDIER";"François-Marie";"M";"LUD";"CP20";"CHANGER PARIS 20 AVEC FRANÇOIS-MARIE DIDIER ET RACHIDA DATI";"222";"13,99%";"27,58%";"";"5";"";"";"";"";"";"";"";"";"";"";"";""
"75";"Paris";"75056SR20";"Paris 20eme secteur";"2041";"1583";"756";"47,76%";"827";"52,24%";"740";"46,75%";"97,88%";"11";"0,69%";"1,46%";"5";"0,32%";"0,66%";"2";"DE LA ROCHEFOUCAULD";"Sophie";"F";"LFI";"LNPP 20";"LE NOUVEAU PARIS POPULAIRE 20e";"175";"11,05%";"23,65%";"";"5";"5";"PLIEZ";"Eric";"M";"LUG";"L20EAV";"Le 20e est à vous! Avec Eric Pliez et Emmanuel Grégoire L'union de la gauche et des écologistes";"381";"24,07%";"51,49%";"";"35";"8";"DIDIER";"François-Marie";"M";"LUD";"CP20";"CHANGER PARIS 20 AVEC FRANÇOIS-MARIE DIDIER ET RACHIDA DATI";"184";"11,62%";"24,86%";"";"5";"";"";"";"";"";"";"";"";"";"";"";""
"75";"Paris";"75056SR20";"Paris 20eme secteur";"2042";"1587";"961";"60,55%";"626";"39,45%";"941";"59,29%";"97,92%";"12";"0,76%";"1,25%";"8";"0,50%";"0,83%";"2";"DE LA ROCHEFOUCAULD";"Sophie";"F";"LFI";"LNPP 20";"LE NOUVEAU PARIS POPULAIRE 20e";"246";"15,50%";"26,14%";"";"5";"5";"PLIEZ";"Eric";"M";"LUG";"L20EAV";"Le 20e est à vous! Avec Eric Pliez et Emmanuel Grégoire L'union de la gauche et des écologistes";"499";"31,44%";"53,03%";"";"35";"8";"DIDIER";"François-Marie";"M";"LUD";"CP20";"CHANGER PARIS 20 AVEC FRANÇOIS-MARIE DIDIER ET RACHIDA DATI";"196";"12,35%";"20,83%";"";"5";"";"";"";"";"";"";"";"";"";"";"";""
"75";"Paris";"75056SR20";"Paris 20eme secteur";"2043";"1956";"1269";"64,88%";"687";"35,12%";"1226";"62,68%";"96,61%";"16";"0,82%";"1,26%";"27";"1,38%";"2,13%";"2";"DE LA ROCHEFOUCAULD";"Sophie";"F";"LFI";"LNPP 20";"LE NOUVEAU PARIS POPULAIRE 20e";"258";"13,19%";"21,04%";"";"5";"5";"PLIEZ";"Eric";"M";"LUG";"L20EAV";"Le 20e est à vous! Avec Eric Pliez et Emmanuel Grégoire L'union de la gauche et des écologistes";"711";"36,35%";"57,99%";"";"35";"8";"DIDIER";"François-Marie";"M";"LUD";"CP20";"CHANGER PARIS 20 AVEC FRANÇOIS-MARIE DIDIER ET RACHIDA DATI";"257";"13,14%";"20,96%";"";"5";"";"";"";"";"";"";"";"";"";"";"";""
"75";"Paris";"75056SR20";"Paris 20eme secteur";"2044";"2043";"1208";"59,13%";"835";"40,87%";"1191";"58,30%";"98,59%";"6";"0,29%";"0,50%";"11";"0,54%";"0,91%";"2";"DE LA ROCHEFOUCAULD";"Sophie";"F";"LFI";"LNPP 20";"LE NOUVEAU PARIS POPULAIRE 20e";"311";"15,22%";"26,11%";"";"5";"5";"PLIEZ";"Eric";"M";"LUG";"L20EAV";"Le 20e est à vous! Avec Eric Pliez et Emmanuel Grégoire L'union de la gauche et des écologistes";"671";"32,84%";"56,34%";"";"35";"8";"DIDIER";"François-Marie";"M";"LUD";"CP20";"CHANGER PARIS 20 AVEC FRANÇOIS-MARIE DIDIER ET RACHIDA DATI";"209";"10,23%";"17,55%";"";"5";"";"";"";"";"";"";"";"";"";"";"";""
"75";"Paris";"75056SR20";"Paris 20eme secteur";"2045";"2010";"1214";"60,40%";"796";"39,60%";"1195";"59,45%";"98,43%";"14";"0,70%";"1,15%";"5";"0,25%";"0,41%";"2";"DE LA ROCHEFOUCAULD";"Sophie";"F";"LFI";"LNPP 20";"LE NOUVEAU PARIS POPULAIRE 20e";"257";"12,79%";"21,51%";"";"5";"5";"PLIEZ";"Eric";"M";"LUG";"L20EAV";"Le 20e est à vous! Avec Eric Pliez et Emmanuel Grégoire L'union de la gauche et des écologistes";"679";"33,78%";"56,82%";"";"35";"8";"DIDIER";"François-Marie";"M";"LUD";"CP20";"CHANGER PARIS 20 AVEC FRANÇOIS-MARIE DIDIER ET RACHIDA DATI";"259";"12,89%";"21,67%";"";"5";"";"";"";"";"";"";"";"";"";"";"";""
"75";"Paris";"75056SR20";"Paris 20eme secteur";"2046";"1721";"1082";"62,87%";"639";"37,13%";"1059";"61,53%";"97,87%";"10";"0,58%";"0,92%";"13";"0,76%";"1,20%";"2";"DE LA ROCHEFOUCAULD";"Sophie";"F";"LFI";"LNPP 20";"LE NOUVEAU PARIS POPULAIRE 20e";"233";"13,54%";"22,00%";"";"5";"5";"PLIEZ";"Eric";"M";"LUG";"L20EAV";"Le 20e est à vous! Avec Eric Pliez et Emmanuel Grégoire L'union de la gauche et des écologistes";"624";"36,26%";"58,92%";"";"35";"8";"DIDIER";"François-Marie";"M";"LUD";"CP20";"CHANGER PARIS 20 AVEC FRANÇOIS-MARIE DIDIER ET RACHIDA DATI";"202";"11,74%";"19,07%";"";"5";"";"";"";"";"";"";"";"";"";"";"";""
"75";"Paris";"75056SR20";"Paris 20eme secteur";"2047";"1700";"992";"58,35%";"708";"41,65%";"972";"57,18%";"97,98%";"9";"0,53%";"0,91%";"11";"0,65%";"1,11%";"2";"DE LA ROCHEFOUCAULD";"Sophie";"F";"LFI";"LNPP 20";"LE NOUVEAU PARIS POPULAIRE 20e";"238";"14,00%";"24,49%";"";"5";"5";"PLIEZ";"Eric";"M";"LUG";"L20EAV";"Le 20e est à vous! Avec Eric Pliez et Emmanuel Grégoire L'union de la gauche et des écologistes";"552";"32,47%";"56,79%";"";"35";"8";"DIDIER";"François-Marie";"M";"LUD";"CP20";"CHANGER PARIS 20 AVEC FRANÇOIS-MARIE DIDIER ET RACHIDA DATI";"182";"10,71%";"18,72%";"";"5";"";"";"";"";"";"";"";"";"";"";"";""
"75";"Paris";"75056SR20";"Paris 20eme secteur";"2048";"1931";"1239";"64,16%";"692";"35,84%";"1226";"63,49%";"98,95%";"5";"0,26%";"0,40%";"8";"0,41%";"0,65%";"2";"DE LA ROCHEFOUCAULD";"Sophie";"F";"LFI";"LNPP 20";"LE NOUVEAU PARIS POPULAIRE 20e";"255";"13,21%";"20,80%";"";"5";"5";"PLIEZ";"Eric";"M";"LUG";"L20EAV";"Le 20e est à vous! Avec Eric Pliez et Emmanuel Grégoire L'union de la gauche et des écologistes";"732";"37,91%";"59,71%";"";"35";"8";"DIDIER";"François-Marie";"M";"LUD";"CP20";"CHANGER PARIS 20 AVEC FRANÇOIS-MARIE DIDIER ET RACHIDA DATI";"239";"12,38%";"19,49%";"";"5";"";"";"";"";"";"";"";"";"";"";"";""
"75";"Paris";"75056SR20";"Paris 20eme secteur";"2049";"2014";"1288";"63,95%";"726";"36,05%";"1269";"63,01%";"98,52%";"10";"0,50%";"0,78%";"9";"0,45%";"0,70%";"2";"DE LA ROCHEFOUCAULD";"Sophie";"F";"LFI";"LNPP 20";"LE NOUVEAU PARIS POPULAIRE 20e";"272";"13,51%";"21,43%";"";"5";"5";"PLIEZ";"Eric";"M";"LUG";"L20EAV";"Le 20e est à vous! Avec Eric Pliez et Emmanuel Grégoire L'union de la gauche et des écologistes";"755";"37,49%";"59,50%";"";"35";"8";"DIDIER";"François-Marie";"M";"LUD";"CP20";"CHANGER PARIS 20 AVEC FRANÇOIS-MARIE DIDIER ET RACHIDA DATI";"242";"12,02%";"19,07%";"";"5";"";"";"";"";"";"";"";"";"";"";"";""
"75";"Paris";"75056SR20";"Paris 20eme secteur";"2050";"1756";"1210";"68,91%";"546";"31,09%";"1189";"67,71%";"98,26%";"10";"0,57%";"0,83%";"11";"0,63%";"0,91%";"2";"DE LA ROCHEFOUCAULD";"Sophie";"F";"LFI";"LNPP 20";"LE NOUVEAU PARIS POPULAIRE 20e";"203";"11,56%";"17,07%";"";"5";"5";"PLIEZ";"Eric";"M";"LUG";"L20EAV";"Le 20e est à vous! Avec Eric Pliez et Emmanuel Grégoire L'union de la gauche et des écologistes";"686";"39,07%";"57,70%";"";"35";"8";"DIDIER";"François-Marie";"M";"LUD";"CP20";"CHANGER PARIS 20 AVEC FRANÇOIS-MARIE DIDIER ET RACHIDA DATI";"300";"17,08%";"25,23%";"";"5";"";"";"";"";"";"";"";"";"";"";"";""
"75";"Paris";"75056SR20";"Paris 20eme secteur";"2051";"1846";"1230";"66,63%";"616";"33,37%";"1199";"64,95%";"97,48%";"16";"0,87%";"1,30%";"15";"0,81%";"1,22%";"2";"DE LA ROCHEFOUCAULD";"Sophie";"F";"LFI";"LNPP 20";"LE NOUVEAU PARIS POPULAIRE 20e";"206";"11,16%";"17,18%";"";"5";"5";"PLIEZ";"Eric";"M";"LUG";"L20EAV";"Le 20e est à vous! Avec Eric Pliez et Emmanuel Grégoire L'union de la gauche et des écologistes";"638";"34,56%";"53,21%";"";"35";"8";"DIDIER";"François-Marie";"M";"LUD";"CP20";"CHANGER PARIS 20 AVEC FRANÇOIS-MARIE DIDIER ET RACHIDA DATI";"355";"19,23%";"29,61%";"";"5";"";"";"";"";"";"";"";"";"";"";"";""
"75";"Paris";"75056SR20";"Paris 20eme secteur";"2052";"1329";"874";"65,76%";"455";"34,24%";"855";"64,33%";"97,83%";"11";"0,83%";"1,26%";"8";"0,60%";"0,92%";"2";"DE LA ROCHEFOUCAULD";"Sophie";"F";"LFI";"LNPP 20";"LE NOUVEAU PARIS POPULAIRE 20e";"185";"13,92%";"21,64%";"";"5";"5";"PLIEZ";"Eric";"M";"LUG";"L20EAV";"Le 20e est à vous! Avec Eric Pliez et Emmanuel Grégoire L'union de la gauche et des écologistes";"427";"32,13%";"49,94%";"";"35";"8";"DIDIER";"François-Marie";"M";"LUD";"CP20";"CHANGER PARIS 20 AVEC FRANÇOIS-MARIE DIDIER ET RACHIDA DATI";"243";"18,28%";"28,42%";"";"5";"";"";"";"";"";"";"";"";"";"";"";""
"75";"Paris";"75056SR20";"Paris 20eme secteur";"2053";"1558";"1052";"67,52%";"506";"32,48%";"1031";"66,17%";"98,00%";"17";"1,09%";"1,62%";"4";"0,26%";"0,38%";"2";"DE LA ROCHEFOUCAULD";"Sophie";"F";"LFI";"LNPP 20";"LE NOUVEAU PARIS POPULAIRE 20e";"184";"11,81%";"17,85%";"";"5";"5";"PLIEZ";"Eric";"M";"LUG";"L20EAV";"Le 20e est à vous! Avec Eric Pliez et Emmanuel Grégoire L'union de la gauche et des écologistes";"552";"35,43%";"53,54%";"";"35";"8";"DIDIER";"François-Marie";"M";"LUD";"CP20";"CHANGER PARIS 20 AVEC FRANÇOIS-MARIE DIDIER ET RACHIDA DATI";"295";"18,93%";"28,61%";"";"5";"";"";"";"";"";"";"";"";"";"";"";""
"75";"Paris";"75056SR20";"Paris 20eme secteur";"2054";"1665";"727";"43,66%";"938";"56,34%";"710";"42,64%";"97,66%";"10";"0,60%";"1,38%";"7";"0,42%";"0,96%";"2";"DE LA ROCHEFOUCAULD";"Sophie";"F";"LFI";"LNPP 20";"LE NOUVEAU PARIS POPULAIRE 20e";"236";"14,17%";"33,24%";"";"5";"5";"PLIEZ";"Eric";"M";"LUG";"L20EAV";"Le 20e est à vous! Avec Eric Pliez et Emmanuel Grégoire L'union de la gauche et des écologistes";"348";"20,90%";"49,01%";"";"35";"8";"DIDIER";"François-Marie";"M";"LUD";"CP20";"CHANGER PARIS 20 AVEC FRANÇOIS-MARIE DIDIER ET RACHIDA DATI";"126";"7,57%";"17,75%";"";"5";"";"";"";"";"";"";"";"";"";"";"";""
"75";"Paris";"75056SR20";"Paris 20eme secteur";"2055";"1423";"629";"44,20%";"794";"55,80%";"594";"41,74%";"94,44%";"12";"0,84%";"1,91%";"23";"1,62%";"3,66%";"2";"DE LA ROCHEFOUCAULD";"Sophie";"F";"LFI";"LNPP 20";"LE NOUVEAU PARIS POPULAIRE 20e";"165";"11,60%";"27,78%";"";"5";"5";"PLIEZ";"Eric";"M";"LUG";"L20EAV";"Le 20e est à vous! Avec Eric Pliez et Emmanuel Grégoire L'union de la gauche et des écologistes";"278";"19,54%";"46,80%";"";"35";"8";"DIDIER";"François-Marie";"M";"LUD";"CP20";"CHANGER PARIS 20 AVEC FRANÇOIS-MARIE DIDIER ET RACHIDA DATI";"151";"10,61%";"25,42%";"";"5";"";"";"";"";"";"";"";"";"";"";"";""
"75";"Paris";"75056SR20";"Paris 20eme secteur";"2056";"1402";"661";"47,15%";"741";"52,85%";"642";"45,79%";"97,13%";"12";"0,86%";"1,82%";"7";"0,50%";"1,06%";"2";"DE LA ROCHEFOUCAULD";"Sophie";"F";"LFI";"LNPP 20";"LE NOUVEAU PARIS POPULAIRE 20e";"120";"8,56%";"18,69%";"";"5";"5";"PLIEZ";"Eric";"M";"LUG";"L20EAV";"Le 20e est à vous! Avec Eric Pliez et Emmanuel Grégoire L'union de la gauche et des écologistes";"321";"22,90%";"50,00%";"";"35";"8";"DIDIER";"François-Marie";"M";"LUD";"CP20";"CHANGER PARIS 20 AVEC FRANÇOIS-MARIE DIDIER ET RACHIDA DATI";"201";"14,34%";"31,31%";"";"5";"";"";"";"";"";"";"";"";"";"";"";""
"75";"Paris";"75056SR20";"Paris 20eme secteur";"2057";"1405";"879";"62,56%";"526";"37,44%";"861";"61,28%";"97,95%";"12";"0,85%";"1,37%";"6";"0,43%";"0,68%";"2";"DE LA ROCHEFOUCAULD";"Sophie";"F";"LFI";"LNPP 20";"LE NOUVEAU PARIS POPULAIRE 20e";"170";"12,10%";"19,74%";"";"5";"5";"PLIEZ";"Eric";"M";"LUG";"L20EAV";"Le 20e est à vous! Avec Eric Pliez et Emmanuel Grégoire L'union de la gauche et des écologistes";"439";"31,25%";"50,99%";"";"35";"8";"DIDIER";"François-Marie";"M";"LUD";"CP20";"CHANGER PARIS 20 AVEC FRANÇOIS-MARIE DIDIER ET RACHIDA DATI";"252";"17,94%";"29,27%";"";"5";"";"";"";"";"";"";"";"";"";"";"";""
"75";"Paris";"75056SR20";"Paris 20eme secteur";"2058";"1775";"1141";"64,28%";"634";"35,72%";"1121";"63,15%";"98,25%";"8";"0,45%";"0,70%";"12";"0,68%";"1,05%";"2";"DE LA ROCHEFOUCAULD";"Sophie";"F";"LFI";"LNPP 20";"LE NOUVEAU PARIS POPULAIRE 20e";"242";"13,63%";"21,59%";"";"5";"5";"PLIEZ";"Eric";"M";"LUG";"L20EAV";"Le 20e est à vous! Avec Eric Pliez et Emmanuel Grégoire L'union de la gauche et des écologistes";"675";"38,03%";"60,21%";"";"35";"8";"DIDIER";"François-Marie";"M";"LUD";"CP20";"CHANGER PARIS 20 AVEC FRANÇOIS-MARIE DIDIER ET RACHIDA DATI";"204";"11,49%";"18,20%";"";"5";"";"";"";"";"";"";"";"";"";"";"";""
"75";"Paris";"75056SR20";"Paris 20eme secteur";"2059";"1839";"1228";"66,78%";"611";"33,22%";"1201";"65,31%";"97,80%";"18";"0,98%";"1,47%";"9";"0,49%";"0,73%";"2";"DE LA ROCHEFOUCAULD";"Sophie";"F";"LFI";"LNPP 20";"LE NOUVEAU PARIS POPULAIRE 20e";"234";"12,72%";"19,48%";"";"5";"5";"PLIEZ";"Eric";"M";"LUG";"L20EAV";"Le 20e est à vous! Avec Eric Pliez et Emmanuel Grégoire L'union de la gauche et des écologistes";"743";"40,40%";"61,87%";"";"35";"8";"DIDIER";"François-Marie";"M";"LUD";"CP20";"CHANGER PARIS 20 AVEC FRANÇOIS-MARIE DIDIER ET RACHIDA DATI";"224";"12,18%";"18,65%";"";"5";"";"";"";"";"";"";"";"";"";"";"";""
"75";"Paris";"75056SR20";"Paris 20eme secteur";"2060";"1414";"956";"67,61%";"458";"32,39%";"936";"66,20%";"97,91%";"12";"0,85%";"1,26%";"8";"0,57%";"0,84%";"2";"DE LA ROCHEFOUCAULD";"Sophie";"F";"LFI";"LNPP 20";"LE NOUVEAU PARIS POPULAIRE 20e";"155";"10,96%";"16,56%";"";"5";"5";"PLIEZ";"Eric";"M";"LUG";"L20EAV";"Le 20e est à vous! Avec Eric Pliez et Emmanuel Grégoire L'union de la gauche et des écologistes";"554";"39,18%";"59,19%";"";"35";"8";"DIDIER";"François-Marie";"M";"LUD";"CP20";"CHANGER PARIS 20 AVEC FRANÇOIS-MARIE DIDIER ET RACHIDA DATI";"227";"16,05%";"24,25%";"";"5";"";"";"";"";"";"";"";"";"";"";"";""
"75";"Paris";"75056SR20";"Paris 20eme secteur";"2061";"1485";"921";"62,02%";"564";"37,98%";"907";"61,08%";"98,48%";"11";"0,74%";"1,19%";"3";"0,20%";"0,33%";"2";"DE LA ROCHEFOUCAULD";"Sophie";"F";"LFI";"LNPP 20";"LE NOUVEAU PARIS POPULAIRE 20e";"239";"16,09%";"26,35%";"";"5";"5";"PLIEZ";"Eric";"M";"LUG";"L20EAV";"Le 20e est à vous! Avec Eric Pliez et Emmanuel Grégoire L'union de la gauche et des écologistes";"494";"33,27%";"54,47%";"";"35";"8";"DIDIER";"François-Marie";"M";"LUD";"CP20";"CHANGER PARIS 20 AVEC FRANÇOIS-MARIE DIDIER ET RACHIDA DATI";"174";"11,72%";"19,18%";"";"5";"";"";"";"";"";"";"";"";"";"";"";""
"75";"Paris";"75056SR20";"Paris 20eme secteur";"2062";"1518";"806";"53,10%";"712";"46,90%";"796";"52,44%";"98,76%";"5";"0,33%";"0,62%";"5";"0,33%";"0,62%";"2";"DE LA ROCHEFOUCAULD";"Sophie";"F";"LFI";"LNPP 20";"LE NOUVEAU PARIS POPULAIRE 20e";"247";"16,27%";"31,03%";"";"5";"5";"PLIEZ";"Eric";"M";"LUG";"L20EAV";"Le 20e est à vous! Avec Eric Pliez et Emmanuel Grégoire L'union de la gauche et des écologistes";"371";"24,44%";"46,61%";"";"35";"8";"DIDIER";"François-Marie";"M";"LUD";"CP20";"CHANGER PARIS 20 AVEC FRANÇOIS-MARIE DIDIER ET RACHIDA DATI";"178";"11,73%";"22,36%";"";"5";"";"";"";"";"";"";"";"";"";"";"";""
"75";"Paris";"75056SR20";"Paris 20eme secteur";"2063";"1557";"711";"45,66%";"846";"54,34%";"694";"44,57%";"97,61%";"7";"0,45%";"0,98%";"10";"0,64%";"1,41%";"2";"DE LA ROCHEFOUCAULD";"Sophie";"F";"LFI";"LNPP 20";"LE NOUVEAU PARIS POPULAIRE 20e";"248";"15,93%";"35,73%";"";"5";"5";"PLIEZ";"Eric";"M";"LUG";"L20EAV";"Le 20e est à vous! Avec Eric Pliez et Emmanuel Grégoire L'union de la gauche et des écologistes";"318";"20,42%";"45,82%";"";"35";"8";"DIDIER";"François-Marie";"M";"LUD";"CP20";"CHANGER PARIS 20 AVEC FRANÇOIS-MARIE DIDIER ET RACHIDA DATI";"128";"8,22%";"18,44%";"";"5";"";"";"";"";"";"";"";"";"";"";"";""
"75";"Paris";"75056SR20";"Paris 20eme secteur";"2064";"1297";"807";"62,22%";"490";"37,78%";"795";"61,30%";"98,51%";"9";"0,69%";"1,12%";"3";"0,23%";"0,37%";"2";"DE LA ROCHEFOUCAULD";"Sophie";"F";"LFI";"LNPP 20";"LE NOUVEAU PARIS POPULAIRE 20e";"143";"11,03%";"17,99%";"";"5";"5";"PLIEZ";"Eric";"M";"LUG";"L20EAV";"Le 20e est à vous! Avec Eric Pliez et Emmanuel Grégoire L'union de la gauche et des écologistes";"478";"36,85%";"60,13%";"";"35";"8";"DIDIER";"François-Marie";"M";"LUD";"CP20";"CHANGER PARIS 20 AVEC FRANÇOIS-MARIE DIDIER ET RACHIDA DATI";"174";"13,42%";"21,89%";"";"5";"";"";"";"";"";"";"";"";"";"";"";""
"75";"Paris";"75056SR20";"Paris 20eme secteur";"2065";"1370";"947";"69,12%";"423";"30,88%";"935";"68,25%";"98,73%";"9";"0,66%";"0,95%";"3";"0,22%";"0,32%";"2";"DE LA ROCHEFOUCAULD";"Sophie";"F";"LFI";"LNPP 20";"LE NOUVEAU PARIS POPULAIRE 20e";"179";"13,07%";"19,14%";"";"5";"5";"PLIEZ";"Eric";"M";"LUG";"L20EAV";"Le 20e est à vous! Avec Eric Pliez et Emmanuel Grégoire L'union de la gauche et des écologistes";"548";"40,00%";"58,61%";"";"35";"8";"DIDIER";"François-Marie";"M";"LUD";"CP20";"CHANGER PARIS 20 AVEC FRANÇOIS-MARIE DIDIER ET RACHIDA DATI";"208";"15,18%";"22,25%";"";"5";"";"";"";"";"";"";"";"";"";"";"";""
"75";"Paris";"75056SR20";"Paris 20eme secteur";"2066";"1268";"839";"66,17%";"429";"33,83%";"827";"65,22%";"98,57%";"9";"0,71%";"1,07%";"3";"0,24%";"0,36%";"2";"DE LA ROCHEFOUCAULD";"Sophie";"F";"LFI";"LNPP 20";"LE NOUVEAU PARIS POPULAIRE 20e";"152";"11,99%";"18,38%";"";"5";"5";"PLIEZ";"Eric";"M";"LUG";"L20EAV";"Le 20e est à vous! Avec Eric Pliez et Emmanuel Grégoire L'union de la gauche et des écologistes";"467";"36,83%";"56,47%";"";"35";"8";"DIDIER";"François-Marie";"M";"LUD";"CP20";"CHANGER PARIS 20 AVEC FRANÇOIS-MARIE DIDIER ET RACHIDA DATI";"208";"16,40%";"25,15%";"";"5";"";"";"";"";"";"";"";"";"";"";"";""
"75";"Paris";"75056SR20";"Paris 20eme secteur";"2067";"1432";"881";"61,52%";"551";"38,48%";"859";"59,99%";"97,50%";"13";"0,91%";"1,48%";"9";"0,63%";"1,02%";"2";"DE LA ROCHEFOUCAULD";"Sophie";"F";"LFI";"LNPP 20";"LE NOUVEAU PARIS POPULAIRE 20e";"226";"15,78%";"26,31%";"";"5";"5";"PLIEZ";"Eric";"M";"LUG";"L20EAV";"Le 20e est à vous! Avec Eric Pliez et Emmanuel Grégoire L'union de la gauche et des écologistes";"468";"32,68%";"54,48%";"";"35";"8";"DIDIER";"François-Marie";"M";"LUD";"CP20";"CHANGER PARIS 20 AVEC FRANÇOIS-MARIE DIDIER ET RACHIDA DATI";"165";"11,52%";"19,21%";"";"5";"";"";"";"";"";"";"";"";"";"";"";""
"75";"Paris";"75056SR20";"Paris 20eme secteur";"2068";"1626";"949";"58,36%";"677";"41,64%";"933";"57,38%";"98,31%";"7";"0,43%";"0,74%";"9";"0,55%";"0,95%";"2";"DE LA ROCHEFOUCAULD";"Sophie";"F";"LFI";"LNPP 20";"LE NOUVEAU PARIS POPULAIRE 20e";"299";"18,39%";"32,05%";"";"5";"5";"PLIEZ";"Eric";"M";"LUG";"L20EAV";"Le 20e est à vous! Avec Eric Pliez et Emmanuel Grégoire L'union de la gauche et des écologistes";"493";"30,32%";"52,84%";"";"35";"8";"DIDIER";"François-Marie";"M";"LUD";"CP20";"CHANGER PARIS 20 AVEC FRANÇOIS-MARIE DIDIER ET RACHIDA DATI";"141";"8,67%";"15,11%";"";"5";"";"";"";"";"";"";"";"";"";"";"";""
"75";"Paris";"75056SR20";"Paris 20eme secteur";"2069";"1617";"958";"59,25%";"659";"40,75%";"945";"58,44%";"98,64%";"6";"0,37%";"0,63%";"7";"0,43%";"0,73%";"2";"DE LA ROCHEFOUCAULD";"Sophie";"F";"LFI";"LNPP 20";"LE NOUVEAU PARIS POPULAIRE 20e";"278";"17,19%";"29,42%";"";"5";"5";"PLIEZ";"Eric";"M";"LUG";"L20EAV";"Le 20e est à vous! Avec Eric Pliez et Emmanuel Grégoire L'union de la gauche et des écologistes";"523";"32,34%";"55,34%";"";"35";"8";"DIDIER";"François-Marie";"M";"LUD";"CP20";"CHANGER PARIS 20 AVEC FRANÇOIS-MARIE DIDIER ET RACHIDA DATI";"144";"8,91%";"15,24%";"";"5";"";"";"";"";"";"";"";"";"";"";"";""
"75";"Paris";"75056SR20";"Paris 20eme secteur";"2070";"1822";"1127";"61,86%";"695";"38,14%";"1105";"60,65%";"98,05%";"15";"0,82%";"1,33%";"7";"0,38%";"0,62%";"2";"DE LA ROCHEFOUCAULD";"Sophie";"F";"LFI";"LNPP 20";"LE NOUVEAU PARIS POPULAIRE 20e";"271";"14,87%";"24,52%";"";"5";"5";"PLIEZ";"Eric";"M";"LUG";"L20EAV";"Le 20e est à vous! Avec Eric Pliez et Emmanuel Grégoire L'union de la gauche et des écologistes";"662";"36,33%";"59,91%";"";"35";"8";"DIDIER";"François-Marie";"M";"LUD";"CP20";"CHANGER PARIS 20 AVEC FRANÇOIS-MARIE DIDIER ET RACHIDA DATI";"172";"9,44%";"15,57%";"";"5";"";"";"";"";"";"";"";"";"";"";"";""
"75";"Paris";"75056SR20";"Paris 20eme secteur";"2071";"1811";"1124";"62,07%";"687";"37,93%";"1113";"61,46%";"99,02%";"8";"0,44%";"0,71%";"3";"0,17%";"0,27%";"2";"DE LA ROCHEFOUCAULD";"Sophie";"F";"LFI";"LNPP 20";"LE NOUVEAU PARIS POPULAIRE 20e";"320";"17,67%";"28,75%";"";"5";"5";"PLIEZ";"Eric";"M";"LUG";"L20EAV";"Le 20e est à vous! Avec Eric Pliez et Emmanuel Grégoire L'union de la gauche et des écologistes";"639";"35,28%";"57,41%";"";"35";"8";"DIDIER";"François-Marie";"M";"LUD";"CP20";"CHANGER PARIS 20 AVEC FRANÇOIS-MARIE DIDIER ET RACHIDA DATI";"154";"8,50%";"13,84%";"";"5";"";"";"";"";"";"";"";"";"";"";"";""
"75";"Paris";"75056SR20";"Paris 20eme secteur";"2072";"1789";"984";"55,00%";"805";"45,00%";"970";"54,22%";"98,58%";"12";"0,67%";"1,22%";"2";"0,11%";"0,20%";"2";"DE LA ROCHEFOUCAULD";"Sophie";"F";"LFI";"LNPP 20";"LE NOUVEAU PARIS POPULAIRE 20e";"324";"18,11%";"33,40%";"";"5";"5";"PLIEZ";"Eric";"M";"LUG";"L20EAV";"Le 20e est à vous! Avec Eric Pliez et Emmanuel Grégoire L'union de la gauche et des écologistes";"499";"27,89%";"51,44%";"";"35";"8";"DIDIER";"François-Marie";"M";"LUD";"CP20";"CHANGER PARIS 20 AVEC FRANÇOIS-MARIE DIDIER ET RACHIDA DATI";"147";"8,22%";"15,15%";"";"5";"";"";"";"";"";"";"";"";"";"";"";""
"75";"Paris";"75056SR20";"Paris 20eme secteur";"2073";"1806";"1163";"64,40%";"643";"35,60%";"1145";"63,40%";"98,45%";"11";"0,61%";"0,95%";"7";"0,39%";"0,60%";"2";"DE LA ROCHEFOUCAULD";"Sophie";"F";"LFI";"LNPP 20";"LE NOUVEAU PARIS POPULAIRE 20e";"295";"16,33%";"25,76%";"";"5";"5";"PLIEZ";"Eric";"M";"LUG";"L20EAV";"Le 20e est à vous! Avec Eric Pliez et Emmanuel Grégoire L'union de la gauche et des écologistes";"680";"37,65%";"59,39%";"";"35";"8";"DIDIER";"François-Marie";"M";"LUD";"CP20";"CHANGER PARIS 20 AVEC FRANÇOIS-MARIE DIDIER ET RACHIDA DATI";"170";"9,41%";"14,85%";"";"5";"";"";"";"";"";"";"";"";"";"";"";""
"75";"Paris";"75056SR20";"Paris 20eme secteur";"2074";"1816";"1237";"68,12%";"579";"31,88%";"1222";"67,29%";"98,79%";"8";"0,44%";"0,65%";"7";"0,39%";"0,57%";"2";"DE LA ROCHEFOUCAULD";"Sophie";"F";"LFI";"LNPP 20";"LE NOUVEAU PARIS POPULAIRE 20e";"351";"19,33%";"28,72%";"";"5";"5";"PLIEZ";"Eric";"M";"LUG";"L20EAV";"Le 20e est à vous! Avec Eric Pliez et Emmanuel Grégoire L'union de la gauche et des écologistes";"699";"38,49%";"57,20%";"";"35";"8";"DIDIER";"François-Marie";"M";"LUD";"CP20";"CHANGER PARIS 20 AVEC FRANÇOIS-MARIE DIDIER ET RACHIDA DATI";"172";"9,47%";"14,08%";"";"5";"";"";"";"";"";"";"";"";"";"";"";""
"75";"Paris";"75056SR20";"Paris 20eme secteur";"2075";"1899";"950";"50,03%";"949";"49,97%";"930";"48,97%";"97,89%";"9";"0,47%";"0,95%";"11";"0,58%";"1,16%";"2";"DE LA ROCHEFOUCAULD";"Sophie";"F";"LFI";"LNPP 20";"LE NOUVEAU PARIS POPULAIRE 20e";"350";"18,43%";"37,63%";"";"5";"5";"PLIEZ";"Eric";"M";"LUG";"L20EAV";"Le 20e est à vous! Avec Eric Pliez et Emmanuel Grégoire L'union de la gauche et des écologistes";"421";"22,17%";"45,27%";"";"35";"8";"DIDIER";"François-Marie";"M";"LUD";"CP20";"CHANGER PARIS 20 AVEC FRANÇOIS-MARIE DIDIER ET RACHIDA DATI";"159";"8,37%";"17,10%";"";"5";"";"";"";"";"";"";"";"";"";"";"";""
"75";"Paris";"75056SR20";"Paris 20eme secteur";"2076";"2196";"1171";"53,32%";"1025";"46,68%";"1156";"52,64%";"98,72%";"9";"0,41%";"0,77%";"6";"0,27%";"0,51%";"2";"DE LA ROCHEFOUCAULD";"Sophie";"F";"LFI";"LNPP 20";"LE NOUVEAU PARIS POPULAIRE 20e";"371";"16,89%";"32,09%";"";"5";"5";"PLIEZ";"Eric";"M";"LUG";"L20EAV";"Le 20e est à vous! Avec Eric Pliez et Emmanuel Grégoire L'union de la gauche et des écologistes";"652";"29,69%";"56,40%";"";"35";"8";"DIDIER";"François-Marie";"M";"LUD";"CP20";"CHANGER PARIS 20 AVEC FRANÇOIS-MARIE DIDIER ET RACHIDA DATI";"133";"6,06%";"11,51%";"";"5";"";"";"";"";"";"";"";"";"";"";"";""
